pump_age,water_tech,water_source,management,district,target,risk_score,risk_pct,#lat_deg,#lon_deg,#water_point_name,#adm2
8.0,#indicator+water_tech,#indicator+water_source,#indicator+management,#adm2+name,0,0.6942713453257372,69.4,#geo+lat,#geo+lon,#country+name,#adm2+name
8.0,Public Tapstand,unknown,unknown,Kicukiro,1,0.7232419717831573,72.3,-1.981402606,30.08347677,Rwanda,Kicukiro
8.0,Public Tapstand,unknown,unknown,Kicukiro,1,0.7232419717831573,72.3,-2.04139572,30.11337565,Rwanda,Kicukiro
8.0,Public Tapstand,unknown,unknown,Rulindo,1,0.6088340195620978,60.9,-1.75814324,29.93417419,Rwanda,Rulindo
8.0,Public Tapstand,unknown,unknown,Rulindo,1,0.6088340195620978,60.9,-1.7008794,29.94423625,Rwanda,Rulindo
8.0,Public Tapstand,unknown,unknown,Rulindo,1,0.6088340195620978,60.9,-1.66621084,29.88553958,Rwanda,Rulindo
8.0,Public Tapstand,unknown,unknown,Rulindo,1,0.6088340195620978,60.9,-1.6819505,29.94578863,Rwanda,Rulindo
8.0,Public Tapstand,unknown,unknown,Rulindo,1,0.6088340195620978,60.9,-1.646282147,29.95204755,Rwanda,Rulindo
8.0,Public Tapstand,unknown,unknown,Kicukiro,1,0.7232419717831573,72.3,-1.973193903,30.0796905,Rwanda,Kicukiro
8.0,Public Tapstand,unknown,unknown,Kicukiro,1,0.7232419717831573,72.3,-1.969377818,30.09880616,Rwanda,Kicukiro
8.0,Public Tapstand,unknown,unknown,Kicukiro,1,0.7232419717831573,72.3,-1.998114809,30.19468472,Rwanda,Kicukiro
5.0,Public Tapstand,unknown,unknown,Rulindo,1,0.42941536887925813,42.9,-1.8107318,30.00464977,Rwanda,Rulindo
8.0,Public Tapstand,unknown,unknown,Rulindo,1,0.6088340195620978,60.9,-1.81100252,30.07369083,Rwanda,Rulindo
8.0,Public Tapstand,unknown,unknown,Rulindo,1,0.6088340195620978,60.9,-1.800440164,30.12356696,Rwanda,Rulindo
5.0,Public Tapstand,unknown,unknown,Gicumbi,1,0.5911085120721807,59.1,-1.8245826400000063,30.260968269999996,Rwanda,Gicumbi
5.0,Public Tapstand,unknown,unknown,Gicumbi,1,0.5911085120721807,59.1,-1.7859776999999966,30.1594329,Rwanda,Gicumbi
5.0,Public Tapstand,unknown,unknown,Gicumbi,1,0.5911085120721807,59.1,-1.7760586999999994,30.18025320000001,Rwanda,Gicumbi
5.0,Public Tapstand,unknown,unknown,Rulindo,1,0.42941536887925813,42.9,-1.715072300000006,29.930673200000005,Rwanda,Rulindo
5.0,Public Tapstand,unknown,unknown,Rulindo,1,0.42941536887925813,42.9,-1.7348275999999967,30.0339835,Rwanda,Rulindo
5.0,Public Tapstand,unknown,unknown,Rulindo,1,0.42941536887925813,42.9,-1.7021092300000071,30.028820850000013,Rwanda,Rulindo
8.0,Public Tapstand,unknown,unknown,Rulindo,1,0.6088340195620978,60.9,-1.7449451,30.06378557,Rwanda,Rulindo
5.0,Public Tapstand,unknown,unknown,Rulindo,1,0.42941536887925813,42.9,-1.6943382600000143,30.011843209999984,Rwanda,Rulindo
5.0,Public Tapstand,unknown,unknown,Gicumbi,1,0.5911085120721807,59.1,-1.6476081000000171,30.01253060000001,Rwanda,Gicumbi
5.0,Public Tapstand,unknown,unknown,Gicumbi,1,0.5911085120721807,59.1,-1.6122860000000077,30.133212499999996,Rwanda,Gicumbi
8.0,Public Tapstand,unknown,unknown,Gicumbi,1,0.6553695175834133,65.5,-1.49188538,30.00387107,Rwanda,Gicumbi
5.0,Public Tapstand,unknown,unknown,Rulindo,0,0.42941536887925813,42.9,-1.8535450999999943,29.97110590000002,Rwanda,Rulindo
5.0,Public Tapstand,unknown,unknown,Kicukiro,1,0.4091365696229732,40.9,-2.0565447000000083,30.207043400000007,Rwanda,Kicukiro
5.0,Public Tapstand,unknown,unknown,Kicukiro,1,0.4091365696229732,40.9,-2.0083091000000186,30.078537799999978,Rwanda,Kicukiro
26.0,Public Tapstand,Piped Water,unknown,Kicukiro,1,0.8466432596655176,84.7,-2.027131666666667,30.11662666666667,Rwanda,Kicukiro
8.0,Public Tapstand,unknown,unknown,Kicukiro,1,0.7232419717831573,72.3,-2.00309165,30.19083407,Rwanda,Kicukiro
5.0,Public Tapstand,unknown,unknown,Rulindo,1,0.42941536887925813,42.9,-1.9054313000000016,29.98577240000001,Rwanda,Rulindo
8.0,Public Tapstand,unknown,unknown,Rulindo,1,0.6088340195620978,60.9,-1.82648297,29.98200028,Rwanda,Rulindo
5.0,Public Tapstand,unknown,unknown,Rulindo,1,0.42941536887925813,42.9,-1.7370892000000182,29.938543599999996,Rwanda,Rulindo
8.0,Public Tapstand,unknown,unknown,Rulindo,1,0.6088340195620978,60.9,-1.72417613,29.95975829,Rwanda,Rulindo
5.0,Public Tapstand,unknown,unknown,Rulindo,1,0.42941536887925813,42.9,-1.683002100000008,29.93984660000001,Rwanda,Rulindo
8.0,Public Tapstand,unknown,unknown,Rulindo,1,0.6088340195620978,60.9,-1.65471615,29.90632088,Rwanda,Rulindo
8.0,Public Tapstand,unknown,unknown,Rulindo,1,0.6088340195620978,60.9,-1.666613625,29.96844698,Rwanda,Rulindo
5.0,Public Tapstand,unknown,unknown,Kicukiro,1,0.4091365696229732,40.9,-2.0424124300000095,30.114010980000003,Rwanda,Kicukiro
5.0,Public Tapstand,unknown,unknown,Kicukiro,1,0.4091365696229732,40.9,-2.003921400000002,30.178719699999988,Rwanda,Kicukiro
5.0,Public Tapstand,unknown,unknown,Kicukiro,1,0.4091365696229732,40.9,-2.0215351000000132,30.219484900000005,Rwanda,Kicukiro
13.0,Public Tapstand,Piped Water,unknown,Rulindo,1,0.1878255253021136,18.8,-1.9023433,29.96816666,Rwanda,Rulindo
8.0,Public Tapstand,unknown,unknown,Rulindo,1,0.6088340195620978,60.9,-1.83562068,29.93061171,Rwanda,Rulindo
5.0,Public Tapstand,unknown,unknown,Kicukiro,1,0.4091365696229732,40.9,-1.9947659000000089,30.06006295000001,Rwanda,Kicukiro
8.0,Public Tapstand,unknown,unknown,Kicukiro,1,0.7232419717831573,72.3,-1.985613388,30.08280987,Rwanda,Kicukiro
8.0,Public Tapstand,unknown,unknown,Rulindo,1,0.6088340195620978,60.9,-1.76825308,29.94113119,Rwanda,Rulindo
8.0,Public Tapstand,unknown,unknown,Rulindo,1,0.6088340195620978,60.9,-1.78374098,29.97387636,Rwanda,Rulindo
8.0,Public Tapstand,unknown,unknown,Rulindo,1,0.6088340195620978,60.9,-1.74765197,29.92415349,Rwanda,Rulindo
36.0,Public Tapstand,Piped Water,unknown,Kicukiro,1,0.5961685576550249,59.6,-1.9635833333333332,30.075233333333337,Rwanda,Kicukiro
8.0,Public Tapstand,unknown,unknown,Rulindo,1,0.6088340195620978,60.9,-1.72872357,29.93336721,Rwanda,Rulindo
5.0,Public Tapstand,unknown,unknown,Rulindo,1,0.42941536887925813,42.9,-1.7072037000000149,29.941710000000015,Rwanda,Rulindo
8.0,Public Tapstand,unknown,unknown,Rulindo,1,0.6088340195620978,60.9,-1.65033104,29.88289289,Rwanda,Rulindo
5.0,Public Tapstand,unknown,unknown,Kicukiro,1,0.4091365696229732,40.9,-1.9980892999999973,30.1950485,Rwanda,Kicukiro
8.0,Public Tapstand,unknown,unknown,Rulindo,1,0.6088340195620978,60.9,-1.668847001,29.9588779,Rwanda,Rulindo
8.0,Public Tapstand,unknown,unknown,Rulindo,1,0.6088340195620978,60.9,-1.63105886,29.89391109,Rwanda,Rulindo
8.0,Public Tapstand,unknown,unknown,Kicukiro,1,0.7232419717831573,72.3,-1.996299792,30.21837687,Rwanda,Kicukiro
5.0,Public Tapstand,unknown,unknown,Rulindo,1,0.42941536887925813,42.9,-1.6483014000000156,29.915187999999997,Rwanda,Rulindo
5.0,Public Tapstand,unknown,unknown,Kicukiro,1,0.4091365696229732,40.9,-1.985929500000015,30.22200270000001,Rwanda,Kicukiro
5.0,Public Tapstand,unknown,unknown,Rulindo,1,0.42941536887925813,42.9,-1.6445944000000012,29.9731953,Rwanda,Rulindo
8.0,Public Tapstand,unknown,unknown,Rulindo,1,0.6088340195620978,60.9,-1.809846171,30.09878146,Rwanda,Rulindo
8.0,Public Tapstand,unknown,unknown,Rulindo,1,0.6088340195620978,60.9,-1.774627639,30.09129623,Rwanda,Rulindo
8.0,Public Tapstand,unknown,unknown,Kicukiro,1,0.7232419717831573,72.3,-1.97756402,30.07980008,Rwanda,Kicukiro
5.0,Public Tapstand,unknown,unknown,Gicumbi,1,0.5911085120721807,59.1,-1.7624623599999945,30.23014256000001,Rwanda,Gicumbi
8.0,Public Tapstand,unknown,unknown,Kicukiro,1,0.7232419717831573,72.3,-1.980631541,30.11264564,Rwanda,Kicukiro
8.0,Public Tapstand,unknown,unknown,Rulindo,1,0.6088340195620978,60.9,-1.699988853,30.00782327,Rwanda,Rulindo
19.0,Public Tapstand,Piped Water,unknown,Kicukiro,1,0.8404109684048311,84.0,-1.9616874749343425,30.116091939211977,Rwanda,Kicukiro
8.0,Public Tapstand,unknown,unknown,Rulindo,1,0.6088340195620978,60.9,-1.66006401,30.00575482,Rwanda,Rulindo
5.0,Public Tapstand,unknown,unknown,Gicumbi,1,0.5911085120721807,59.1,-1.6706375099999944,30.090101140000005,Rwanda,Gicumbi
8.0,Public Tapstand,unknown,unknown,Gicumbi,1,0.6553695175834133,65.5,-1.642296152,30.01112787,Rwanda,Gicumbi
5.0,Public Tapstand,unknown,unknown,Rulindo,1,0.42941536887925813,42.9,-1.634697780000004,30.040094720000003,Rwanda,Rulindo
8.0,Public Tapstand,unknown,unknown,Rulindo,1,0.6088340195620978,60.9,-1.83634317,30.03590515,Rwanda,Rulindo
8.0,Public Tapstand,unknown,unknown,Gicumbi,1,0.6553695175834133,65.5,-1.57712965,30.074883,Rwanda,Gicumbi
8.0,Public Tapstand,unknown,unknown,Gicumbi,1,0.6553695175834133,65.5,-1.745066252,30.10183774,Rwanda,Gicumbi
15.0,Public Tapstand,Piped Water,unknown,Kicukiro,0,0.8515596146646788,85.2,-2.0366498612049666,30.111568644366137,Rwanda,Kicukiro
8.0,Public Tapstand,unknown,unknown,Gicumbi,1,0.6553695175834133,65.5,-1.707997772,30.2596204,Rwanda,Gicumbi
8.0,Public Tapstand,unknown,unknown,Gicumbi,1,0.6553695175834133,65.5,-1.656409299,30.12423913,Rwanda,Gicumbi
8.0,Public Tapstand,unknown,unknown,Gicumbi,1,0.6553695175834133,65.5,-1.654938308,30.20026857,Rwanda,Gicumbi
5.0,Public Tapstand,unknown,unknown,Rulindo,1,0.42941536887925813,42.9,-1.6439421200000144,30.024677860000004,Rwanda,Rulindo
5.0,Public Tapstand,unknown,unknown,Gicumbi,1,0.5911085120721807,59.1,-1.6424792000000141,30.001783600000007,Rwanda,Gicumbi
5.0,Public Tapstand,unknown,unknown,Gicumbi,1,0.5911085120721807,59.1,-1.6266083000000167,30.0049191,Rwanda,Gicumbi
8.0,Public Tapstand,unknown,unknown,Gicumbi,1,0.6553695175834133,65.5,-1.643321102,30.12975571,Rwanda,Gicumbi
8.0,Public Tapstand,unknown,unknown,Gicumbi,0,0.6553695175834133,65.5,-1.597282752,29.94921177,Rwanda,Gicumbi
8.0,Public Tapstand,unknown,unknown,Gicumbi,0,0.6553695175834133,65.5,-1.466358736,29.99322035,Rwanda,Gicumbi
8.0,Public Tapstand,unknown,unknown,Gicumbi,1,0.6553695175834133,65.5,-1.58766917,30.07539536,Rwanda,Gicumbi
5.0,Public Tapstand,unknown,unknown,Gicumbi,1,0.5911085120721807,59.1,-1.5802526800000158,30.069482230000006,Rwanda,Gicumbi
26.0,Public Tapstand,Piped Water,unknown,Kicukiro,0,0.8466432596655176,84.7,-1.9813051756154032,30.075497274954586,Rwanda,Kicukiro
13.0,Public Tapstand,Piped Water,unknown,Kicukiro,0,0.8353606985038643,83.5,-1.9817966666666669,30.080895,Rwanda,Kicukiro
25.0,Kiosk,Piped Water,unknown,Kicukiro,0,0.879479351358001,87.9,-1.9732416666666666,30.079605,Rwanda,Kicukiro
8.0,Public Tapstand,unknown,unknown,Gicumbi,1,0.6553695175834133,65.5,-1.459076384,30.0519966,Rwanda,Gicumbi
8.0,Public Tapstand,unknown,unknown,Kicukiro,0,0.7232419717831573,72.3,-1.97229675,30.13885488,Rwanda,Kicukiro
11.0,Public Tapstand,Piped Water,unknown,Kicukiro,0,0.8242188865255408,82.4,-2.0278750000000003,30.125661666666662,Rwanda,Kicukiro
16.0,Kiosk,Piped Water,unknown,Kicukiro,0,0.8052851566542925,80.5,-1.9827516666666667,30.158955,Rwanda,Kicukiro
8.0,Public Tapstand,unknown,unknown,Rulindo,0,0.6088340195620978,60.9,-1.668765809,29.95875926,Rwanda,Rulindo
13.0,Public Tapstand,Piped Water,unknown,Kicukiro,0,0.8353606985038643,83.5,-1.9953566666666664,30.076281666666667,Rwanda,Kicukiro
5.0,Public Tapstand,unknown,unknown,Gicumbi,0,0.5911085120721807,59.1,-1.6675357000000068,30.142298899999993,Rwanda,Gicumbi
8.0,Public Tapstand,unknown,unknown,Rulindo,0,0.6088340195620978,60.9,-1.614391463,30.02458617,Rwanda,Rulindo
8.0,Public Tapstand,unknown,unknown,Gicumbi,0,0.6553695175834133,65.5,-1.646578403,30.13948102,Rwanda,Gicumbi
8.0,Public Tapstand,unknown,unknown,Gicumbi,0,0.6553695175834133,65.5,-1.538446262,30.14385517,Rwanda,Gicumbi
8.0,Public Tapstand,unknown,unknown,Gicumbi,0,0.6553695175834133,65.5,-1.464980501,30.05335198,Rwanda,Gicumbi
5.0,Public Tapstand,unknown,unknown,Gicumbi,0,0.5911085120721807,59.1,-1.7090297000000085,30.196517199999988,Rwanda,Gicumbi
8.0,Public Tapstand,unknown,unknown,Gicumbi,0,0.6553695175834133,65.5,-1.647626257,30.0127329,Rwanda,Gicumbi
12.0,Hand Pump - India Mark,Borehole/Tubewell,unknown,Ruhango,1,0.004445887436635654,0.4,-2.160833333,29.8618,Rwanda,Ruhango
7.0,unknown,Protected Well,unknown,Bugesera,1,0.00314843892803085,0.3,-2.333309,30.051953,Rwanda,Bugesera
8.0,unknown,Rainwater Harvesting,unknown,Kicukiro,1,0.381386075365046,38.1,-2.018905436,30.07445165,Rwanda,Kicukiro
5.0,Public Tapstand,Protected Well,unknown,Kicukiro,1,0.020025615323831736,2.0,-2.0241252699999985,30.1137703,Rwanda,Kicukiro
43.0,unknown,Protected Well,unknown,Rulindo,1,0.08720836434409895,8.7,-1.8875283333333335,29.957903333333334,Rwanda,Rulindo
5.0,Public Tapstand,Protected Well,unknown,Rulindo,1,0.4668699370214914,46.7,-1.8041820900000152,29.983082179999997,Rwanda,Rulindo
29.0,unknown,Protected Well,unknown,Rulindo,1,0.04084628142368707,4.1,-1.791427222222222,29.945181944444446,Rwanda,Rulindo
12.0,unknown,Protected Well,Community Management,Rulindo,1,0.0401104904020112,4.0,-1.7578594528312574,29.9341885892748,Rwanda,Rulindo
8.0,unknown,Borehole/Tubewell,unknown,Ruhango,1,0.5254922320723927,52.5,-2.1332188,29.8948488,Rwanda,Ruhango
14.0,unknown,Protected Well,unknown,Rulindo,1,0.10121371872576501,10.1,-1.7643630555555556,29.96091472222222,Rwanda,Rulindo
28.0,unknown,Protected Well,unknown,Rulindo,1,0.08387280796021801,8.4,-1.747280546499952,29.91035957456895,Rwanda,Rulindo
40.0,unknown,Protected Well,unknown,Rulindo,1,0.416523601541422,41.7,-1.7262133333333334,29.925964999999998,Rwanda,Rulindo
5.0,Public Tapstand,unknown,unknown,Rulindo,1,0.42941536887925813,42.9,-1.6707761000000108,29.94361969999999,Rwanda,Rulindo
30.0,unknown,Protected Well,unknown,Rulindo,1,0.03848969929514989,3.8,-1.6822102777777777,29.942146944444445,Rwanda,Rulindo
44.0,unknown,Protected Well,unknown,Rulindo,1,0.14916156994134644,14.9,-1.6746063888888887,29.987205555555555,Rwanda,Rulindo
16.0,unknown,Protected Well,unknown,Rulindo,1,0.08064445061676606,8.1,-1.7129975,29.918359722222224,Rwanda,Rulindo
29.0,unknown,Protected Well,unknown,Rulindo,1,0.04084628142368707,4.1,-1.6463933333333336,29.915448333333334,Rwanda,Rulindo
26.0,unknown,Protected Well,unknown,Rulindo,1,0.15391247184019097,15.4,-1.6445352777777777,29.947757777777777,Rwanda,Rulindo
26.0,unknown,Protected Well,Community Management,Rulindo,1,0.41011051088794825,41.0,-1.6330916666666666,29.90185,Rwanda,Rulindo
8.0,Public Tapstand,unknown,unknown,Rulindo,1,0.6088340195620978,60.9,-1.84248416,29.9875148,Rwanda,Rulindo
8.0,unknown,Protected Well,unknown,Gicumbi,1,0.2297284038152635,23.0,-1.588545008,29.99022513,Rwanda,Gicumbi
8.0,unknown,Rainwater Harvesting,unknown,Kicukiro,1,0.381386075365046,38.1,-1.988630559,30.08340755,Rwanda,Kicukiro
8.0,Hand Pump - Afridev,Protected Well,unknown,Kicukiro,1,0.524852267887464,52.5,-1.985736618,30.08372043,Rwanda,Kicukiro
8.0,unknown,Protected Well,unknown,Kicukiro,1,0.4930239632249813,49.3,-1.967731731,30.07089341,Rwanda,Kicukiro
13.0,Hand Pump - Afridev,Borehole/Tubewell,unknown,Rwamagana,1,0.0023199624677457953,0.2,-1.95635,30.2434,Rwanda,Rwamagana
86.0,unknown,Protected Well,unknown,Rulindo,1,0.008937167408904712,0.9,-1.6739916666666668,29.958440000000003,Rwanda,Rulindo
28.0,unknown,Protected Well,unknown,Rulindo,1,0.08387280796021801,8.4,-1.8067125,30.02945111111111,Rwanda,Rulindo
18.0,Hand Pump,Sand or Sub-surface Dam,Private Operator/Delegated Management,Rulindo,1,0.10269639173511635,10.3,-1.8152916666666667,30.060401944444447,Rwanda,Rulindo
5.0,unknown,Protected Well,unknown,Rulindo,1,0.008564511579654988,0.9,-1.8189379000000025,30.115083800000015,Rwanda,Rulindo
23.0,unknown,Protected Well,unknown,Rulindo,1,0.1487144157836966,14.9,-1.8001105555555557,30.104656666666667,Rwanda,Rulindo
8.0,unknown,Protected Well,unknown,Rulindo,1,0.3717300062976705,37.2,-1.776925026,30.07967523,Rwanda,Rulindo
8.0,unknown,Protected Well,unknown,Burera,1,0.026333864879949043,2.6,-1.47844,29.98073167,Rwanda,Burera
8.0,Hand Pump,Sand or Sub-surface Dam,Private Operator/Delegated Management,Gicumbi,1,0.008014484946845868,0.8,-1.78169231,30.17385334,Rwanda,Gicumbi
5.0,Public Tapstand,unknown,unknown,Rulindo,1,0.42941536887925813,42.9,-1.7806329000000025,29.92237179999999,Rwanda,Rulindo
8.0,unknown,Protected Well,unknown,Gicumbi,1,0.2297284038152635,23.0,-1.774244461,30.22390786,Rwanda,Gicumbi
23.0,unknown,Protected Well,unknown,Rulindo,1,0.1487144157836966,14.9,-1.8635375,30.029968888888888,Rwanda,Rulindo
8.0,unknown,Protected Well,unknown,Rulindo,1,0.3717300062976705,37.2,-1.826211292,30.03362192,Rwanda,Rulindo
5.0,unknown,Protected Well,unknown,Gicumbi,1,0.022444888892706905,2.2,-1.733321099999994,30.09254770000001,Rwanda,Gicumbi
5.0,unknown,Protected Well,unknown,Gicumbi,1,0.022444888892706905,2.2,-1.717385099999996,30.085369999999998,Rwanda,Gicumbi
5.0,Public Tapstand,unknown,unknown,Rulindo,1,0.42941536887925813,42.9,-1.7360815000000083,29.964585499999995,Rwanda,Rulindo
8.0,unknown,Protected Well,unknown,Gicumbi,1,0.2297284038152635,23.0,-1.737507213,30.17281846,Rwanda,Gicumbi
8.0,Public Tapstand,unknown,unknown,Rulindo,1,0.6088340195620978,60.9,-1.858367215,29.9337436,Rwanda,Rulindo
12.0,Hand Pump - India Mark,Borehole/Tubewell,unknown,Gatsibo,1,0.6330738677879628,63.3,-1.727,30.393,Rwanda,Gatsibo
30.0,unknown,Protected Well,unknown,Rulindo,1,0.03848969929514989,3.8,-1.7705366666666666,30.05596666666667,Rwanda,Rulindo
8.0,unknown,Protected Well,unknown,Gicumbi,1,0.2297284038152635,23.0,-1.693349673,30.0761766,Rwanda,Gicumbi
8.0,unknown,Protected Well,unknown,Gicumbi,1,0.2297284038152635,23.0,-1.66516,30.06032833,Rwanda,Gicumbi
8.0,unknown,Protected Well,unknown,Gicumbi,1,0.2297284038152635,23.0,-1.663534608,30.08102348,Rwanda,Gicumbi
5.0,unknown,Protected Well,unknown,Gicumbi,1,0.022444888892706905,2.2,-1.6964372400000167,30.149587220000008,Rwanda,Gicumbi
8.0,unknown,Protected Well,unknown,Gicumbi,1,0.2297284038152635,23.0,-1.774683354,30.22576629,Rwanda,Gicumbi
8.0,unknown,Protected Well,unknown,Gicumbi,1,0.2297284038152635,23.0,-1.756081264,30.2206397,Rwanda,Gicumbi
5.0,Public Tapstand,unknown,unknown,Kicukiro,1,0.4091365696229732,40.9,-1.9977168,30.0925107,Rwanda,Kicukiro
8.0,unknown,Protected Well,unknown,Gicumbi,1,0.2297284038152635,23.0,-1.674958275,30.15797327,Rwanda,Gicumbi
5.0,unknown,Protected Well,unknown,Gicumbi,1,0.022444888892706905,2.2,-1.7245320000000142,30.083642499999993,Rwanda,Gicumbi
12.0,Hand Pump,Sand or Sub-surface Dam,Private Operator/Delegated Management,Rulindo,1,0.7183694442361668,71.8,-1.6779849999999998,30.044967222222223,Rwanda,Rulindo
8.0,unknown,Protected Well,unknown,Gicumbi,1,0.2297284038152635,23.0,-1.61302644,30.08781954,Rwanda,Gicumbi
8.0,unknown,Protected Well,unknown,Gicumbi,1,0.2297284038152635,23.0,-1.603268072,30.09391518,Rwanda,Gicumbi
8.0,unknown,Protected Well,unknown,Gicumbi,1,0.2297284038152635,23.0,-1.651270453,30.08264983,Rwanda,Gicumbi
8.0,unknown,Protected Well,unknown,Gicumbi,1,0.2297284038152635,23.0,-1.688121371,30.10869793,Rwanda,Gicumbi
8.0,Public Tapstand,unknown,unknown,Rulindo,1,0.6088340195620978,60.9,-1.853841873,29.97783045,Rwanda,Rulindo
8.0,unknown,Protected Well,unknown,Gicumbi,1,0.2297284038152635,23.0,-1.593087379,30.0483298,Rwanda,Gicumbi
8.0,unknown,Protected Well,unknown,Gicumbi,1,0.2297284038152635,23.0,-1.656343023,30.12412028,Rwanda,Gicumbi
8.0,Public Tapstand,unknown,unknown,Rulindo,1,0.6088340195620978,60.9,-1.61528758,29.92816069,Rwanda,Rulindo
8.0,unknown,Protected Well,unknown,Gicumbi,1,0.2297284038152635,23.0,-1.6931021,30.15020093,Rwanda,Gicumbi
8.0,unknown,Protected Well,unknown,Gicumbi,1,0.2297284038152635,23.0,-1.568850838,30.00110822,Rwanda,Gicumbi
8.0,Public Tapstand,unknown,unknown,Rulindo,1,0.6088340195620978,60.9,-1.813354889,30.08364815,Rwanda,Rulindo
8.0,unknown,Protected Well,unknown,Gicumbi,1,0.2297284038152635,23.0,-1.590249433,30.06294949,Rwanda,Gicumbi
5.0,Public Tapstand,unknown,unknown,Gicumbi,1,0.5911085120721807,59.1,-1.8096330000000012,30.190176899999987,Rwanda,Gicumbi
28.0,unknown,Protected Well,unknown,Rulindo,1,0.08387280796021801,8.4,-1.645370049418075,30.036235475256432,Rwanda,Rulindo
8.0,Public Tapstand,unknown,unknown,Rulindo,1,0.6088340195620978,60.9,-1.741416949,29.93798244,Rwanda,Rulindo
28.0,unknown,Protected Well,unknown,Rulindo,1,0.08387280796021801,8.4,-1.6389864532020595,30.04010376974328,Rwanda,Rulindo
38.0,unknown,Protected Well,unknown,Rulindo,1,0.2022139463148589,20.2,-1.63117,30.01729222222222,Rwanda,Rulindo
8.0,Public Tapstand,unknown,unknown,Rulindo,1,0.6088340195620978,60.9,-1.797527709,30.09982192,Rwanda,Rulindo
8.0,unknown,Protected Well,unknown,Gicumbi,1,0.2297284038152635,23.0,-1.621497706,30.06543212,Rwanda,Gicumbi
8.0,unknown,Protected Well,unknown,Gicumbi,1,0.2297284038152635,23.0,-1.557751046,30.13980051,Rwanda,Gicumbi
8.0,unknown,Protected Well,unknown,Gicumbi,1,0.2297284038152635,23.0,-1.637651667,30.11488167,Rwanda,Gicumbi
8.0,unknown,Protected Well,unknown,Gicumbi,1,0.2297284038152635,23.0,-1.54373372,30.04470093,Rwanda,Gicumbi
5.0,Public Tapstand,unknown,unknown,Gicumbi,1,0.5911085120721807,59.1,-1.7898958899999937,30.249328959999985,Rwanda,Gicumbi
8.0,unknown,Protected Well,unknown,Gicumbi,1,0.2297284038152635,23.0,-1.630994542,30.19619422,Rwanda,Gicumbi
8.0,unknown,Protected Well,unknown,Gicumbi,1,0.2297284038152635,23.0,-1.610010919,30.15977015,Rwanda,Gicumbi
5.0,unknown,Protected Well,unknown,Gicumbi,1,0.022444888892706905,2.2,-1.5045633000000167,30.098174500000006,Rwanda,Gicumbi
8.0,unknown,Protected Well,unknown,Gicumbi,1,0.2297284038152635,23.0,-1.59189378,30.04368823,Rwanda,Gicumbi
5.0,Public Tapstand,unknown,unknown,Gicumbi,1,0.5911085120721807,59.1,-1.7273574000000183,30.171721219999995,Rwanda,Gicumbi
5.0,unknown,Protected Well,unknown,Gicumbi,1,0.022444888892706905,2.2,-1.578029850000016,30.00009371000001,Rwanda,Gicumbi
8.0,unknown,Protected Well,unknown,Gicumbi,1,0.2297284038152635,23.0,-1.575096003,30.01536015,Rwanda,Gicumbi
8.0,Public Tapstand,unknown,unknown,Rulindo,1,0.6088340195620978,60.9,-1.697606753,30.02813128,Rwanda,Rulindo
8.0,Public Tapstand,unknown,unknown,Rulindo,1,0.6088340195620978,60.9,-1.649938361,29.93646931,Rwanda,Rulindo
8.0,unknown,Protected Well,unknown,Gicumbi,1,0.2297284038152635,23.0,-1.560690088,30.09109311,Rwanda,Gicumbi
8.0,unknown,Protected Well,unknown,Gicumbi,1,0.2297284038152635,23.0,-1.551014171,30.06216022,Rwanda,Gicumbi
5.0,Public Tapstand,unknown,unknown,Gicumbi,1,0.5911085120721807,59.1,-1.6195976000000103,30.003021099999994,Rwanda,Gicumbi
8.0,unknown,Protected Well,unknown,Gicumbi,1,0.2297284038152635,23.0,-1.593610718,30.15680743,Rwanda,Gicumbi
8.0,Public Tapstand,unknown,unknown,Rulindo,1,0.6088340195620978,60.9,-1.62580104,29.92817552,Rwanda,Rulindo
8.0,Public Tapstand,unknown,unknown,Gicumbi,1,0.6553695175834133,65.5,-1.627960272,30.11943653,Rwanda,Gicumbi
8.0,unknown,Protected Well,unknown,Gicumbi,1,0.2297284038152635,23.0,-1.442061667,30.02435333,Rwanda,Gicumbi
8.0,Public Tapstand,unknown,unknown,Gicumbi,1,0.6553695175834133,65.5,-1.577562782,30.01497775,Rwanda,Gicumbi
8.0,unknown,Protected Well,unknown,Gicumbi,1,0.2297284038152635,23.0,-1.441284465,30.07882917,Rwanda,Gicumbi
8.0,unknown,Protected Well,unknown,Gicumbi,1,0.2297284038152635,23.0,-1.54595399,30.13688517,Rwanda,Gicumbi
10.0,unknown,Borehole/Tubewell,unknown,Ruhango,0,0.5081032045294142,50.8,-2.204783,29.737667,Rwanda,Ruhango
8.0,Public Tapstand,unknown,unknown,Gicumbi,1,0.6553695175834133,65.5,-1.538990796,30.16151904,Rwanda,Gicumbi
29.0,unknown,Protected Well,unknown,Rulindo,0,0.04084628142368707,4.1,-1.6755716666666667,29.897978333333338,Rwanda,Rulindo
8.0,Public Tapstand,unknown,unknown,Gicumbi,1,0.6553695175834133,65.5,-1.405858417,30.0745652,Rwanda,Gicumbi
5.0,Public Tapstand,Protected Well,unknown,Rulindo,0,0.4668699370214914,46.7,-1.678570200000013,29.930652100000003,Rwanda,Rulindo
8.0,unknown,Protected Well,unknown,Rulindo,0,0.3717300062976705,37.2,-1.6168899999999997,29.934128333333334,Rwanda,Rulindo
8.0,Public Tapstand,unknown,unknown,Kicukiro,0,0.7232419717831573,72.3,-2.023610938,30.2216673,Rwanda,Kicukiro
8.0,Public Tapstand,unknown,unknown,Rulindo,0,0.6088340195620978,60.9,-1.82431388,29.91329855,Rwanda,Rulindo
8.0,unknown,Rainwater Harvesting,Private Operator/Delegated Management,Gicumbi,0,0.6265764438090262,62.7,-1.76170852,30.20806871,Rwanda,Gicumbi
41.0,unknown,Protected Well,unknown,Rulindo,0,0.480605676764294,48.1,-1.6671669444444444,30.041890555555558,Rwanda,Rulindo
12.0,unknown,Protected Spring,unknown,Huye,0,0.9999482381047183,100.0,-2.471455,29.65,Rwanda,Huye
8.0,unknown,Protected Well,unknown,Gicumbi,0,0.2297284038152635,23.0,-1.663511846,30.0924294,Rwanda,Gicumbi
8.0,unknown,Protected Well,unknown,Gicumbi,0,0.2297284038152635,23.0,-1.58531618,30.15681257,Rwanda,Gicumbi
8.0,Public Tapstand,unknown,unknown,Rulindo,0,0.6088340195620978,60.9,-1.80043093,30.09333278,Rwanda,Rulindo
5.0,Public Tapstand,unknown,unknown,Gicumbi,0,0.5911085120721807,59.1,-1.8414233999999947,30.2420516,Rwanda,Gicumbi
8.0,Public Tapstand,unknown,unknown,Gicumbi,1,0.6553695175834133,65.5,-1.644282077,29.99874242,Rwanda,Gicumbi
8.0,Public Tapstand,unknown,unknown,Rulindo,0,0.6088340195620978,60.9,-1.77703073,30.0609998,Rwanda,Rulindo
8.0,Public Tapstand,unknown,unknown,Gicumbi,0,0.6553695175834133,65.5,-1.731282206,30.17621482,Rwanda,Gicumbi
8.0,Public Tapstand,unknown,unknown,Gicumbi,0,0.6553695175834133,65.5,-1.691354183,30.07104257,Rwanda,Gicumbi
8.0,Public Tapstand,unknown,unknown,Gicumbi,1,0.6553695175834133,65.5,-1.621149725,29.96860287,Rwanda,Gicumbi
8.0,Public Tapstand,unknown,unknown,Gicumbi,1,0.6553695175834133,65.5,-1.618354007,29.98693237,Rwanda,Gicumbi
8.0,Public Tapstand,unknown,unknown,Rulindo,1,0.6088340195620978,60.9,-1.617128003,29.95364506,Rwanda,Rulindo
8.0,Public Tapstand,unknown,unknown,Gicumbi,1,0.6553695175834133,65.5,-1.601238619,29.99515647,Rwanda,Gicumbi
7.0,Public Tapstand,Piped Water,unknown,Bugesera,1,0.03290458187299805,3.3,-2.228252,30.231672,Rwanda,Bugesera
5.0,Public Tapstand,unknown,unknown,Kicukiro,1,0.4091365696229732,40.9,-2.012778620000009,30.08639850000001,Rwanda,Kicukiro
8.0,Public Tapstand,unknown,unknown,Rulindo,1,0.6088340195620978,60.9,-1.853808072,29.97213177,Rwanda,Rulindo
8.0,Public Tapstand,unknown,unknown,Rulindo,1,0.6088340195620978,60.9,-1.82474131,29.97922374,Rwanda,Rulindo
8.0,Public Tapstand,unknown,unknown,Rulindo,1,0.6088340195620978,60.9,-1.652476658,29.96998399,Rwanda,Rulindo
8.0,Public Tapstand,unknown,unknown,Gicumbi,1,0.6553695175834133,65.5,-1.519309294,29.99632528,Rwanda,Gicumbi
8.0,Public Tapstand,unknown,unknown,Kicukiro,1,0.7232419717831573,72.3,-1.99758904,30.09255863,Rwanda,Kicukiro
8.0,unknown,Protected Well,unknown,Gicumbi,1,0.2297284038152635,23.0,-1.537338189,29.97277535,Rwanda,Gicumbi
8.0,unknown,Protected Well,unknown,Gicumbi,1,0.2297284038152635,23.0,-1.812429189,30.24737199,Rwanda,Gicumbi
8.0,unknown,Protected Well,unknown,Gicumbi,1,0.2297284038152635,23.0,-1.80235113,30.21898129,Rwanda,Gicumbi
5.0,Public Tapstand,unknown,unknown,Rulindo,1,0.42941536887925813,42.9,-1.830565200000004,30.056960000000004,Rwanda,Rulindo
5.0,Public Tapstand,unknown,unknown,Rulindo,1,0.42941536887925813,42.9,-1.9047047000000064,29.98091889999999,Rwanda,Rulindo
34.0,unknown,Protected Well,Community Management,Rulindo,1,0.01601508401337237,1.6,-1.724345,30.053683333333332,Rwanda,Rulindo
8.0,Public Tapstand,unknown,unknown,Gicumbi,1,0.6553695175834133,65.5,-1.703651777,30.08390643,Rwanda,Gicumbi
8.0,unknown,Protected Well,unknown,Gicumbi,1,0.2297284038152635,23.0,-1.719811877,30.18779117,Rwanda,Gicumbi
5.0,Public Tapstand,unknown,unknown,Gicumbi,1,0.5911085120721807,59.1,-1.6514391999999978,30.0037813,Rwanda,Gicumbi
5.0,Public Tapstand,unknown,unknown,Rulindo,1,0.42941536887925813,42.9,-1.7748544500000152,30.00726639999998,Rwanda,Rulindo
8.0,unknown,Protected Well,unknown,Rulindo,1,0.3717300062976705,37.2,-1.667029887,30.04180932,Rwanda,Rulindo
8.0,unknown,Protected Well,unknown,Gicumbi,1,0.2297284038152635,23.0,-1.663569081,30.08694581,Rwanda,Gicumbi
5.0,unknown,Protected Well,unknown,Gicumbi,1,0.022444888892706905,2.2,-1.6622251000000157,30.144622400000006,Rwanda,Gicumbi
8.0,Public Tapstand,unknown,unknown,Gicumbi,1,0.6553695175834133,65.5,-1.578469697,30.15272474,Rwanda,Gicumbi
8.0,Public Tapstand,unknown,unknown,Kicukiro,1,0.7232419717831573,72.3,-1.992404976,30.05232898,Rwanda,Kicukiro
8.0,unknown,Protected Well,unknown,Gicumbi,1,0.2297284038152635,23.0,-1.696093333,30.21013333,Rwanda,Gicumbi
8.0,Public Tapstand,unknown,unknown,Gicumbi,1,0.6553695175834133,65.5,-1.519752007,30.00258795,Rwanda,Gicumbi
8.0,Public Tapstand,Protected Well,unknown,Gicumbi,1,0.3107803640747633,31.1,-1.645048857,30.0925069,Rwanda,Gicumbi
8.0,unknown,Protected Well,unknown,Gicumbi,1,0.2297284038152635,23.0,-1.616213405,30.13210681,Rwanda,Gicumbi
8.0,unknown,Protected Well,unknown,Gicumbi,1,0.2297284038152635,23.0,-1.629475481,30.17468193,Rwanda,Gicumbi
5.0,Public Tapstand,unknown,unknown,Rulindo,1,0.42941536887925813,42.9,-1.870947600000002,29.9637743,Rwanda,Rulindo
8.0,unknown,Protected Well,unknown,Gicumbi,1,0.2297284038152635,23.0,-1.579604277,30.01335381,Rwanda,Gicumbi
8.0,unknown,Protected Well,unknown,Gicumbi,1,0.2297284038152635,23.0,-1.5773104,30.03364428,Rwanda,Gicumbi
8.0,Public Tapstand,unknown,unknown,Rulindo,1,0.6088340195620978,60.9,-1.75292863,29.96546718,Rwanda,Rulindo
8.0,unknown,Protected Well,unknown,Gicumbi,1,0.2297284038152635,23.0,-1.594861875,30.11254884,Rwanda,Gicumbi
8.0,unknown,Protected Well,unknown,Gicumbi,1,0.2297284038152635,23.0,-1.572199483,30.10696248,Rwanda,Gicumbi
5.0,unknown,Protected Well,unknown,Gicumbi,1,0.022444888892706905,2.2,-1.5656029300000085,30.142696359999995,Rwanda,Gicumbi
8.0,unknown,Protected Well,unknown,Gicumbi,1,0.2297284038152635,23.0,-1.580051158,30.16892877,Rwanda,Gicumbi
5.0,Public Tapstand,unknown,unknown,Rulindo,1,0.42941536887925813,42.9,-1.6547086999999996,29.90639939999999,Rwanda,Rulindo
8.0,unknown,Protected Well,unknown,Gicumbi,1,0.2297284038152635,23.0,-1.499315,30.02051833,Rwanda,Gicumbi
8.0,Public Tapstand,unknown,unknown,Rulindo,1,0.6088340195620978,60.9,-1.656016625,29.9558629,Rwanda,Rulindo
5.0,Public Tapstand,unknown,unknown,Kicukiro,1,0.4091365696229732,40.9,-2.0318474000000184,30.113065089999996,Rwanda,Kicukiro
8.0,Public Tapstand,unknown,unknown,Rulindo,1,0.6088340195620978,60.9,-1.85414807,29.91538717,Rwanda,Rulindo
5.0,Public Tapstand,unknown,unknown,Rulindo,1,0.42941536887925813,42.9,-1.8010420000000134,30.11429920000001,Rwanda,Rulindo
8.0,unknown,Protected Well,unknown,Gicumbi,0,0.2297284038152635,23.0,-1.463679653,30.01183392,Rwanda,Gicumbi
8.0,Public Tapstand,unknown,unknown,Rulindo,1,0.6088340195620978,60.9,-1.858892233,29.94601701,Rwanda,Rulindo
8.0,Public Tapstand,unknown,unknown,Rulindo,1,0.6088340195620978,60.9,-1.830614362,29.98643673,Rwanda,Rulindo
8.0,Public Tapstand,unknown,unknown,Rulindo,1,0.6088340195620978,60.9,-1.718637949,29.93037401,Rwanda,Rulindo
8.0,Public Tapstand,unknown,unknown,Kicukiro,1,0.7232419717831573,72.3,-1.979161287,30.0932422,Rwanda,Kicukiro
39.0,unknown,Protected Well,unknown,Rulindo,1,0.2844155712083617,28.4,-1.7048275,29.98045861111111,Rwanda,Rulindo
8.0,Public Tapstand,unknown,unknown,Rulindo,1,0.6088340195620978,60.9,-1.81995475,29.96222732,Rwanda,Rulindo
8.0,Public Tapstand,unknown,unknown,Rulindo,1,0.6088340195620978,60.9,-1.66171873,29.87853915,Rwanda,Rulindo
5.0,Public Tapstand,unknown,unknown,Gicumbi,1,0.5911085120721807,59.1,-1.819735200000005,30.19955690000001,Rwanda,Gicumbi
8.0,unknown,Protected Well,unknown,Rulindo,1,0.3717300062976705,37.2,-1.81807068,29.99020757,Rwanda,Rulindo
8.0,Public Tapstand,unknown,unknown,Rulindo,1,0.6088340195620978,60.9,-1.910898385,29.9829692,Rwanda,Rulindo
8.0,Public Tapstand,unknown,unknown,Rulindo,1,0.6088340195620978,60.9,-1.85068057,29.92063108,Rwanda,Rulindo
8.0,Public Tapstand,unknown,unknown,Rulindo,1,0.6088340195620978,60.9,-1.891739278,29.97411673,Rwanda,Rulindo
5.0,Public Tapstand,unknown,unknown,Rulindo,1,0.42941536887925813,42.9,-1.8490017000000163,29.91635239999999,Rwanda,Rulindo
5.0,Public Tapstand,unknown,unknown,Rulindo,1,0.42941536887925813,42.9,-1.8304874999999945,29.91715729999999,Rwanda,Rulindo
8.0,unknown,Protected Well,unknown,Rulindo,1,0.3717300062976705,37.2,-1.747216953,29.95358739,Rwanda,Rulindo
8.0,Public Tapstand,unknown,unknown,Rulindo,1,0.6088340195620978,60.9,-1.62454465,29.87003613,Rwanda,Rulindo
8.0,Public Tapstand,unknown,unknown,Gicumbi,1,0.6553695175834133,65.5,-1.456061571,29.99907287,Rwanda,Gicumbi
8.0,Public Tapstand,unknown,unknown,Gicumbi,1,0.6553695175834133,65.5,-1.533835083,30.03033942,Rwanda,Gicumbi
8.0,Public Tapstand,unknown,unknown,Kicukiro,1,0.7232419717831573,72.3,-2.024057613,30.19464789,Rwanda,Kicukiro
8.0,unknown,Protected Well,unknown,Gicumbi,1,0.2297284038152635,23.0,-1.627382263,29.9908912,Rwanda,Gicumbi
8.0,unknown,Protected Well,unknown,Rulindo,1,0.3717300062976705,37.2,-1.614964568,29.95325352,Rwanda,Rulindo
8.0,unknown,Protected Well,unknown,Gicumbi,1,0.2297284038152635,23.0,-1.604566133,29.96090642,Rwanda,Gicumbi
8.0,Public Tapstand,Protected Well,unknown,Gicumbi,1,0.3107803640747633,31.1,-1.604623247,29.96355136,Rwanda,Gicumbi
8.0,unknown,Protected Well,unknown,Gicumbi,1,0.2297284038152635,23.0,-1.602370226,29.97344916,Rwanda,Gicumbi
8.0,unknown,Protected Well,unknown,Gicumbi,1,0.2297284038152635,23.0,-1.59719343,29.95409885,Rwanda,Gicumbi
5.0,Public Tapstand,unknown,unknown,Rulindo,1,0.42941536887925813,42.9,-1.63400735000001,29.93018247000001,Rwanda,Rulindo
8.0,unknown,Protected Well,unknown,Gicumbi,1,0.2297284038152635,23.0,-1.596897382,29.95656832,Rwanda,Gicumbi
8.0,unknown,Protected Well,unknown,Gicumbi,1,0.2297284038152635,23.0,-1.586336667,29.99502,Rwanda,Gicumbi
8.0,Public Tapstand,unknown,unknown,Gicumbi,1,0.6553695175834133,65.5,-1.67472433,30.12075424,Rwanda,Gicumbi
8.0,Public Tapstand,unknown,unknown,Gicumbi,1,0.6553695175834133,65.5,-1.45422283,29.9967128,Rwanda,Gicumbi
5.0,Public Tapstand,Protected Well,unknown,Gicumbi,1,0.07707408005917082,7.7,-1.5821804100000092,29.999265830000002,Rwanda,Gicumbi
8.0,Public Tapstand,unknown,unknown,Kicukiro,1,0.7232419717831573,72.3,-1.981356585,30.09959037,Rwanda,Kicukiro
8.0,Public Tapstand,unknown,unknown,Gicumbi,1,0.6553695175834133,65.5,-1.649288565,30.12681793,Rwanda,Gicumbi
8.0,unknown,Protected Well,unknown,Gicumbi,1,0.2297284038152635,23.0,-1.579855809,29.95722851,Rwanda,Gicumbi
8.0,Public Tapstand,unknown,unknown,Gicumbi,1,0.6553695175834133,65.5,-1.5969547,30.05277711,Rwanda,Gicumbi
8.0,Public Tapstand,unknown,unknown,Gicumbi,1,0.6553695175834133,65.5,-1.558289538,30.13489065,Rwanda,Gicumbi
8.0,unknown,Protected Well,unknown,Gicumbi,1,0.2297284038152635,23.0,-1.551540522,29.98940103,Rwanda,Gicumbi
5.0,unknown,Protected Well,unknown,Gicumbi,1,0.022444888892706905,2.2,-1.531599700000004,29.985191200000006,Rwanda,Gicumbi
8.0,Public Tapstand,unknown,unknown,Gicumbi,1,0.6553695175834133,65.5,-1.455215686,30.09135577,Rwanda,Gicumbi
5.0,Public Tapstand,unknown,unknown,Rulindo,1,0.42941536887925813,42.9,-1.8228663000000043,29.915608899999985,Rwanda,Rulindo
8.0,unknown,Protected Well,unknown,Burera,1,0.026333864879949043,2.6,-1.501535319,29.98301334,Rwanda,Burera
8.0,unknown,Protected Well,unknown,Gicumbi,1,0.2297284038152635,23.0,-1.606,30.13077333,Rwanda,Gicumbi
8.0,Public Tapstand,unknown,unknown,Rulindo,0,0.6088340195620978,60.9,-1.853627003,29.96726884,Rwanda,Rulindo
8.0,Public Tapstand,unknown,unknown,Rulindo,0,0.6088340195620978,60.9,-1.788384757,29.96402435,Rwanda,Rulindo
5.0,Public Tapstand,unknown,unknown,Rulindo,1,0.42941536887925813,42.9,-1.702058040000008,29.91011725999999,Rwanda,Rulindo
8.0,unknown,Protected Well,unknown,Gicumbi,1,0.2297284038152635,23.0,-1.474151555,29.99500492,Rwanda,Gicumbi
8.0,unknown,Protected Well,unknown,Gicumbi,1,0.2297284038152635,23.0,-1.467863607,29.99861916,Rwanda,Gicumbi
8.0,Hand Pump - Afridev,Protected Well,unknown,Kicukiro,1,0.524852267887464,52.5,-1.974292809,30.09182874,Rwanda,Kicukiro
5.0,unknown,Protected Well,unknown,Kicukiro,1,0.006221467699414784,0.6,-1.9669241000000024,30.09701280000001,Rwanda,Kicukiro
8.0,unknown,Protected Well,unknown,Kicukiro,1,0.4930239632249813,49.3,-1.964853461,30.11204754,Rwanda,Kicukiro
8.0,unknown,Protected Well,unknown,Gicumbi,1,0.2297284038152635,23.0,-1.43726504,30.04447589,Rwanda,Gicumbi
8.0,Public Tapstand,unknown,unknown,Gicumbi,0,0.6553695175834133,65.5,-1.469306235,30.01256791,Rwanda,Gicumbi
8.0,unknown,Protected Well,unknown,Rulindo,1,0.3717300062976705,37.2,-1.75297949,30.02901797,Rwanda,Rulindo
8.0,unknown,Protected Well,unknown,Gicumbi,1,0.2297284038152635,23.0,-1.785558914,30.23841035,Rwanda,Gicumbi
8.0,Public Tapstand,unknown,unknown,Gicumbi,1,0.6553695175834133,65.5,-1.562304229,30.16465927,Rwanda,Gicumbi
8.0,unknown,Protected Well,unknown,Gicumbi,1,0.2297284038152635,23.0,-1.652351512,30.00539434,Rwanda,Gicumbi
8.0,unknown,Protected Well,unknown,Gicumbi,1,0.2297284038152635,23.0,-1.675757115,30.11381959,Rwanda,Gicumbi
8.0,unknown,Protected Well,unknown,Gicumbi,1,0.2297284038152635,23.0,-1.663586168,30.18738432,Rwanda,Gicumbi
8.0,Public Tapstand,unknown,unknown,Kicukiro,0,0.7232419717831573,72.3,-2.033299173,30.09428132,Rwanda,Kicukiro
8.0,unknown,Protected Well,unknown,Gicumbi,1,0.2297284038152635,23.0,-1.653352929,30.17748832,Rwanda,Gicumbi
8.0,unknown,Protected Well,unknown,Rulindo,1,0.3717300062976705,37.2,-1.775925067,29.92767831,Rwanda,Rulindo
8.0,Public Tapstand,unknown,unknown,Rulindo,1,0.6088340195620978,60.9,-1.765883439,29.93176733,Rwanda,Rulindo
8.0,unknown,Protected Well,unknown,Gicumbi,1,0.2297284038152635,23.0,-1.632261355,30.15104539,Rwanda,Gicumbi
8.0,unknown,Protected Well,unknown,Gicumbi,1,0.2297284038152635,23.0,-1.695263606,30.24024956,Rwanda,Gicumbi
8.0,Public Tapstand,unknown,unknown,Kicukiro,0,0.7232419717831573,72.3,-1.982424004,30.08083489,Rwanda,Kicukiro
8.0,unknown,Protected Well,unknown,Rulindo,1,0.3717300062976705,37.2,-1.71337002,29.91474447,Rwanda,Rulindo
8.0,unknown,Protected Well,unknown,Gicumbi,1,0.2297284038152635,23.0,-1.596263264,30.06199966,Rwanda,Gicumbi
5.0,Public Tapstand,unknown,unknown,Kicukiro,0,0.4091365696229732,40.9,-1.9920943000000073,30.158428599999986,Rwanda,Kicukiro
8.0,Public Tapstand,unknown,unknown,Gicumbi,1,0.6553695175834133,65.5,-1.536965048,29.97803585,Rwanda,Gicumbi
8.0,Public Tapstand,unknown,unknown,Gicumbi,1,0.6553695175834133,65.5,-1.530039715,29.98856412,Rwanda,Gicumbi
8.0,Public Tapstand,unknown,unknown,Gicumbi,0,0.6553695175834133,65.5,-1.549240734,30.0410981,Rwanda,Gicumbi
8.0,unknown,Protected Well,unknown,Gicumbi,1,0.2297284038152635,23.0,-1.459321667,30.00311167,Rwanda,Gicumbi
8.0,Public Tapstand,unknown,unknown,Gicumbi,0,0.6553695175834133,65.5,-1.665497271,30.12295735,Rwanda,Gicumbi
8.0,unknown,Protected Well,unknown,Gicumbi,0,0.2297284038152635,23.0,-1.743653845,30.16874276,Rwanda,Gicumbi
8.0,Public Tapstand,unknown,unknown,Gicumbi,1,0.6553695175834133,65.5,-1.641979814,30.0090336,Rwanda,Gicumbi
8.0,unknown,Protected Well,unknown,Gicumbi,0,0.2297284038152635,23.0,-1.40972896,30.07547707,Rwanda,Gicumbi
5.0,Public Tapstand,unknown,unknown,Gicumbi,1,0.5911085120721807,59.1,-1.6260666500000034,30.086709589999987,Rwanda,Gicumbi
8.0,unknown,Protected Well,unknown,Gicumbi,1,0.2297284038152635,23.0,-1.674272454,30.153147,Rwanda,Gicumbi
8.0,Public Tapstand,unknown,unknown,Rulindo,1,0.6088340195620978,60.9,-1.63509288,29.89530689,Rwanda,Rulindo
8.0,unknown,Protected Well,unknown,Gicumbi,1,0.2297284038152635,23.0,-1.572639273,30.0170311,Rwanda,Gicumbi
8.0,Public Tapstand,unknown,unknown,Kicukiro,1,0.7232419717831573,72.3,-1.99140746,30.1136995,Rwanda,Kicukiro
8.0,unknown,Protected Well,unknown,Gicumbi,1,0.2297284038152635,23.0,-1.445363162,30.08292854,Rwanda,Gicumbi
8.0,Public Tapstand,unknown,unknown,Gicumbi,1,0.6553695175834133,65.5,-1.6869264,30.10969667,Rwanda,Gicumbi
5.0,Public Tapstand,unknown,unknown,Gicumbi,1,0.5911085120721807,59.1,-1.6538148999999973,30.128793099999985,Rwanda,Gicumbi
5.0,Public Tapstand,unknown,unknown,Gicumbi,1,0.5911085120721807,59.1,-1.6986537999999962,30.226866199999996,Rwanda,Gicumbi
8.0,Public Tapstand,unknown,unknown,Gicumbi,1,0.6553695175834133,65.5,-1.593387531,30.00619243,Rwanda,Gicumbi
8.0,Public Tapstand,unknown,unknown,Gicumbi,1,0.6553695175834133,65.5,-1.518977413,30.04447549,Rwanda,Gicumbi
5.0,Public Tapstand,unknown,unknown,Gicumbi,1,0.5911085120721807,59.1,-1.5303311000000155,30.058585099999988,Rwanda,Gicumbi
5.0,Public Tapstand,unknown,unknown,Gicumbi,1,0.5911085120721807,59.1,-1.5388529800000104,30.161395860000003,Rwanda,Gicumbi
8.0,Public Tapstand,unknown,unknown,Gicumbi,1,0.6553695175834133,65.5,-1.470019049,30.04361268,Rwanda,Gicumbi
8.0,Public Tapstand,unknown,unknown,Rulindo,0,0.6088340195620978,60.9,-1.85022277,29.97877278,Rwanda,Rulindo
8.0,Public Tapstand,unknown,unknown,Gicumbi,0,0.6553695175834133,65.5,-1.728344145,30.18771094,Rwanda,Gicumbi
8.0,Public Tapstand,unknown,unknown,Rulindo,0,0.6088340195620978,60.9,-1.81966337,29.95947396,Rwanda,Rulindo
8.0,Public Tapstand,unknown,unknown,Gicumbi,0,0.6553695175834133,65.5,-1.625358281,30.12892308,Rwanda,Gicumbi
8.0,Public Tapstand,unknown,unknown,Rulindo,0,0.6088340195620978,60.9,-1.769418375,29.92124269,Rwanda,Rulindo
12.0,Hand Pump - India Mark,Borehole/Tubewell,unknown,Ruhango,1,0.004445887436635654,0.4,-2.222216667,29.77811667,Rwanda,Ruhango
8.0,Public Tapstand,unknown,unknown,Rulindo,0,0.6088340195620978,60.9,-1.756086543,29.9339242,Rwanda,Rulindo
8.0,unknown,Protected Well,unknown,Gicumbi,1,0.2297284038152635,23.0,-1.588386667,29.98988,Rwanda,Gicumbi
29.0,unknown,Protected Well,unknown,Rulindo,1,0.04084628142368707,4.1,-1.823385,30.012433333333334,Rwanda,Rulindo
8.0,unknown,Protected Well,unknown,Rulindo,1,0.3717300062976705,37.2,-1.80302546,30.01061126,Rwanda,Rulindo
8.0,Public Tapstand,unknown,unknown,Rulindo,0,0.6088340195620978,60.9,-1.69264521,29.93993102,Rwanda,Rulindo
5.0,unknown,Protected Well,unknown,Rulindo,1,0.008564511579654988,0.9,-1.6527839000000173,29.983790700000004,Rwanda,Rulindo
5.0,unknown,Rainwater Harvesting,unknown,Kicukiro,1,0.41295597762197467,41.3,-1.9734732000000053,30.12013359999999,Rwanda,Kicukiro
8.0,unknown,Protected Well,unknown,Rulindo,1,0.3717300062976705,37.2,-1.80015672,30.1045292,Rwanda,Rulindo
8.0,unknown,Protected Well,unknown,Rulindo,1,0.3717300062976705,37.2,-1.78645468,30.01274177,Rwanda,Rulindo
8.0,unknown,Protected Well,unknown,Gicumbi,1,0.2297284038152635,23.0,-1.707619094,30.09003064,Rwanda,Gicumbi
8.0,Public Tapstand,unknown,unknown,Rulindo,0,0.6088340195620978,60.9,-1.623838265,29.94752044,Rwanda,Rulindo
8.0,Public Tapstand,unknown,unknown,Rulindo,0,0.6088340195620978,60.9,-1.61288315,29.92280838,Rwanda,Rulindo
5.0,unknown,Protected Well,unknown,Gicumbi,1,0.022444888892706905,2.2,-1.690220600000014,30.080819899999998,Rwanda,Gicumbi
8.0,unknown,Protected Well,unknown,Gicumbi,1,0.2297284038152635,23.0,-1.660972298,30.06298796,Rwanda,Gicumbi
8.0,unknown,Protected Well,unknown,Gicumbi,1,0.2297284038152635,23.0,-1.635127293,30.09836691,Rwanda,Gicumbi
8.0,unknown,Protected Well,unknown,Gicumbi,1,0.2297284038152635,23.0,-1.602716811,30.05654126,Rwanda,Gicumbi
8.0,unknown,Protected Well,unknown,Gicumbi,1,0.2297284038152635,23.0,-1.583887919,30.01031086,Rwanda,Gicumbi
8.0,unknown,Protected Well,unknown,Gicumbi,1,0.2297284038152635,23.0,-1.565119467,30.08211521,Rwanda,Gicumbi
8.0,unknown,Protected Well,unknown,Gicumbi,1,0.2297284038152635,23.0,-1.54802,30.02327667,Rwanda,Gicumbi
8.0,unknown,Protected Well,unknown,Gicumbi,1,0.2297284038152635,23.0,-1.543684166,30.09412703,Rwanda,Gicumbi
5.0,unknown,Protected Well,unknown,Gicumbi,1,0.022444888892706905,2.2,-1.4677813899999987,30.00113256,Rwanda,Gicumbi
8.0,unknown,Protected Well,unknown,Gicumbi,0,0.2297284038152635,23.0,-1.5962265,30.06700129,Rwanda,Gicumbi
5.0,Public Tapstand,unknown,unknown,Gicumbi,0,0.5911085120721807,59.1,-1.4489601400000107,29.99403599,Rwanda,Gicumbi
8.0,Public Tapstand,unknown,unknown,Rulindo,1,0.6088340195620978,60.9,-1.758262487,29.93414622,Rwanda,Rulindo
8.0,Public Tapstand,unknown,unknown,Rulindo,1,0.6088340195620978,60.9,-1.701194221,29.99326644,Rwanda,Rulindo
5.0,Public Tapstand,unknown,unknown,Rulindo,1,0.42941536887925813,42.9,-1.6711692999999954,29.927169900000003,Rwanda,Rulindo
8.0,Public Tapstand,unknown,unknown,Rulindo,1,0.6088340195620978,60.9,-1.66866541,29.95869843,Rwanda,Rulindo
8.0,Public Tapstand,unknown,unknown,Kicukiro,1,0.7232419717831573,72.3,-1.965481789,30.07826963,Rwanda,Kicukiro
8.0,Public Tapstand,unknown,unknown,Rulindo,1,0.6088340195620978,60.9,-1.765607472,30.07768411,Rwanda,Rulindo
8.0,Public Tapstand,unknown,unknown,Gicumbi,1,0.6553695175834133,65.5,-1.569125113,30.05996948,Rwanda,Gicumbi
8.0,Public Tapstand,unknown,unknown,Kicukiro,0,0.7232419717831573,72.3,-1.980935647,30.07079592,Rwanda,Kicukiro
8.0,Public Tapstand,unknown,unknown,Gicumbi,0,0.6553695175834133,65.5,-1.432549124,30.07496075,Rwanda,Gicumbi
8.0,unknown,Protected Well,unknown,Rulindo,1,0.3717300062976705,37.2,-1.902332561,29.9700978,Rwanda,Rulindo
5.0,Public Tapstand,unknown,unknown,Rulindo,1,0.42941536887925813,42.9,-1.7378862000000144,29.9643435,Rwanda,Rulindo
8.0,Public Tapstand,unknown,unknown,Rulindo,1,0.6088340195620978,60.9,-1.709540621,30.050722,Rwanda,Rulindo
8.0,Public Tapstand,unknown,unknown,Rulindo,1,0.6088340195620978,60.9,-1.699524245,30.02597688,Rwanda,Rulindo
8.0,Public Tapstand,unknown,unknown,Gicumbi,1,0.6553695175834133,65.5,-1.651337719,30.00356863,Rwanda,Gicumbi
8.0,Public Tapstand,unknown,unknown,Gicumbi,1,0.6553695175834133,65.5,-1.57025216,30.05989639,Rwanda,Gicumbi
8.0,Public Tapstand,unknown,unknown,Gicumbi,1,0.6553695175834133,65.5,-1.456415916,30.02740196,Rwanda,Gicumbi
8.0,Public Tapstand,unknown,unknown,Gicumbi,1,0.6553695175834133,65.5,-1.482966197,30.06956863,Rwanda,Gicumbi
8.0,Public Tapstand,unknown,unknown,Rulindo,0,0.6088340195620978,60.9,-1.830346431,30.05698324,Rwanda,Rulindo
8.0,Public Tapstand,unknown,unknown,Rulindo,0,0.6088340195620978,60.9,-1.7157942,30.08019149,Rwanda,Rulindo
8.0,Public Tapstand,unknown,unknown,Gicumbi,0,0.6553695175834133,65.5,-1.565247634,30.13369169,Rwanda,Gicumbi
8.0,Public Tapstand,unknown,unknown,Gicumbi,0,0.6553695175834133,65.5,-1.546732474,30.14754273,Rwanda,Gicumbi
8.0,unknown,Protected Well,unknown,Rulindo,1,0.3717300062976705,37.2,-1.83035884,29.91129568,Rwanda,Rulindo
28.0,unknown,Protected Well,unknown,Rulindo,1,0.08387280796021801,8.4,-1.6742650000000001,29.987168333333337,Rwanda,Rulindo
8.0,unknown,Protected Well,unknown,Gicumbi,1,0.2297284038152635,23.0,-1.738896667,30.17918167,Rwanda,Gicumbi
8.0,unknown,Protected Well,unknown,Gicumbi,1,0.2297284038152635,23.0,-1.714174708,30.17421884,Rwanda,Gicumbi
8.0,Public Tapstand,unknown,unknown,Rulindo,1,0.6088340195620978,60.9,-1.649767803,29.90879011,Rwanda,Rulindo
5.0,Public Tapstand,unknown,unknown,Kicukiro,1,0.4091365696229732,40.9,-1.9929805000000076,30.141490399999988,Rwanda,Kicukiro
8.0,Public Tapstand,unknown,unknown,Kicukiro,1,0.7232419717831573,72.3,-1.970299608,30.1010285,Rwanda,Kicukiro
8.0,Public Tapstand,unknown,unknown,Rulindo,1,0.6088340195620978,60.9,-1.720748963,30.065275,Rwanda,Rulindo
8.0,Public Tapstand,unknown,unknown,Rulindo,1,0.6088340195620978,60.9,-1.6631159,30.01900339,Rwanda,Rulindo
8.0,Public Tapstand,unknown,unknown,Gicumbi,1,0.6553695175834133,65.5,-1.689403625,30.11088003,Rwanda,Gicumbi
8.0,Public Tapstand,unknown,unknown,Rulindo,0,0.6088340195620978,60.9,-1.878102614,29.95165368,Rwanda,Rulindo
8.0,unknown,Protected Well,unknown,Rulindo,1,0.3717300062976705,37.2,-1.72295031,29.99244671,Rwanda,Rulindo
8.0,Public Tapstand,unknown,unknown,Gicumbi,1,0.6553695175834133,65.5,-1.647021985,30.00237267,Rwanda,Gicumbi
5.0,Public Tapstand,unknown,unknown,Rulindo,1,0.42941536887925813,42.9,-1.6295436000000125,29.880178600000004,Rwanda,Rulindo
5.0,Public Tapstand,unknown,unknown,Rulindo,1,0.42941536887925813,42.9,-1.7384242000000043,30.06169920000001,Rwanda,Rulindo
8.0,unknown,Protected Well,unknown,Rulindo,1,0.3717300062976705,37.2,-1.701612218,29.94917981,Rwanda,Rulindo
8.0,unknown,Protected Well,unknown,Rulindo,1,0.3717300062976705,37.2,-1.747197223,29.97988581,Rwanda,Rulindo
5.0,unknown,Protected Well,unknown,Rulindo,1,0.008564511579654988,0.9,-1.7384303000000005,29.967146000000007,Rwanda,Rulindo
8.0,unknown,Protected Well,unknown,Rulindo,1,0.3717300062976705,37.2,-1.66597205,29.95110425,Rwanda,Rulindo
8.0,unknown,Protected Well,unknown,Gicumbi,1,0.2297284038152635,23.0,-1.606166967,30.04288534,Rwanda,Gicumbi
8.0,Public Tapstand,unknown,unknown,Gicumbi,1,0.6553695175834133,65.5,-1.55052588,30.0422863,Rwanda,Gicumbi
8.0,Public Tapstand,unknown,unknown,Rulindo,0,0.6088340195620978,60.9,-1.59780523,29.92242769,Rwanda,Rulindo
8.0,Public Tapstand,unknown,unknown,Gicumbi,1,0.6553695175834133,65.5,-1.61024483,30.12834269,Rwanda,Gicumbi
8.0,Public Tapstand,unknown,unknown,Gicumbi,1,0.6553695175834133,65.5,-1.580354365,30.13432531,Rwanda,Gicumbi
5.0,Public Tapstand,unknown,unknown,Gicumbi,0,0.5911085120721807,59.1,-1.542156000000007,29.980615900000014,Rwanda,Gicumbi
8.0,unknown,Protected Well,unknown,Gicumbi,1,0.2297284038152635,23.0,-1.653408532,29.99974018,Rwanda,Gicumbi
8.0,unknown,Protected Well,unknown,Gicumbi,1,0.2297284038152635,23.0,-1.485389194,29.99508986,Rwanda,Gicumbi
8.0,unknown,Protected Well,unknown,Gicumbi,1,0.2297284038152635,23.0,-1.76519,30.15863,Rwanda,Gicumbi
5.0,unknown,Protected Well,unknown,Gicumbi,1,0.022444888892706905,2.2,-1.7431029999999985,30.124846499999993,Rwanda,Gicumbi
8.0,unknown,Protected Well,unknown,Gicumbi,1,0.2297284038152635,23.0,-1.60977018,30.10494052,Rwanda,Gicumbi
8.0,unknown,Protected Well,unknown,Gicumbi,1,0.2297284038152635,23.0,-1.575713601,30.02533856,Rwanda,Gicumbi
8.0,unknown,Protected Well,unknown,Gicumbi,1,0.2297284038152635,23.0,-1.563539644,30.02218345,Rwanda,Gicumbi
8.0,unknown,Protected Well,unknown,Gicumbi,1,0.2297284038152635,23.0,-1.564531248,30.02454872,Rwanda,Gicumbi
8.0,unknown,Protected Well,unknown,Gicumbi,1,0.2297284038152635,23.0,-1.554191652,30.01067626,Rwanda,Gicumbi
8.0,unknown,Protected Well,unknown,Gicumbi,1,0.2297284038152635,23.0,-1.551879669,30.04175833,Rwanda,Gicumbi
8.0,unknown,Protected Well,unknown,Gicumbi,1,0.2297284038152635,23.0,-1.631235474,30.19622984,Rwanda,Gicumbi
8.0,Public Tapstand,unknown,unknown,Rulindo,1,0.6088340195620978,60.9,-1.76092236,29.93645293,Rwanda,Rulindo
8.0,unknown,Protected Well,unknown,Gicumbi,1,0.2297284038152635,23.0,-1.667431667,30.18079833,Rwanda,Gicumbi
8.0,unknown,Protected Well,unknown,Gicumbi,1,0.2297284038152635,23.0,-1.66107035,30.20055921,Rwanda,Gicumbi
8.0,unknown,Protected Well,unknown,Gicumbi,1,0.2297284038152635,23.0,-1.583859182,30.01073972,Rwanda,Gicumbi
8.0,unknown,Protected Well,unknown,Gicumbi,1,0.2297284038152635,23.0,-1.579009995,30.02546859,Rwanda,Gicumbi
8.0,unknown,Protected Well,unknown,Gicumbi,1,0.2297284038152635,23.0,-1.600985629,30.06390486,Rwanda,Gicumbi
8.0,unknown,Protected Well,unknown,Gicumbi,1,0.2297284038152635,23.0,-1.451209058,30.08896876,Rwanda,Gicumbi
8.0,unknown,Protected Well,unknown,Gicumbi,1,0.2297284038152635,23.0,-1.512079964,30.06432101,Rwanda,Gicumbi
8.0,unknown,Protected Well,unknown,Gicumbi,1,0.2297284038152635,23.0,-1.603067545,30.09415266,Rwanda,Gicumbi
5.0,Public Tapstand,unknown,unknown,Rulindo,0,0.42941536887925813,42.9,-1.6417754000000122,29.944692599999986,Rwanda,Rulindo
8.0,unknown,Protected Well,unknown,Gicumbi,1,0.2297284038152635,23.0,-1.652096667,30.14802,Rwanda,Gicumbi
8.0,unknown,Protected Well,unknown,Gicumbi,1,0.2297284038152635,23.0,-1.41484835,30.06510171,Rwanda,Gicumbi
8.0,Public Tapstand,unknown,unknown,Rulindo,1,0.6088340195620978,60.9,-1.770049743,29.96506843,Rwanda,Rulindo
8.0,unknown,Protected Well,unknown,Gicumbi,0,0.2297284038152635,23.0,-1.644853622,30.12402818,Rwanda,Gicumbi
8.0,unknown,Protected Well,unknown,Gicumbi,0,0.2297284038152635,23.0,-1.622508167,30.16871755,Rwanda,Gicumbi
8.0,unknown,Protected Well,unknown,Gicumbi,1,0.2297284038152635,23.0,-1.559033455,30.0984269,Rwanda,Gicumbi
8.0,unknown,Protected Well,unknown,Gicumbi,0,0.2297284038152635,23.0,-1.609021889,29.9851094,Rwanda,Gicumbi
8.0,Public Tapstand,unknown,unknown,Gicumbi,1,0.6553695175834133,65.5,-1.538175429,29.96976124,Rwanda,Gicumbi
5.0,Public Tapstand,unknown,unknown,Gicumbi,1,0.5911085120721807,59.1,-1.6669452000000002,30.139020599999988,Rwanda,Gicumbi
8.0,Public Tapstand,unknown,unknown,Gicumbi,1,0.6553695175834133,65.5,-1.57427021,30.05834925,Rwanda,Gicumbi
8.0,Public Tapstand,unknown,unknown,Kicukiro,1,0.7232419717831573,72.3,-1.998633014,30.08421123,Rwanda,Kicukiro
5.0,Public Tapstand,unknown,unknown,Gicumbi,0,0.5911085120721807,59.1,-1.8369776000000186,30.231874900000015,Rwanda,Gicumbi
8.0,Public Tapstand,unknown,unknown,Rulindo,0,0.6088340195620978,60.9,-1.71747276,30.0799057,Rwanda,Rulindo
8.0,Public Tapstand,unknown,unknown,Gicumbi,0,0.6553695175834133,65.5,-1.649173041,30.12682592,Rwanda,Gicumbi
8.0,unknown,Protected Well,unknown,Gicumbi,1,0.2297284038152635,23.0,-1.511348333,30.04882667,Rwanda,Gicumbi
5.0,Public Tapstand,Piped Water,unknown,Kicukiro,1,0.04909403558168812,4.9,-2.051561939999999,30.087059319999994,Rwanda,Kicukiro
5.0,Public Tapstand,unknown,unknown,Kicukiro,1,0.4091365696229732,40.9,-2.033291320000007,30.094441400000004,Rwanda,Kicukiro
5.0,Public Tapstand,unknown,unknown,Kicukiro,1,0.4091365696229732,40.9,-2.0286885000000185,30.081176499999994,Rwanda,Kicukiro
5.0,Public Tapstand,unknown,unknown,Kicukiro,1,0.4091365696229732,40.9,-2.022728200000008,30.084966499999993,Rwanda,Kicukiro
5.0,Public Tapstand,unknown,unknown,Kicukiro,1,0.4091365696229732,40.9,-2.021011600000017,30.085896500000008,Rwanda,Kicukiro
5.0,Public Tapstand,unknown,unknown,Kicukiro,1,0.4091365696229732,40.9,-2.0188195299999996,30.082173069999993,Rwanda,Kicukiro
5.0,Public Tapstand,unknown,unknown,Kicukiro,1,0.4091365696229732,40.9,-2.0154636900000162,30.085449810000004,Rwanda,Kicukiro
5.0,Public Tapstand,unknown,unknown,Kicukiro,1,0.4091365696229732,40.9,-2.011340900000014,30.088405279999993,Rwanda,Kicukiro
5.0,Public Tapstand,Piped Water,unknown,Kicukiro,1,0.04909403558168812,4.9,-2.0104938000000003,30.092081700000005,Rwanda,Kicukiro
14.0,Public Tapstand,Piped Water,Private Operator/Delegated Management,Kicukiro,1,0.7294212388258299,72.9,-2.0015,30.090690000000002,Rwanda,Kicukiro
25.0,Public Tapstand,Piped Water,unknown,Kicukiro,1,0.8409126771263664,84.1,-2.045713333333333,30.10954166666667,Rwanda,Kicukiro
8.0,Public Tapstand,unknown,unknown,Kicukiro,1,0.7232419717831573,72.3,-2.03799239,30.10031247,Rwanda,Kicukiro
5.0,Public Tapstand,unknown,unknown,Kicukiro,1,0.4091365696229732,40.9,-2.0399042200000004,30.122676150000004,Rwanda,Kicukiro
8.0,Public Tapstand,unknown,unknown,Kicukiro,1,0.7232419717831573,72.3,-2.033920607,30.1216369,Rwanda,Kicukiro
5.0,Public Tapstand,unknown,unknown,Kicukiro,1,0.4091365696229732,40.9,-2.032337510000002,30.112072029999986,Rwanda,Kicukiro
5.0,Public Tapstand,unknown,unknown,Kicukiro,1,0.4091365696229732,40.9,-2.0323399000000064,30.121464549999985,Rwanda,Kicukiro
23.0,Public Tapstand,Piped Water,unknown,Kicukiro,1,0.8193873788230577,81.9,-2.0298283333333336,30.102564999999995,Rwanda,Kicukiro
5.0,Public Tapstand,Piped Water,Community Management,Kicukiro,1,0.6663567149142812,66.6,-2.0277663100000107,30.11731696,Rwanda,Kicukiro
11.0,Kiosk,Piped Water,Private Operator/Delegated Management,Kicukiro,1,0.5774549279308406,57.7,-2.02543,30.114841666666667,Rwanda,Kicukiro
11.0,Public Tapstand,Piped Water,unknown,Kicukiro,1,0.8242188865255408,82.4,-2.017681666666667,30.106965,Rwanda,Kicukiro
8.0,Public Tapstand,unknown,unknown,Kicukiro,1,0.7232419717831573,72.3,-2.018193977,30.11278625,Rwanda,Kicukiro
5.0,Public Tapstand,Piped Water,unknown,Kicukiro,1,0.04909403558168812,4.9,-2.0187149999999967,30.129227800000013,Rwanda,Kicukiro
21.0,Public Tapstand,Piped Water,unknown,Kicukiro,1,0.8390797724992163,83.9,-2.0187999999999997,30.13012833333333,Rwanda,Kicukiro
5.0,Public Tapstand,unknown,unknown,Kicukiro,1,0.4091365696229732,40.9,-2.0129160100000005,30.122206069999987,Rwanda,Kicukiro
5.0,Public Tapstand,unknown,unknown,Kicukiro,1,0.4091365696229732,40.9,-2.013634010000015,30.127875910000004,Rwanda,Kicukiro
16.0,Public Tapstand,Piped Water,unknown,Kicukiro,1,0.8690474860590316,86.9,-2.012261666666667,30.109260000000003,Rwanda,Kicukiro
5.0,Public Tapstand,unknown,unknown,Kicukiro,1,0.4091365696229732,40.9,-2.009530220000012,30.12312196000001,Rwanda,Kicukiro
5.0,Public Tapstand,unknown,unknown,Kicukiro,1,0.4091365696229732,40.9,-2.005130900000014,30.128796499999996,Rwanda,Kicukiro
5.0,Public Tapstand,unknown,unknown,Kicukiro,1,0.4091365696229732,40.9,-2.006744000000003,30.130442099999993,Rwanda,Kicukiro
15.0,Public Tapstand,Piped Water,unknown,Kicukiro,1,0.8515596146646788,85.2,-2.0033066666666666,30.126951666666667,Rwanda,Kicukiro
8.0,Public Tapstand,unknown,unknown,Kicukiro,1,0.7232419717831573,72.3,-2.04743265,30.19654545,Rwanda,Kicukiro
8.0,Public Tapstand,unknown,unknown,Kicukiro,1,0.7232419717831573,72.3,-2.02906661,30.19570915,Rwanda,Kicukiro
66.0,Public Tapstand,Piped Water,unknown,Kicukiro,1,0.23116695253454833,23.1,-2.024657493,30.1951553,Rwanda,Kicukiro
5.0,Public Tapstand,unknown,unknown,Kicukiro,1,0.4091365696229732,40.9,-2.022448200000008,30.1807865,Rwanda,Kicukiro
5.0,Public Tapstand,unknown,unknown,Kicukiro,1,0.4091365696229732,40.9,-2.0179462000000052,30.1881269,Rwanda,Kicukiro
5.0,Public Tapstand,Piped Water,unknown,Kicukiro,1,0.04909403558168812,4.9,-2.0084772000000064,30.170653099999992,Rwanda,Kicukiro
13.0,Public Tapstand,Piped Water,unknown,Kicukiro,1,0.8353606985038643,83.5,-2.0022016666666667,30.189226666666666,Rwanda,Kicukiro
12.0,Public Tapstand,Piped Water,unknown,Kicukiro,1,0.8388714808996548,83.9,-2.00198,30.189475,Rwanda,Kicukiro
5.0,Public Tapstand,unknown,unknown,Kicukiro,1,0.4091365696229732,40.9,-2.0017513000000116,30.190023400000005,Rwanda,Kicukiro
11.0,Public Tapstand,Piped Water,unknown,Kicukiro,1,0.8242188865255408,82.4,-2.001793333333333,30.19180666666667,Rwanda,Kicukiro
8.0,Public Tapstand,unknown,unknown,Kicukiro,1,0.7232419717831573,72.3,-2.04115026,30.22253956,Rwanda,Kicukiro
5.0,Public Tapstand,unknown,unknown,Kicukiro,1,0.4091365696229732,40.9,-2.034227300000004,30.206385599999997,Rwanda,Kicukiro
14.0,Public Tapstand,Piped Water,unknown,Kicukiro,1,0.8482829083062919,84.8,-2.02438,30.220208333333336,Rwanda,Kicukiro
8.0,Public Tapstand,unknown,unknown,Kicukiro,1,0.7232419717831573,72.3,-2.00244402,30.22622883,Rwanda,Kicukiro
8.0,Public Tapstand,unknown,unknown,Kicukiro,1,0.7232419717831573,72.3,-2.00007251,30.22126421,Rwanda,Kicukiro
14.0,Public Tapstand,Piped Water,unknown,Kicukiro,1,0.8482829083062919,84.8,-2.0008816666666664,30.232098333333337,Rwanda,Kicukiro
11.0,Kiosk,Piped Water,unknown,Rulindo,1,0.3631195564135088,36.3,-1.9106200000000002,29.983618333333332,Rwanda,Rulindo
5.0,Public Tapstand,unknown,unknown,Rulindo,1,0.42941536887925813,42.9,-1.907348700000016,29.980179400000004,Rwanda,Rulindo
8.0,Public Tapstand,unknown,unknown,Rulindo,1,0.6088340195620978,60.9,-1.906775616,29.98257852,Rwanda,Rulindo
5.0,Public Tapstand,unknown,unknown,Rulindo,1,0.42941536887925813,42.9,-1.9066146000000037,29.982789900000004,Rwanda,Rulindo
5.0,Public Tapstand,unknown,unknown,Rulindo,1,0.42941536887925813,42.9,-1.9036631000000126,29.98344439999999,Rwanda,Rulindo
5.0,Public Tapstand,unknown,unknown,Rulindo,1,0.42941536887925813,42.9,-1.9017878000000095,29.9748505,Rwanda,Rulindo
5.0,Public Tapstand,unknown,unknown,Rulindo,1,0.42941536887925813,42.9,-1.9018275999999938,29.978514800000003,Rwanda,Rulindo
8.0,Public Tapstand,unknown,unknown,Rulindo,1,0.6088340195620978,60.9,-1.879061753,29.94474518,Rwanda,Rulindo
8.0,Public Tapstand,unknown,unknown,Rulindo,1,0.6088340195620978,60.9,-1.878148603,29.94335095,Rwanda,Rulindo
8.0,Public Tapstand,unknown,unknown,Rulindo,1,0.6088340195620978,60.9,-1.874270454,29.93580088,Rwanda,Rulindo
8.0,Public Tapstand,unknown,unknown,Rulindo,1,0.6088340195620978,60.9,-1.869310884,29.93838309,Rwanda,Rulindo
8.0,Public Tapstand,unknown,unknown,Rulindo,1,0.6088340195620978,60.9,-1.86608333,29.93138346,Rwanda,Rulindo
8.0,Public Tapstand,unknown,unknown,Rulindo,1,0.6088340195620978,60.9,-1.863343876,29.92751444,Rwanda,Rulindo
8.0,Public Tapstand,unknown,unknown,Rulindo,1,0.6088340195620978,60.9,-1.85549708,29.90561339,Rwanda,Rulindo
8.0,Public Tapstand,unknown,unknown,Rulindo,1,0.6088340195620978,60.9,-1.85695668,29.91952126,Rwanda,Rulindo
8.0,Public Tapstand,unknown,unknown,Rulindo,1,0.6088340195620978,60.9,-1.856222479,29.92336119,Rwanda,Rulindo
8.0,Public Tapstand,unknown,unknown,Rulindo,1,0.6088340195620978,60.9,-1.85610842,29.92342183,Rwanda,Rulindo
8.0,Public Tapstand,unknown,unknown,Rulindo,1,0.6088340195620978,60.9,-1.856289858,29.93071316,Rwanda,Rulindo
8.0,Public Tapstand,unknown,unknown,Rulindo,1,0.6088340195620978,60.9,-1.852927744,29.91001,Rwanda,Rulindo
5.0,Public Tapstand,unknown,unknown,Rulindo,1,0.42941536887925813,42.9,-1.850175700000002,29.9134963,Rwanda,Rulindo
8.0,Public Tapstand,unknown,unknown,Rulindo,1,0.6088340195620978,60.9,-1.851137029,29.91709705,Rwanda,Rulindo
8.0,Public Tapstand,unknown,unknown,Rulindo,1,0.6088340195620978,60.9,-1.850946427,29.9235758,Rwanda,Rulindo
8.0,Public Tapstand,unknown,unknown,Rulindo,1,0.6088340195620978,60.9,-1.85213305,29.93554905,Rwanda,Rulindo
8.0,Public Tapstand,unknown,unknown,Rulindo,1,0.6088340195620978,60.9,-1.852422545,29.9425906,Rwanda,Rulindo
5.0,Public Tapstand,unknown,unknown,Rulindo,1,0.42941536887925813,42.9,-1.8998595000000005,29.976326499999985,Rwanda,Rulindo
8.0,Public Tapstand,unknown,unknown,Rulindo,1,0.6088340195620978,60.9,-1.899746292,29.97645154,Rwanda,Rulindo
5.0,Public Tapstand,unknown,unknown,Rulindo,1,0.42941536887925813,42.9,-1.896055400000012,29.969801400000012,Rwanda,Rulindo
8.0,Public Tapstand,unknown,unknown,Rulindo,1,0.6088340195620978,60.9,-1.895935914,29.96975042,Rwanda,Rulindo
5.0,Public Tapstand,unknown,unknown,Rulindo,1,0.42941536887925813,42.9,-1.8952056000000055,29.974519699999984,Rwanda,Rulindo
8.0,Public Tapstand,unknown,unknown,Rulindo,1,0.6088340195620978,60.9,-1.895090267,29.97426004,Rwanda,Rulindo
8.0,Public Tapstand,unknown,unknown,Rulindo,1,0.6088340195620978,60.9,-1.894446456,29.96273392,Rwanda,Rulindo
5.0,Public Tapstand,unknown,unknown,Rulindo,1,0.42941536887925813,42.9,-1.8945202000000028,29.971675299999994,Rwanda,Rulindo
8.0,Public Tapstand,unknown,unknown,Rulindo,1,0.6088340195620978,60.9,-1.89439853,29.97207629,Rwanda,Rulindo
8.0,Public Tapstand,unknown,unknown,Rulindo,1,0.6088340195620978,60.9,-1.89064518,29.95740439,Rwanda,Rulindo
8.0,Public Tapstand,unknown,unknown,Rulindo,1,0.6088340195620978,60.9,-1.89089473,29.96255253,Rwanda,Rulindo
8.0,Public Tapstand,unknown,unknown,Rulindo,1,0.6088340195620978,60.9,-1.885001853,29.97183259,Rwanda,Rulindo
5.0,Public Tapstand,unknown,unknown,Rulindo,1,0.42941536887925813,42.9,-1.8679055000000113,29.980332799999985,Rwanda,Rulindo
5.0,Public Tapstand,unknown,unknown,Rulindo,1,0.42941536887925813,42.9,-1.8655700000000004,29.962927600000004,Rwanda,Rulindo
5.0,Public Tapstand,unknown,unknown,Rulindo,1,0.42941536887925813,42.9,-1.8636823999999945,29.963142,Rwanda,Rulindo
5.0,Public Tapstand,unknown,unknown,Rulindo,1,0.42941536887925813,42.9,-1.8560015000000152,29.974751299999994,Rwanda,Rulindo
8.0,Public Tapstand,unknown,unknown,Rulindo,1,0.6088340195620978,60.9,-1.855985438,29.9746581,Rwanda,Rulindo
5.0,Public Tapstand,unknown,unknown,Rulindo,1,0.42941536887925813,42.9,-1.8562441000000176,29.982654800000013,Rwanda,Rulindo
8.0,Public Tapstand,unknown,unknown,Rulindo,1,0.6088340195620978,60.9,-1.853297163,29.97102709,Rwanda,Rulindo
5.0,Public Tapstand,unknown,unknown,Rulindo,1,0.42941536887925813,42.9,-1.8509400000000014,29.96803439999999,Rwanda,Rulindo
5.0,Public Tapstand,unknown,unknown,Rulindo,1,0.42941536887925813,42.9,-1.850093800000019,29.97878220000001,Rwanda,Rulindo
5.0,Public Tapstand,unknown,unknown,Rulindo,1,0.42941536887925813,42.9,-1.8520141999999944,29.982390399999993,Rwanda,Rulindo
8.0,Public Tapstand,unknown,unknown,Rulindo,1,0.6088340195620978,60.9,-1.84882004,29.9163325,Rwanda,Rulindo
12.0,Public Tapstand,Piped Water,unknown,Rulindo,1,0.1447441826541046,14.5,-1.8416533333333334,29.92716666666667,Rwanda,Rulindo
5.0,Public Tapstand,unknown,unknown,Rulindo,1,0.42941536887925813,42.9,-1.8379131000000026,29.947869100000013,Rwanda,Rulindo
5.0,Public Tapstand,unknown,unknown,Rulindo,1,0.42941536887925813,42.9,-1.829043000000008,29.9264785,Rwanda,Rulindo
5.0,Public Tapstand,unknown,unknown,Rulindo,1,0.42941536887925813,42.9,-1.8240553999999962,29.928491,Rwanda,Rulindo
8.0,Public Tapstand,unknown,unknown,Rulindo,1,0.6088340195620978,60.9,-1.819413366,29.92138031,Rwanda,Rulindo
5.0,Public Tapstand,unknown,unknown,Rulindo,1,0.42941536887925813,42.9,-1.813065300000003,29.936931300000015,Rwanda,Rulindo
8.0,Public Tapstand,unknown,unknown,Rulindo,1,0.6088340195620978,60.9,-1.81335574,29.94887665,Rwanda,Rulindo
5.0,Public Tapstand,unknown,unknown,Rulindo,1,0.42941536887925813,42.9,-1.8123825000000078,29.93805579999999,Rwanda,Rulindo
5.0,Public Tapstand,unknown,unknown,Rulindo,1,0.42941536887925813,42.9,-1.8077253000000075,29.916064800000015,Rwanda,Rulindo
5.0,Public Tapstand,unknown,unknown,Rulindo,1,0.42941536887925813,42.9,-1.8091024000000049,29.9186809,Rwanda,Rulindo
5.0,Public Tapstand,unknown,unknown,Rulindo,1,0.42941536887925813,42.9,-1.807830700000007,29.922341799999998,Rwanda,Rulindo
5.0,Public Tapstand,unknown,unknown,Rulindo,1,0.42941536887925813,42.9,-1.8090009999999959,29.928515600000015,Rwanda,Rulindo
5.0,Public Tapstand,unknown,unknown,Rulindo,1,0.42941536887925813,42.9,-1.8089428999999975,29.932049399999997,Rwanda,Rulindo
5.0,Public Tapstand,unknown,unknown,Rulindo,1,0.42941536887925813,42.9,-1.8086978000000107,29.946481400000014,Rwanda,Rulindo
8.0,Public Tapstand,unknown,unknown,Rulindo,1,0.6088340195620978,60.9,-1.80583672,29.92505613,Rwanda,Rulindo
5.0,Public Tapstand,unknown,unknown,Rulindo,1,0.42941536887925813,42.9,-1.8426612000000089,29.956844,Rwanda,Rulindo
8.0,Public Tapstand,unknown,unknown,Gasabo,1,0.0965325778143542,9.7,-1.84405091,29.99630005,Rwanda,Gasabo
19.0,Public Tapstand,Piped Water,unknown,Rulindo,1,0.20064433917127678,20.1,-1.8406733333333336,29.954415,Rwanda,Rulindo
5.0,Public Tapstand,unknown,unknown,Rulindo,1,0.42941536887925813,42.9,-1.8423797000000026,29.964379899999987,Rwanda,Rulindo
8.0,Public Tapstand,unknown,unknown,Rulindo,1,0.6088340195620978,60.9,-1.83950235,29.95512385,Rwanda,Rulindo
5.0,Public Tapstand,unknown,unknown,Rulindo,1,0.42941536887925813,42.9,-1.8387657999999978,29.99381719999999,Rwanda,Rulindo
5.0,Public Tapstand,unknown,unknown,Rulindo,1,0.42941536887925813,42.9,-1.8359858000000102,29.9555302,Rwanda,Rulindo
5.0,Public Tapstand,unknown,unknown,Rulindo,1,0.42941536887925813,42.9,-1.8358098999999992,29.957492500000015,Rwanda,Rulindo
5.0,Public Tapstand,unknown,unknown,Rulindo,1,0.42941536887925813,42.9,-1.834867590000014,29.972949760000002,Rwanda,Rulindo
5.0,Public Tapstand,unknown,unknown,Rulindo,1,0.42941536887925813,42.9,-1.8339403100000085,29.98803210999999,Rwanda,Rulindo
5.0,Public Tapstand,unknown,unknown,Rulindo,1,0.42941536887925813,42.9,-1.8250243800000088,29.983724090000013,Rwanda,Rulindo
8.0,Public Tapstand,unknown,unknown,Rulindo,1,0.6088340195620978,60.9,-1.82505973,29.9840244,Rwanda,Rulindo
5.0,Public Tapstand,unknown,unknown,Rulindo,1,0.42941536887925813,42.9,-1.8238714000000065,29.950321999999996,Rwanda,Rulindo
5.0,Public Tapstand,unknown,unknown,Rulindo,1,0.42941536887925813,42.9,-1.8239795200000137,29.96997283999999,Rwanda,Rulindo
8.0,Public Tapstand,unknown,unknown,Rulindo,1,0.6088340195620978,60.9,-1.82390924,29.97008303,Rwanda,Rulindo
8.0,Public Tapstand,unknown,unknown,Rulindo,1,0.6088340195620978,60.9,-1.82140862,29.95255858,Rwanda,Rulindo
5.0,Public Tapstand,unknown,unknown,Rulindo,1,0.42941536887925813,42.9,-1.8210684000000172,29.952581900000002,Rwanda,Rulindo
5.0,Public Tapstand,unknown,unknown,Rulindo,1,0.42941536887925813,42.9,-1.821970709999997,29.97600418,Rwanda,Rulindo
5.0,Public Tapstand,unknown,unknown,Rulindo,1,0.42941536887925813,42.9,-1.8192753700000173,29.99644082000001,Rwanda,Rulindo
5.0,Public Tapstand,unknown,unknown,Rulindo,1,0.42941536887925813,42.9,-1.8157799100000038,29.97473186,Rwanda,Rulindo
5.0,Public Tapstand,unknown,unknown,Rulindo,1,0.42941536887925813,42.9,-1.8158891400000075,29.989480180000005,Rwanda,Rulindo
5.0,Public Tapstand,unknown,unknown,Rulindo,1,0.42941536887925813,42.9,-1.8145770100000158,29.982718379999998,Rwanda,Rulindo
8.0,Public Tapstand,unknown,unknown,Rulindo,1,0.6088340195620978,60.9,-1.81139028,29.97320802,Rwanda,Rulindo
5.0,Public Tapstand,unknown,unknown,Rulindo,1,0.42941536887925813,42.9,-1.8112762300000018,29.985715970000015,Rwanda,Rulindo
8.0,Public Tapstand,unknown,unknown,Rulindo,1,0.6088340195620978,60.9,-1.80962805,29.98197244,Rwanda,Rulindo
5.0,Public Tapstand,unknown,unknown,Rulindo,1,0.42941536887925813,42.9,-1.79399150000001,29.9269392,Rwanda,Rulindo
5.0,Public Tapstand,unknown,unknown,Rulindo,1,0.42941536887925813,42.9,-1.792634700000009,29.936029099999985,Rwanda,Rulindo
5.0,Public Tapstand,unknown,unknown,Rulindo,1,0.42941536887925813,42.9,-1.7914439000000153,29.939244900000013,Rwanda,Rulindo
5.0,Public Tapstand,unknown,unknown,Rulindo,1,0.42941536887925813,42.9,-1.7920363000000066,29.94065180000001,Rwanda,Rulindo
8.0,Public Tapstand,unknown,unknown,Rulindo,1,0.6088340195620978,60.9,-1.78844951,29.94806141,Rwanda,Rulindo
8.0,Public Tapstand,unknown,unknown,Rulindo,1,0.6088340195620978,60.9,-1.78533456,29.94618919,Rwanda,Rulindo
8.0,Public Tapstand,unknown,unknown,Rulindo,1,0.6088340195620978,60.9,-1.78255671,29.92933653,Rwanda,Rulindo
8.0,Public Tapstand,unknown,unknown,Rulindo,1,0.6088340195620978,60.9,-1.78389225,29.93486928,Rwanda,Rulindo
5.0,Public Tapstand,unknown,unknown,Rulindo,1,0.42941536887925813,42.9,-1.7794541000000055,29.920940600000005,Rwanda,Rulindo
5.0,Public Tapstand,unknown,unknown,Rulindo,1,0.42941536887925813,42.9,-1.7793219999999947,29.932156800000005,Rwanda,Rulindo
5.0,Public Tapstand,unknown,unknown,Rulindo,1,0.42941536887925813,42.9,-1.7776641000000013,29.931027799999995,Rwanda,Rulindo
5.0,Public Tapstand,unknown,unknown,Rulindo,1,0.42941536887925813,42.9,-1.775758300000005,29.928979000000005,Rwanda,Rulindo
5.0,Public Tapstand,unknown,unknown,Rulindo,1,0.42941536887925813,42.9,-1.7760622000000132,29.932769499999992,Rwanda,Rulindo
5.0,Public Tapstand,unknown,unknown,Rulindo,1,0.42941536887925813,42.9,-1.7663111000000082,29.9298243,Rwanda,Rulindo
8.0,Public Tapstand,unknown,unknown,Rulindo,1,0.6088340195620978,60.9,-1.76574136,29.93462601,Rwanda,Rulindo
8.0,Public Tapstand,unknown,unknown,Rulindo,1,0.6088340195620978,60.9,-1.7523515,29.90796993,Rwanda,Rulindo
5.0,Public Tapstand,unknown,unknown,Rulindo,1,0.42941536887925813,42.9,-1.7521888800000098,29.907873429999984,Rwanda,Rulindo
5.0,Public Tapstand,unknown,unknown,Rulindo,1,0.42941536887925813,42.9,-1.751719049999995,29.912897959999995,Rwanda,Rulindo
8.0,Public Tapstand,unknown,unknown,Rulindo,1,0.6088340195620978,60.9,-1.79276241,29.98307564,Rwanda,Rulindo
8.0,Public Tapstand,unknown,unknown,Rulindo,1,0.6088340195620978,60.9,-1.79464601,29.98963974,Rwanda,Rulindo
8.0,Public Tapstand,unknown,unknown,Rulindo,1,0.6088340195620978,60.9,-1.79368382,29.99033322,Rwanda,Rulindo
8.0,Public Tapstand,unknown,unknown,Rulindo,1,0.6088340195620978,60.9,-1.77716524,29.96869135,Rwanda,Rulindo
8.0,Public Tapstand,unknown,unknown,Rulindo,1,0.6088340195620978,60.9,-1.772185506,29.96358569,Rwanda,Rulindo
8.0,Public Tapstand,unknown,unknown,Rulindo,1,0.6088340195620978,60.9,-1.768415202,29.96700224,Rwanda,Rulindo
8.0,Public Tapstand,unknown,unknown,Rulindo,1,0.6088340195620978,60.9,-1.766908,29.99699188,Rwanda,Rulindo
8.0,Public Tapstand,unknown,unknown,Rulindo,1,0.6088340195620978,60.9,-1.76685472,29.9971303,Rwanda,Rulindo
8.0,Public Tapstand,unknown,unknown,Rulindo,1,0.6088340195620978,60.9,-1.76511684,29.99583574,Rwanda,Rulindo
8.0,Public Tapstand,unknown,unknown,Rulindo,1,0.6088340195620978,60.9,-1.76510207,29.99598643,Rwanda,Rulindo
5.0,Public Tapstand,unknown,unknown,Rulindo,1,0.42941536887925813,42.9,-1.7641880000000127,29.950580900000006,Rwanda,Rulindo
8.0,Public Tapstand,unknown,unknown,Rulindo,1,0.6088340195620978,60.9,-1.75596352,29.99696646,Rwanda,Rulindo
5.0,Public Tapstand,unknown,unknown,Rulindo,1,0.42941536887925813,42.9,-1.7111536999999974,29.89794750000001,Rwanda,Rulindo
5.0,Public Tapstand,unknown,unknown,Rulindo,1,0.42941536887925813,42.9,-1.7031144999999956,29.894665300000014,Rwanda,Rulindo
8.0,Public Tapstand,unknown,unknown,Rulindo,1,0.6088340195620978,60.9,-1.748500466,29.93831642,Rwanda,Rulindo
8.0,Public Tapstand,unknown,unknown,Rulindo,1,0.6088340195620978,60.9,-1.745398686,29.93913291,Rwanda,Rulindo
5.0,Public Tapstand,unknown,unknown,Rulindo,1,0.42941536887925813,42.9,-1.7441534900000102,29.906812269999996,Rwanda,Rulindo
8.0,Public Tapstand,unknown,unknown,Rulindo,1,0.6088340195620978,60.9,-1.743439817,29.91913511,Rwanda,Rulindo
8.0,Public Tapstand,unknown,unknown,Rulindo,1,0.6088340195620978,60.9,-1.74032528,29.93503646,Rwanda,Rulindo
5.0,Public Tapstand,unknown,unknown,Rulindo,1,0.42941536887925813,42.9,-1.7388566000000119,29.939446999999998,Rwanda,Rulindo
5.0,Public Tapstand,unknown,unknown,Rulindo,1,0.42941536887925813,42.9,-1.7375183100000149,29.90333430999998,Rwanda,Rulindo
5.0,Public Tapstand,unknown,unknown,Rulindo,1,0.42941536887925813,42.9,-1.7339712500000164,29.90855663000001,Rwanda,Rulindo
5.0,Public Tapstand,unknown,unknown,Rulindo,1,0.42941536887925813,42.9,-1.7339022700000128,29.918620509999993,Rwanda,Rulindo
5.0,Public Tapstand,unknown,unknown,Rulindo,1,0.42941536887925813,42.9,-1.730423169999999,29.919183940000007,Rwanda,Rulindo
14.0,Public Tapstand,Piped Water,unknown,Rulindo,1,0.5296649947765677,53.0,-1.73008,29.91916666666667,Rwanda,Rulindo
5.0,Public Tapstand,unknown,unknown,Rulindo,1,0.42941536887925813,42.9,-1.7305354600000082,29.920477679999994,Rwanda,Rulindo
8.0,Public Tapstand,unknown,unknown,Rulindo,1,0.6088340195620978,60.9,-1.728410895,29.9350014,Rwanda,Rulindo
5.0,Public Tapstand,unknown,unknown,Rulindo,1,0.42941536887925813,42.9,-1.722561300000013,29.904990699999992,Rwanda,Rulindo
5.0,Public Tapstand,unknown,unknown,Rulindo,1,0.42941536887925813,42.9,-1.7248296000000052,29.921948679999986,Rwanda,Rulindo
5.0,Public Tapstand,unknown,unknown,Rulindo,1,0.42941536887925813,42.9,-1.721755059999994,29.915719210000006,Rwanda,Rulindo
5.0,Public Tapstand,unknown,unknown,Rulindo,1,0.42941536887925813,42.9,-1.7207602000000057,29.932180999999993,Rwanda,Rulindo
5.0,Public Tapstand,unknown,unknown,Rulindo,1,0.42941536887925813,42.9,-1.721914800000014,29.941044299999987,Rwanda,Rulindo
5.0,Public Tapstand,unknown,unknown,Rulindo,1,0.42941536887925813,42.9,-1.7218267000000118,29.947472299999987,Rwanda,Rulindo
5.0,Public Tapstand,unknown,unknown,Gakenke,1,0.06789782600226846,6.8,-1.7193432000000135,29.90001010000001,Rwanda,Gakenke
5.0,Public Tapstand,unknown,unknown,Rulindo,1,0.42941536887925813,42.9,-1.7186878000000148,29.91851434999999,Rwanda,Rulindo
5.0,Public Tapstand,unknown,unknown,Rulindo,1,0.42941536887925813,42.9,-1.7155668000000022,29.914935899999993,Rwanda,Rulindo
5.0,Public Tapstand,unknown,unknown,Rulindo,1,0.42941536887925813,42.9,-1.7160926000000125,29.92763740000001,Rwanda,Rulindo
5.0,Public Tapstand,unknown,unknown,Rulindo,1,0.42941536887925813,42.9,-1.7134919000000013,29.903640400000004,Rwanda,Rulindo
5.0,Public Tapstand,unknown,unknown,Rulindo,1,0.42941536887925813,42.9,-1.713049700000001,29.929555200000006,Rwanda,Rulindo
5.0,Public Tapstand,unknown,unknown,Rulindo,1,0.42941536887925813,42.9,-1.7108208900000177,29.921242999999993,Rwanda,Rulindo
8.0,Public Tapstand,unknown,unknown,Rulindo,1,0.6088340195620978,60.9,-1.70654587,29.92690405,Rwanda,Rulindo
8.0,Public Tapstand,unknown,unknown,Rulindo,1,0.6088340195620978,60.9,-1.70742368,29.92898258,Rwanda,Rulindo
5.0,Public Tapstand,unknown,unknown,Rulindo,1,0.42941536887925813,42.9,-1.7050493399999964,29.92883515999998,Rwanda,Rulindo
12.0,Public Tapstand,Piped Water,unknown,Rulindo,1,0.1447441826541046,14.5,-1.7059516666666668,29.93925,Rwanda,Rulindo
5.0,Public Tapstand,unknown,unknown,Rulindo,1,0.42941536887925813,42.9,-1.705370700000006,29.939102100000003,Rwanda,Rulindo
8.0,Public Tapstand,unknown,unknown,Rulindo,1,0.6088340195620978,60.9,-1.7051973,29.94665867,Rwanda,Rulindo
5.0,Public Tapstand,unknown,unknown,Rulindo,1,0.42941536887925813,42.9,-1.7050921000000139,29.94665299999999,Rwanda,Rulindo
5.0,Public Tapstand,unknown,unknown,Rulindo,1,0.42941536887925813,42.9,-1.704166499999995,29.906404800000004,Rwanda,Rulindo
5.0,Public Tapstand,unknown,unknown,Rulindo,1,0.42941536887925813,42.9,-1.7041644500000137,29.917501469999994,Rwanda,Rulindo
5.0,Public Tapstand,unknown,unknown,Rulindo,1,0.42941536887925813,42.9,-1.700095680000011,29.940486300000003,Rwanda,Rulindo
5.0,Public Tapstand,unknown,unknown,Rulindo,1,0.42941536887925813,42.9,-1.700803600000003,29.944188899999997,Rwanda,Rulindo
5.0,Public Tapstand,unknown,unknown,Rulindo,1,0.42941536887925813,42.9,-1.7498480800000111,29.998858649999992,Rwanda,Rulindo
8.0,Public Tapstand,unknown,unknown,Rulindo,1,0.6088340195620978,60.9,-1.745899517,29.96610663,Rwanda,Rulindo
8.0,Public Tapstand,unknown,unknown,Rulindo,1,0.6088340195620978,60.9,-1.743609091,29.96569455,Rwanda,Rulindo
5.0,Public Tapstand,unknown,unknown,Rulindo,1,0.42941536887925813,42.9,-1.7353112999999958,29.951021400000002,Rwanda,Rulindo
5.0,Public Tapstand,unknown,unknown,Rulindo,1,0.42941536887925813,42.9,-1.7323052000000074,29.96081819999999,Rwanda,Rulindo
5.0,Public Tapstand,unknown,unknown,Rulindo,1,0.42941536887925813,42.9,-1.7316621999999968,29.9664545,Rwanda,Rulindo
5.0,Public Tapstand,unknown,unknown,Rulindo,1,0.42941536887925813,42.9,-1.7300394,29.970282599999994,Rwanda,Rulindo
5.0,Public Tapstand,unknown,unknown,Rulindo,1,0.42941536887925813,42.9,-1.730737200000016,29.972739000000004,Rwanda,Rulindo
8.0,Public Tapstand,unknown,unknown,Rulindo,1,0.6088340195620978,60.9,-1.72636249,29.9560007,Rwanda,Rulindo
5.0,Public Tapstand,unknown,unknown,Rulindo,1,0.42941536887925813,42.9,-1.7250122999999973,29.96018339999999,Rwanda,Rulindo
5.0,Public Tapstand,unknown,unknown,Rulindo,1,0.42941536887925813,42.9,-1.7268044900000104,29.994508439999993,Rwanda,Rulindo
5.0,Public Tapstand,unknown,unknown,Rulindo,1,0.42941536887925813,42.9,-1.7204160000000113,29.95045099999999,Rwanda,Rulindo
5.0,Public Tapstand,unknown,unknown,Rulindo,1,0.42941536887925813,42.9,-1.716452700000009,29.955122600000006,Rwanda,Rulindo
5.0,Public Tapstand,unknown,unknown,Rulindo,1,0.42941536887925813,42.9,-1.715718900000016,29.971494299999993,Rwanda,Rulindo
8.0,Public Tapstand,unknown,unknown,Rulindo,1,0.6088340195620978,60.9,-1.714410212,29.99025563,Rwanda,Rulindo
5.0,Public Tapstand,unknown,unknown,Rulindo,1,0.42941536887925813,42.9,-1.7096727000000065,29.95038259999999,Rwanda,Rulindo
5.0,Public Tapstand,unknown,unknown,Rulindo,1,0.42941536887925813,42.9,-1.7085088700000084,29.97468059999998,Rwanda,Rulindo
5.0,Public Tapstand,unknown,unknown,Rulindo,1,0.42941536887925813,42.9,-1.7032257000000104,29.957190799999985,Rwanda,Rulindo
5.0,Public Tapstand,unknown,unknown,Rulindo,1,0.42941536887925813,42.9,-1.7002365299999993,29.974627320000003,Rwanda,Rulindo
8.0,Public Tapstand,unknown,unknown,Rulindo,1,0.6088340195620978,60.9,-1.700030307,29.98978548,Rwanda,Rulindo
5.0,Public Tapstand,unknown,unknown,Rulindo,1,0.42941536887925813,42.9,-1.6975038700000173,29.89322434999999,Rwanda,Rulindo
5.0,Public Tapstand,unknown,unknown,Rulindo,1,0.42941536887925813,42.9,-1.6805846900000068,29.881696300000005,Rwanda,Rulindo
5.0,Public Tapstand,unknown,unknown,Rulindo,1,0.42941536887925813,42.9,-1.6805498500000124,29.88773052000001,Rwanda,Rulindo
5.0,Public Tapstand,unknown,unknown,Rulindo,1,0.42941536887925813,42.9,-1.6783873000000122,29.89843745999998,Rwanda,Rulindo
5.0,Public Tapstand,unknown,unknown,Rulindo,1,0.42941536887925813,42.9,-1.67571999,29.898001490000002,Rwanda,Rulindo
5.0,Public Tapstand,unknown,unknown,Rulindo,1,0.42941536887925813,42.9,-1.673217200000017,29.889181500000007,Rwanda,Rulindo
5.0,Public Tapstand,unknown,unknown,Rulindo,1,0.42941536887925813,42.9,-1.6701240000000175,29.890785800000007,Rwanda,Rulindo
5.0,Public Tapstand,unknown,unknown,Rulindo,1,0.42941536887925813,42.9,-1.6682269600000186,29.882692800000008,Rwanda,Rulindo
5.0,Public Tapstand,unknown,unknown,Rulindo,1,0.42941536887925813,42.9,-1.6652015399999978,29.881525950000004,Rwanda,Rulindo
5.0,Public Tapstand,unknown,unknown,Rulindo,1,0.42941536887925813,42.9,-1.6663119499999963,29.885400380000004,Rwanda,Rulindo
12.0,Public Tapstand,Piped Water,unknown,Rulindo,1,0.1447441826541046,14.5,-1.6649183333333335,29.88703666666667,Rwanda,Rulindo
5.0,Public Tapstand,unknown,unknown,Rulindo,1,0.42941536887925813,42.9,-1.6617706499999987,29.87864646,Rwanda,Rulindo
5.0,Public Tapstand,unknown,unknown,Rulindo,1,0.42941536887925813,42.9,-1.6595861999999983,29.89658219999999,Rwanda,Rulindo
5.0,Public Tapstand,unknown,unknown,Rulindo,1,0.42941536887925813,42.9,-1.6569411999999977,29.894135799999997,Rwanda,Rulindo
5.0,Public Tapstand,unknown,unknown,Rulindo,1,0.42941536887925813,42.9,-1.6550650000000013,29.892680699999996,Rwanda,Rulindo
5.0,Public Tapstand,unknown,unknown,Rulindo,1,0.42941536887925813,42.9,-1.6518327000000017,29.88424969999999,Rwanda,Rulindo
8.0,Public Tapstand,unknown,unknown,Rulindo,1,0.6088340195620978,60.9,-1.6516695,29.88436423,Rwanda,Rulindo
5.0,Public Tapstand,unknown,unknown,Rulindo,1,0.42941536887925813,42.9,-1.6519515000000058,29.89583420000001,Rwanda,Rulindo
5.0,Public Tapstand,unknown,unknown,Rulindo,1,0.42941536887925813,42.9,-1.6993877999999978,29.906736199999987,Rwanda,Rulindo
5.0,Public Tapstand,unknown,unknown,Rulindo,1,0.42941536887925813,42.9,-1.699498060000015,29.933428290000013,Rwanda,Rulindo
5.0,Public Tapstand,unknown,unknown,Rulindo,1,0.42941536887925813,42.9,-1.6985475600000097,29.941143459999996,Rwanda,Rulindo
5.0,Public Tapstand,unknown,unknown,Rulindo,1,0.42941536887925813,42.9,-1.6962345800000134,29.907036660000006,Rwanda,Rulindo
8.0,Public Tapstand,unknown,unknown,Rulindo,1,0.6088340195620978,60.9,-1.69744088,29.91532524,Rwanda,Rulindo
5.0,Public Tapstand,unknown,unknown,Rulindo,1,0.42941536887925813,42.9,-1.697368510000018,29.91525321999999,Rwanda,Rulindo
8.0,Public Tapstand,unknown,unknown,Rulindo,1,0.6088340195620978,60.9,-1.69487195,29.92176175,Rwanda,Rulindo
5.0,Public Tapstand,unknown,unknown,Rulindo,1,0.42941536887925813,42.9,-1.694780510000001,29.926794619999992,Rwanda,Rulindo
5.0,Public Tapstand,unknown,unknown,Rulindo,1,0.42941536887925813,42.9,-1.6914169000000165,29.901449900000006,Rwanda,Rulindo
5.0,Public Tapstand,unknown,unknown,Rulindo,1,0.42941536887925813,42.9,-1.6914382000000168,29.902093299999997,Rwanda,Rulindo
8.0,Public Tapstand,unknown,unknown,Rulindo,1,0.6088340195620978,60.9,-1.69134164,29.93777112,Rwanda,Rulindo
5.0,Public Tapstand,unknown,unknown,Rulindo,1,0.42941536887925813,42.9,-1.691315600000018,29.93788100000001,Rwanda,Rulindo
5.0,Public Tapstand,unknown,unknown,Rulindo,1,0.42941536887925813,42.9,-1.6873431299999941,29.902709180000002,Rwanda,Rulindo
5.0,Public Tapstand,unknown,unknown,Rulindo,1,0.42941536887925813,42.9,-1.6870860999999988,29.91384104999999,Rwanda,Rulindo
5.0,Public Tapstand,unknown,unknown,Rulindo,1,0.42941536887925813,42.9,-1.687063900000018,29.936750199999988,Rwanda,Rulindo
5.0,Public Tapstand,unknown,unknown,Rulindo,1,0.42941536887925813,42.9,-1.6857579000000065,29.938715399999996,Rwanda,Rulindo
5.0,Public Tapstand,unknown,unknown,Rulindo,1,0.42941536887925813,42.9,-1.683713619999999,29.901540879999995,Rwanda,Rulindo
5.0,Public Tapstand,unknown,unknown,Rulindo,1,0.42941536887925813,42.9,-1.6844327000000006,29.940669399999987,Rwanda,Rulindo
5.0,Public Tapstand,unknown,unknown,Rulindo,1,0.42941536887925813,42.9,-1.6825083400000138,29.901683119999998,Rwanda,Rulindo
5.0,Public Tapstand,unknown,unknown,Rulindo,1,0.42941536887925813,42.9,-1.6815418500000037,29.91010017999999,Rwanda,Rulindo
5.0,Public Tapstand,unknown,unknown,Rulindo,1,0.42941536887925813,42.9,-1.6806156000000116,29.94064049999999,Rwanda,Rulindo
5.0,Public Tapstand,unknown,unknown,Rulindo,1,0.42941536887925813,42.9,-1.682004400000012,29.945861000000008,Rwanda,Rulindo
5.0,Public Tapstand,unknown,unknown,Rulindo,1,0.42941536887925813,42.9,-1.6783368000000034,29.9076189,Rwanda,Rulindo
8.0,Public Tapstand,unknown,unknown,Rulindo,1,0.6088340195620978,60.9,-1.67815533,29.9077115,Rwanda,Rulindo
5.0,Public Tapstand,unknown,unknown,Rulindo,1,0.42941536887925813,42.9,-1.6796587300000008,29.91464964,Rwanda,Rulindo
5.0,Public Tapstand,unknown,unknown,Rulindo,1,0.42941536887925813,42.9,-1.6776355000000116,29.94829139999999,Rwanda,Rulindo
5.0,Public Tapstand,unknown,unknown,Rulindo,1,0.42941536887925813,42.9,-1.6727952299999989,29.92016381000001,Rwanda,Rulindo
5.0,Public Tapstand,unknown,unknown,Rulindo,1,0.42941536887925813,42.9,-1.6731439000000146,29.927520299999998,Rwanda,Rulindo
8.0,Public Tapstand,unknown,unknown,Rulindo,1,0.6088340195620978,60.9,-1.67085801,29.92378759,Rwanda,Rulindo
8.0,Public Tapstand,unknown,unknown,Rulindo,1,0.6088340195620978,60.9,-1.67078204,29.9237859,Rwanda,Rulindo
11.0,Public Tapstand,Piped Water,unknown,Rulindo,1,0.5688773220415491,56.9,-1.6713233333333335,29.949673333333333,Rwanda,Rulindo
5.0,Public Tapstand,unknown,unknown,Rulindo,1,0.42941536887925813,42.9,-1.668110899999999,29.920760489999992,Rwanda,Rulindo
8.0,Public Tapstand,unknown,unknown,Rulindo,1,0.6088340195620978,60.9,-1.669302424,29.93951624,Rwanda,Rulindo
5.0,Public Tapstand,unknown,unknown,Rulindo,1,0.42941536887925813,42.9,-1.669757500000006,29.948745600000006,Rwanda,Rulindo
5.0,Public Tapstand,unknown,unknown,Rulindo,1,0.42941536887925813,42.9,-1.665050600000005,29.90211400000001,Rwanda,Rulindo
8.0,Public Tapstand,unknown,unknown,Rulindo,1,0.6088340195620978,60.9,-1.66553156,29.90593297,Rwanda,Rulindo
5.0,Public Tapstand,unknown,unknown,Rulindo,1,0.42941536887925813,42.9,-1.6656866000000006,29.933089700000007,Rwanda,Rulindo
5.0,Public Tapstand,unknown,unknown,Rulindo,1,0.42941536887925813,42.9,-1.6669364000000113,29.941094900000003,Rwanda,Rulindo
5.0,Public Tapstand,unknown,unknown,Rulindo,1,0.42941536887925813,42.9,-1.6668903999999947,29.948175899999985,Rwanda,Rulindo
8.0,Public Tapstand,unknown,unknown,Rulindo,1,0.6088340195620978,60.9,-1.662619212,29.92528426,Rwanda,Rulindo
5.0,Public Tapstand,unknown,unknown,Rulindo,1,0.42941536887925813,42.9,-1.6587965000000107,29.911046799999987,Rwanda,Rulindo
5.0,Public Tapstand,unknown,unknown,Rulindo,1,0.42941536887925813,42.9,-1.6545484000000097,29.9049726,Rwanda,Rulindo
8.0,Public Tapstand,unknown,unknown,Rulindo,1,0.6088340195620978,60.9,-1.65463762,29.90634774,Rwanda,Rulindo
5.0,Public Tapstand,unknown,unknown,Rulindo,1,0.42941536887925813,42.9,-1.6500774000000025,29.914905699999988,Rwanda,Rulindo
8.0,Public Tapstand,unknown,unknown,Rulindo,1,0.6088340195620978,60.9,-1.65145267,29.91877575,Rwanda,Rulindo
5.0,Public Tapstand,unknown,unknown,Rulindo,1,0.42941536887925813,42.9,-1.65023570000001,29.942108299999997,Rwanda,Rulindo
5.0,Public Tapstand,unknown,unknown,Rulindo,1,0.42941536887925813,42.9,-1.6505903999999954,29.946763500000003,Rwanda,Rulindo
5.0,Public Tapstand,unknown,unknown,Rulindo,1,0.42941536887925813,42.9,-1.6988697999999978,29.956863100000003,Rwanda,Rulindo
5.0,Public Tapstand,unknown,unknown,Rulindo,1,0.42941536887925813,42.9,-1.6938174000000175,29.956354199999993,Rwanda,Rulindo
5.0,Public Tapstand,unknown,unknown,Rulindo,1,0.42941536887925813,42.9,-1.6875070999999968,29.95476109999999,Rwanda,Rulindo
5.0,Public Tapstand,unknown,unknown,Rulindo,1,0.42941536887925813,42.9,-1.6851218000000001,29.953916000000007,Rwanda,Rulindo
5.0,Public Tapstand,unknown,unknown,Rulindo,1,0.42941536887925813,42.9,-1.6873573400000144,29.975423870000007,Rwanda,Rulindo
8.0,Public Tapstand,unknown,unknown,Rulindo,1,0.6088340195620978,60.9,-1.673698468,29.95603128,Rwanda,Rulindo
5.0,Public Tapstand,unknown,unknown,Rulindo,1,0.42941536887925813,42.9,-1.6745589999999968,29.971688700000012,Rwanda,Rulindo
5.0,Public Tapstand,Piped Water,unknown,Rulindo,1,0.08253951226978451,8.3,-1.6717622000000143,29.9537222,Rwanda,Rulindo
8.0,Public Tapstand,unknown,unknown,Rulindo,1,0.6088340195620978,60.9,-1.67174935,29.95380952,Rwanda,Rulindo
34.0,Kiosk,Piped Water,unknown,Rulindo,1,0.137836942944637,13.8,-1.6681233333333334,29.98356833333333,Rwanda,Rulindo
8.0,Public Tapstand,unknown,unknown,Rulindo,1,0.6088340195620978,60.9,-1.666571125,29.96088818,Rwanda,Rulindo
27.0,Public Tapstand,Piped Water,unknown,Rulindo,1,0.21525458713277168,21.5,-1.665333117,29.98548747,Rwanda,Rulindo
5.0,Public Tapstand,unknown,unknown,Rulindo,1,0.42941536887925813,42.9,-1.6633826999999977,29.9828165,Rwanda,Rulindo
8.0,Public Tapstand,unknown,unknown,Rulindo,1,0.6088340195620978,60.9,-1.663739123,29.98801551,Rwanda,Rulindo
14.0,Public Tapstand,Piped Water,unknown,Rulindo,1,0.5296649947765677,53.0,-1.6612683333333331,29.98944333333333,Rwanda,Rulindo
14.0,Public Tapstand,Piped Water,unknown,Rulindo,1,0.5296649947765677,53.0,-1.661355,29.989649999999997,Rwanda,Rulindo
5.0,Public Tapstand,unknown,unknown,Rulindo,1,0.42941536887925813,42.9,-1.657619600000011,29.988118399999998,Rwanda,Rulindo
8.0,Public Tapstand,unknown,unknown,Rulindo,1,0.6088340195620978,60.9,-1.657511826,29.98819517,Rwanda,Rulindo
5.0,Public Tapstand,unknown,unknown,Rulindo,1,0.42941536887925813,42.9,-1.6595941000000067,29.992018299999994,Rwanda,Rulindo
8.0,Public Tapstand,unknown,unknown,Rulindo,1,0.6088340195620978,60.9,-1.659909294,29.99688254,Rwanda,Rulindo
5.0,Public Tapstand,unknown,unknown,Rulindo,1,0.42941536887925813,42.9,-1.6533027000000127,29.9779324,Rwanda,Rulindo
8.0,Public Tapstand,unknown,unknown,Rulindo,1,0.6088340195620978,60.9,-1.64770866,29.88410291,Rwanda,Rulindo
8.0,Public Tapstand,unknown,unknown,Rulindo,1,0.6088340195620978,60.9,-1.64752074,29.88567367,Rwanda,Rulindo
8.0,Public Tapstand,unknown,unknown,Rulindo,1,0.6088340195620978,60.9,-1.64222988,29.87704485,Rwanda,Rulindo
5.0,Public Tapstand,unknown,unknown,Rulindo,1,0.42941536887925813,42.9,-1.6406359000000104,29.894497800000003,Rwanda,Rulindo
5.0,Public Tapstand,unknown,unknown,Rulindo,1,0.42941536887925813,42.9,-1.640073700000019,29.89329559999998,Rwanda,Rulindo
8.0,Public Tapstand,unknown,unknown,Rulindo,1,0.6088340195620978,60.9,-1.639121897,29.89099775,Rwanda,Rulindo
5.0,Public Tapstand,unknown,unknown,Rulindo,1,0.42941536887925813,42.9,-1.6391955999999972,29.89122960000001,Rwanda,Rulindo
5.0,Public Tapstand,unknown,unknown,Rulindo,1,0.42941536887925813,42.9,-1.6351697000000045,29.895336399999994,Rwanda,Rulindo
5.0,Public Tapstand,unknown,unknown,Rulindo,1,0.42941536887925813,42.9,-1.6293551000000177,29.872027199999994,Rwanda,Rulindo
5.0,Public Tapstand,unknown,unknown,Rulindo,1,0.42941536887925813,42.9,-1.6298093200000041,29.894076000000002,Rwanda,Rulindo
5.0,Public Tapstand,unknown,unknown,Rulindo,1,0.42941536887925813,42.9,-1.6291544699999936,29.89580548,Rwanda,Rulindo
8.0,Public Tapstand,unknown,unknown,Rulindo,1,0.6088340195620978,60.9,-1.62143852,29.86970087,Rwanda,Rulindo
5.0,Public Tapstand,unknown,unknown,Rulindo,1,0.42941536887925813,42.9,-1.6151378000000043,29.886696699999998,Rwanda,Rulindo
5.0,Public Tapstand,unknown,unknown,Rulindo,1,0.42941536887925813,42.9,-1.616991490000006,29.889836359999993,Rwanda,Rulindo
8.0,Public Tapstand,unknown,unknown,Rulindo,1,0.6088340195620978,60.9,-1.61066513,29.88119985,Rwanda,Rulindo
5.0,Public Tapstand,unknown,unknown,Rulindo,1,0.42941536887925813,42.9,-1.6112500000000078,29.883933700000014,Rwanda,Rulindo
8.0,Public Tapstand,unknown,unknown,Rulindo,1,0.6088340195620978,60.9,-1.64776093,29.9213126,Rwanda,Rulindo
5.0,Public Tapstand,unknown,unknown,Rulindo,1,0.42941536887925813,42.9,-1.643988299999999,29.902086700000005,Rwanda,Rulindo
8.0,Public Tapstand,unknown,unknown,Rulindo,1,0.6088340195620978,60.9,-1.644379161,29.94968649,Rwanda,Rulindo
5.0,Public Tapstand,unknown,unknown,Rulindo,1,0.42941536887925813,42.9,-1.6443274000000014,29.949489699999994,Rwanda,Rulindo
5.0,Public Tapstand,unknown,unknown,Rulindo,1,0.42941536887925813,42.9,-1.6415389000000058,29.9001762,Rwanda,Rulindo
8.0,Public Tapstand,unknown,unknown,Rulindo,1,0.6088340195620978,60.9,-1.64135643,29.90020235,Rwanda,Rulindo
5.0,Public Tapstand,unknown,unknown,Rulindo,1,0.42941536887925813,42.9,-1.6420918000000064,29.925630999999992,Rwanda,Rulindo
8.0,Public Tapstand,unknown,unknown,Rulindo,1,0.6088340195620978,60.9,-1.63892206,29.94222032,Rwanda,Rulindo
8.0,Public Tapstand,unknown,unknown,Rulindo,1,0.6088340195620978,60.9,-1.638577267,29.9422821,Rwanda,Rulindo
8.0,Public Tapstand,unknown,unknown,Rulindo,1,0.6088340195620978,60.9,-1.63475891,29.92874482,Rwanda,Rulindo
8.0,Public Tapstand,unknown,unknown,Rulindo,1,0.6088340195620978,60.9,-1.63400291,29.92998136,Rwanda,Rulindo
5.0,Public Tapstand,unknown,unknown,Rulindo,1,0.42941536887925813,42.9,-1.6282128999999976,29.927281900000015,Rwanda,Rulindo
8.0,Public Tapstand,unknown,unknown,Rulindo,1,0.6088340195620978,60.9,-1.62814341,29.92714803,Rwanda,Rulindo
5.0,Public Tapstand,unknown,unknown,Rulindo,1,0.42941536887925813,42.9,-1.6291008099999942,29.93313386999998,Rwanda,Rulindo
8.0,Public Tapstand,unknown,unknown,Rulindo,1,0.6088340195620978,60.9,-1.6275291,29.94194704,Rwanda,Rulindo
5.0,Public Tapstand,unknown,unknown,Rulindo,1,0.42941536887925813,42.9,-1.6252200500000171,29.927369829999986,Rwanda,Rulindo
8.0,Public Tapstand,unknown,unknown,Rulindo,1,0.6088340195620978,60.9,-1.62513941,29.92752289,Rwanda,Rulindo
8.0,Public Tapstand,unknown,unknown,Rulindo,1,0.6088340195620978,60.9,-1.62392528,29.90458905,Rwanda,Rulindo
5.0,Public Tapstand,unknown,unknown,Rulindo,1,0.42941536887925813,42.9,-1.622774780000009,29.909286429999998,Rwanda,Rulindo
8.0,Public Tapstand,unknown,unknown,Rulindo,1,0.6088340195620978,60.9,-1.62494648,29.94715625,Rwanda,Rulindo
5.0,Public Tapstand,unknown,unknown,Rulindo,1,0.42941536887925813,42.9,-1.6220910200000016,29.941650430000006,Rwanda,Rulindo
5.0,Public Tapstand,unknown,unknown,Rulindo,1,0.42941536887925813,42.9,-1.6194141600000163,29.92437037,Rwanda,Rulindo
5.0,Public Tapstand,unknown,unknown,Rulindo,1,0.42941536887925813,42.9,-1.6156717300000027,29.93432355,Rwanda,Rulindo
5.0,Public Tapstand,unknown,unknown,Rulindo,1,0.42941536887925813,42.9,-1.61286948000001,29.92268628000001,Rwanda,Rulindo
5.0,Public Tapstand,unknown,unknown,Rulindo,1,0.42941536887925813,42.9,-1.614024400000014,29.947425199999987,Rwanda,Rulindo
5.0,Public Tapstand,unknown,unknown,Rulindo,1,0.42941536887925813,42.9,-1.6114268500000113,29.928505250000008,Rwanda,Rulindo
8.0,Public Tapstand,unknown,unknown,Rulindo,1,0.6088340195620978,60.9,-1.6090224,29.91432587,Rwanda,Rulindo
8.0,Public Tapstand,unknown,unknown,Rulindo,1,0.6088340195620978,60.9,-1.6086266,29.93123703,Rwanda,Rulindo
8.0,Public Tapstand,unknown,unknown,Rulindo,1,0.6088340195620978,60.9,-1.60392598,29.91160839,Rwanda,Rulindo
5.0,Public Tapstand,unknown,unknown,Rulindo,1,0.42941536887925813,42.9,-1.6033914000000051,29.915261409999996,Rwanda,Rulindo
8.0,Public Tapstand,unknown,unknown,Rulindo,1,0.6088340195620978,60.9,-1.64803219,29.97905355,Rwanda,Rulindo
8.0,Public Tapstand,unknown,unknown,Rulindo,1,0.6088340195620978,60.9,-1.64761724,29.98638298,Rwanda,Rulindo
8.0,Public Tapstand,unknown,unknown,Rulindo,1,0.6088340195620978,60.9,-1.64676186,29.96697772,Rwanda,Rulindo
8.0,Public Tapstand,unknown,unknown,Rulindo,1,0.6088340195620978,60.9,-1.646895411,29.98226198,Rwanda,Rulindo
5.0,Public Tapstand,unknown,unknown,Rulindo,1,0.42941536887925813,42.9,-1.646377300000018,29.986308199999996,Rwanda,Rulindo
8.0,Public Tapstand,unknown,unknown,Rulindo,1,0.6088340195620978,60.9,-1.644237604,29.95608658,Rwanda,Rulindo
8.0,Public Tapstand,unknown,unknown,Rulindo,1,0.6088340195620978,60.9,-1.640903194,29.96692538,Rwanda,Rulindo
5.0,Public Tapstand,unknown,unknown,Rulindo,1,0.42941536887925813,42.9,-1.639040599999995,29.95165859999999,Rwanda,Rulindo
8.0,Public Tapstand,unknown,unknown,Rulindo,1,0.6088340195620978,60.9,-1.638163704,29.96566081,Rwanda,Rulindo
5.0,Public Tapstand,unknown,unknown,Rulindo,1,0.42941536887925813,42.9,-1.6395852000000084,29.973144599999987,Rwanda,Rulindo
5.0,Public Tapstand,unknown,unknown,Rulindo,1,0.42941536887925813,42.9,-1.634855699999997,29.95813079999999,Rwanda,Rulindo
8.0,Public Tapstand,unknown,unknown,Gicumbi,1,0.6553695175834133,65.5,-1.632663017,29.98261107,Rwanda,Gicumbi
8.0,Public Tapstand,unknown,unknown,Rulindo,1,0.6088340195620978,60.9,-1.6322169,29.95769614,Rwanda,Rulindo
8.0,Public Tapstand,unknown,unknown,Gicumbi,1,0.6553695175834133,65.5,-1.630076478,29.98062821,Rwanda,Gicumbi
8.0,Public Tapstand,unknown,unknown,Rulindo,1,0.6088340195620978,60.9,-1.629026285,29.95720426,Rwanda,Rulindo
8.0,Public Tapstand,unknown,unknown,Rulindo,1,0.6088340195620978,60.9,-1.624576696,29.95888911,Rwanda,Rulindo
8.0,Public Tapstand,unknown,unknown,Rulindo,1,0.6088340195620978,60.9,-1.624751772,29.96311183,Rwanda,Rulindo
8.0,Public Tapstand,unknown,unknown,Rulindo,1,0.6088340195620978,60.9,-1.619571868,29.95614918,Rwanda,Rulindo
8.0,Public Tapstand,unknown,unknown,Rulindo,1,0.6088340195620978,60.9,-1.618019075,29.96210938,Rwanda,Rulindo
8.0,Public Tapstand,unknown,unknown,Rulindo,1,0.6088340195620978,60.9,-1.618099275,29.96222954,Rwanda,Rulindo
8.0,Public Tapstand,unknown,unknown,Gicumbi,1,0.6553695175834133,65.5,-1.619553722,29.98922962,Rwanda,Gicumbi
8.0,Public Tapstand,unknown,unknown,Rulindo,1,0.6088340195620978,60.9,-1.615421683,29.95520442,Rwanda,Rulindo
8.0,Public Tapstand,unknown,unknown,Rulindo,1,0.6088340195620978,60.9,-1.616439366,29.96070881,Rwanda,Rulindo
5.0,Public Tapstand,unknown,unknown,Gicumbi,1,0.5911085120721807,59.1,-1.6130274000000155,29.978118000000006,Rwanda,Gicumbi
8.0,Public Tapstand,unknown,unknown,Gicumbi,1,0.6553695175834133,65.5,-1.61261961,29.97788863,Rwanda,Gicumbi
8.0,Public Tapstand,unknown,unknown,Gicumbi,1,0.6553695175834133,65.5,-1.614189286,29.9807227,Rwanda,Gicumbi
5.0,Public Tapstand,unknown,unknown,Gicumbi,1,0.5911085120721807,59.1,-1.612350600000006,29.977701799999995,Rwanda,Gicumbi
8.0,Public Tapstand,unknown,unknown,Rulindo,1,0.6088340195620978,60.9,-1.607592479,29.9562832,Rwanda,Rulindo
8.0,Public Tapstand,unknown,unknown,Gicumbi,1,0.6553695175834133,65.5,-1.609316516,29.97206363,Rwanda,Gicumbi
8.0,Public Tapstand,unknown,unknown,Gicumbi,1,0.6553695175834133,65.5,-1.606393345,29.97022673,Rwanda,Gicumbi
5.0,Public Tapstand,unknown,unknown,Gicumbi,1,0.5911085120721807,59.1,-1.607311880000009,29.98826564999999,Rwanda,Gicumbi
8.0,unknown,Piped Water,unknown,Gicumbi,1,0.243013096704507,24.3,-1.603043907,29.9534263,Rwanda,Gicumbi
5.0,Public Tapstand,unknown,unknown,Gicumbi,1,0.5911085120721807,59.1,-1.603501620000018,29.98870541999999,Rwanda,Gicumbi
8.0,Public Tapstand,unknown,unknown,Gicumbi,1,0.6553695175834133,65.5,-1.601545205,29.99436736,Rwanda,Gicumbi
5.0,Public Tapstand,unknown,unknown,Rulindo,1,0.42941536887925813,42.9,-1.5977703800000034,29.931826740000005,Rwanda,Rulindo
8.0,Public Tapstand,unknown,unknown,Rulindo,1,0.6088340195620978,60.9,-1.59605703,29.91267695,Rwanda,Rulindo
8.0,Public Tapstand,unknown,unknown,Rulindo,1,0.6088340195620978,60.9,-1.59690653,29.92070313,Rwanda,Rulindo
5.0,Public Tapstand,unknown,unknown,Rulindo,1,0.42941536887925813,42.9,-1.596543900000003,29.929036779999986,Rwanda,Rulindo
8.0,Public Tapstand,unknown,unknown,Gicumbi,1,0.6553695175834133,65.5,-1.597572385,29.94900714,Rwanda,Gicumbi
8.0,Public Tapstand,unknown,unknown,Gicumbi,1,0.6553695175834133,65.5,-1.597962257,29.95886932,Rwanda,Gicumbi
8.0,Public Tapstand,unknown,unknown,Gicumbi,1,0.6553695175834133,65.5,-1.592418195,29.9583823,Rwanda,Gicumbi
8.0,Public Tapstand,unknown,unknown,Gicumbi,1,0.6553695175834133,65.5,-1.59230704,29.96182673,Rwanda,Gicumbi
5.0,Public Tapstand,unknown,unknown,Gicumbi,1,0.5911085120721807,59.1,-1.5909792400000062,29.997283290000002,Rwanda,Gicumbi
5.0,Public Tapstand,unknown,unknown,Gicumbi,1,0.5911085120721807,59.1,-1.5874549000000053,29.95567859999999,Rwanda,Gicumbi
5.0,Public Tapstand,unknown,unknown,Gicumbi,1,0.5911085120721807,59.1,-1.5815830000000162,29.955257600000007,Rwanda,Gicumbi
5.0,Public Tapstand,unknown,unknown,Gicumbi,1,0.5911085120721807,59.1,-1.552658700000017,29.988223500000004,Rwanda,Gicumbi
5.0,Public Tapstand,unknown,unknown,Gicumbi,1,0.5911085120721807,59.1,-1.5534801999999956,29.992585100000003,Rwanda,Gicumbi
5.0,Public Tapstand,unknown,unknown,Gicumbi,1,0.5911085120721807,59.1,-1.5438702999999967,29.987346999999986,Rwanda,Gicumbi
5.0,Public Tapstand,unknown,unknown,Gicumbi,1,0.5911085120721807,59.1,-1.543131795,29.986363,Rwanda,Gicumbi
5.0,Public Tapstand,unknown,unknown,Gicumbi,1,0.5911085120721807,59.1,-1.542279099999995,29.980642400000004,Rwanda,Gicumbi
5.0,Public Tapstand,unknown,unknown,Gicumbi,1,0.5911085120721807,59.1,-1.536886577,29.97814518,Rwanda,Gicumbi
5.0,Public Tapstand,unknown,unknown,Gicumbi,1,0.5911085120721807,59.1,-1.536802572,29.98069081,Rwanda,Gicumbi
8.0,Public Tapstand,unknown,unknown,Gicumbi,1,0.6553695175834133,65.5,-1.53461259,29.970553,Rwanda,Gicumbi
5.0,Public Tapstand,unknown,unknown,Gicumbi,1,0.5911085120721807,59.1,-1.5316053000000107,29.990467699999993,Rwanda,Gicumbi
5.0,Public Tapstand,unknown,unknown,Gicumbi,1,0.5911085120721807,59.1,-1.528854303,29.96868209,Rwanda,Gicumbi
5.0,Public Tapstand,unknown,unknown,Gicumbi,1,0.5911085120721807,59.1,-1.529919600000017,29.98847159999999,Rwanda,Gicumbi
8.0,Public Tapstand,unknown,unknown,Gicumbi,1,0.6553695175834133,65.5,-1.523302955,29.97267075,Rwanda,Gicumbi
8.0,Public Tapstand,unknown,unknown,Gicumbi,1,0.6553695175834133,65.5,-1.524370428,29.97643409,Rwanda,Gicumbi
8.0,Public Tapstand,unknown,unknown,Gicumbi,1,0.6553695175834133,65.5,-1.524537072,29.98515975,Rwanda,Gicumbi
5.0,Public Tapstand,unknown,unknown,Gicumbi,1,0.5911085120721807,59.1,-1.5211174999999986,29.989924900000002,Rwanda,Gicumbi
5.0,Public Tapstand,unknown,unknown,Gicumbi,1,0.5911085120721807,59.1,-1.5006148600000082,29.984322929999998,Rwanda,Gicumbi
8.0,Public Tapstand,unknown,unknown,Gicumbi,1,0.6553695175834133,65.5,-1.497332467,29.99072452,Rwanda,Gicumbi
8.0,Public Tapstand,unknown,unknown,Gicumbi,1,0.6553695175834133,65.5,-1.496894711,29.9910281,Rwanda,Gicumbi
5.0,Public Tapstand,unknown,unknown,Gicumbi,1,0.5911085120721807,59.1,-1.49494938,29.98606743000001,Rwanda,Gicumbi
5.0,Public Tapstand,unknown,unknown,Gicumbi,1,0.5911085120721807,59.1,-1.4893466500000172,29.983108070000007,Rwanda,Gicumbi
5.0,Public Tapstand,unknown,unknown,Gicumbi,1,0.5911085120721807,59.1,-1.486353070000004,29.98600845,Rwanda,Gicumbi
8.0,Public Tapstand,unknown,unknown,Gicumbi,1,0.6553695175834133,65.5,-1.487342361,29.99641899,Rwanda,Gicumbi
5.0,Public Tapstand,unknown,unknown,Gicumbi,1,0.5911085120721807,59.1,-1.4845464200000145,29.985841910000012,Rwanda,Gicumbi
8.0,Public Tapstand,unknown,unknown,Burera,1,0.0889701189953922,8.9,-1.478116313,29.98097548,Rwanda,Burera
8.0,Public Tapstand,unknown,unknown,Gicumbi,1,0.6553695175834133,65.5,-1.466501116,29.9981672,Rwanda,Gicumbi
8.0,Public Tapstand,unknown,unknown,Gicumbi,1,0.6553695175834133,65.5,-1.465268084,29.99885253,Rwanda,Gicumbi
5.0,Public Tapstand,unknown,unknown,Gicumbi,1,0.5911085120721807,59.1,-1.4642217500000185,29.99559034,Rwanda,Gicumbi
8.0,Public Tapstand,unknown,unknown,Gicumbi,1,0.6553695175834133,65.5,-1.463896253,29.99664295,Rwanda,Gicumbi
5.0,Public Tapstand,unknown,unknown,Gicumbi,1,0.5911085120721807,59.1,-1.4623593500000183,29.996608490000007,Rwanda,Gicumbi
8.0,Public Tapstand,unknown,unknown,Gicumbi,1,0.6553695175834133,65.5,-1.450214464,29.99675625,Rwanda,Gicumbi
5.0,Public Tapstand,unknown,unknown,Kicukiro,1,0.4091365696229732,40.9,-1.9976703100000146,30.05459314000001,Rwanda,Kicukiro
8.0,Public Tapstand,unknown,unknown,Kicukiro,1,0.7232419717831573,72.3,-1.999717884,30.06803771,Rwanda,Kicukiro
11.0,Public Tapstand,Piped Water,Private Operator/Delegated Management,Kicukiro,1,0.685656425743747,68.6,-1.9990033333333335,30.073678333333337,Rwanda,Kicukiro
13.0,Public Tapstand,Piped Water,unknown,Kicukiro,1,0.8353606985038643,83.5,-1.9996187714728841,30.09467136183213,Rwanda,Kicukiro
5.0,Public Tapstand,unknown,unknown,Kicukiro,1,0.4091365696229732,40.9,-1.9952812500000148,30.055917359999988,Rwanda,Kicukiro
8.0,Public Tapstand,unknown,unknown,Kicukiro,1,0.7232419717831573,72.3,-1.99631231,30.07600877,Rwanda,Kicukiro
5.0,Public Tapstand,unknown,unknown,Kicukiro,1,0.4091365696229732,40.9,-1.9937129700000065,30.055405680000007,Rwanda,Kicukiro
8.0,Public Tapstand,unknown,unknown,Kicukiro,1,0.7232419717831573,72.3,-1.993595171,30.05547111,Rwanda,Kicukiro
5.0,Public Tapstand,unknown,unknown,Kicukiro,1,0.4091365696229732,40.9,-1.993020880000015,30.060911989999987,Rwanda,Kicukiro
22.0,Public Tapstand,Piped Water,unknown,Kicukiro,1,0.8385527649799605,83.9,-1.9936833333333335,30.096049999999998,Rwanda,Kicukiro
5.0,Public Tapstand,unknown,unknown,Kicukiro,1,0.4091365696229732,40.9,-1.9908466500000013,30.05356339999999,Rwanda,Kicukiro
5.0,Public Tapstand,unknown,unknown,Kicukiro,1,0.4091365696229732,40.9,-1.9905615000000099,30.0861215,Rwanda,Kicukiro
8.0,Public Tapstand,unknown,unknown,Kicukiro,1,0.7232419717831573,72.3,-1.990058176,30.09598298,Rwanda,Kicukiro
8.0,Public Tapstand,unknown,unknown,Kicukiro,1,0.7232419717831573,72.3,-1.989860789,30.05341697,Rwanda,Kicukiro
8.0,Public Tapstand,unknown,unknown,Kicukiro,1,0.7232419717831573,72.3,-1.989287943,30.08844265,Rwanda,Kicukiro
8.0,Public Tapstand,unknown,unknown,Kicukiro,1,0.7232419717831573,72.3,-1.989307303,30.08860683,Rwanda,Kicukiro
8.0,Public Tapstand,unknown,unknown,Kicukiro,1,0.7232419717831573,72.3,-1.985449028,30.08312191,Rwanda,Kicukiro
5.0,Public Tapstand,unknown,unknown,Kicukiro,1,0.4091365696229732,40.9,-1.9851162000000002,30.082992799999992,Rwanda,Kicukiro
39.0,Kiosk,Piped Water,unknown,Kicukiro,1,0.20450735487850824,20.5,-1.9826416666666664,30.060029999999998,Rwanda,Kicukiro
15.0,Public Tapstand,Piped Water,unknown,Kicukiro,1,0.8515596146646788,85.2,-1.983835,30.078353333333332,Rwanda,Kicukiro
5.0,Public Tapstand,unknown,unknown,Kicukiro,1,0.4091365696229732,40.9,-1.9835608000000178,30.0809371,Rwanda,Kicukiro
5.0,Public Tapstand,unknown,unknown,Kicukiro,1,0.4091365696229732,40.9,-1.9844979000000056,30.08728839999999,Rwanda,Kicukiro
13.0,Public Tapstand,Piped Water,unknown,Kicukiro,1,0.8353606985038643,83.5,-1.9846383333333335,30.096796666666666,Rwanda,Kicukiro
18.0,Public Tapstand,Piped Water,unknown,Kicukiro,1,0.7970108663271563,79.7,-1.9841783333333334,30.09691666666667,Rwanda,Kicukiro
5.0,Public Tapstand,unknown,unknown,Kicukiro,1,0.4091365696229732,40.9,-1.9819146300000117,30.060065069999997,Rwanda,Kicukiro
8.0,Public Tapstand,unknown,unknown,Kicukiro,1,0.7232419717831573,72.3,-1.980035103,30.0614848,Rwanda,Kicukiro
8.0,Public Tapstand,unknown,unknown,Kicukiro,1,0.7232419717831573,72.3,-1.980523652,30.07036762,Rwanda,Kicukiro
14.0,Public Tapstand,Piped Water,unknown,Kicukiro,1,0.8482829083062919,84.8,-1.9813836255825579,30.0751571624331,Rwanda,Kicukiro
5.0,Public Tapstand,unknown,unknown,Kicukiro,1,0.4091365696229732,40.9,-1.9822364000000074,30.094056899999995,Rwanda,Kicukiro
8.0,Public Tapstand,unknown,unknown,Kicukiro,1,0.7232419717831573,72.3,-1.981972769,30.0936064,Rwanda,Kicukiro
17.0,Public Tapstand,Piped Water,unknown,Kicukiro,1,0.8604678470912204,86.0,-1.9809766666666666,30.098403333333334,Rwanda,Kicukiro
5.0,Public Tapstand,unknown,unknown,Kicukiro,1,0.4091365696229732,40.9,-1.9794756200000165,30.06515055000001,Rwanda,Kicukiro
8.0,Public Tapstand,unknown,unknown,Kicukiro,1,0.7232419717831573,72.3,-1.977897149,30.07074837,Rwanda,Kicukiro
8.0,Public Tapstand,unknown,unknown,Kicukiro,1,0.7232419717831573,72.3,-1.978571126,30.08445317,Rwanda,Kicukiro
8.0,Public Tapstand,unknown,unknown,Kicukiro,1,0.7232419717831573,72.3,-1.979110693,30.08979196,Rwanda,Kicukiro
8.0,Public Tapstand,unknown,unknown,Kicukiro,1,0.7232419717831573,72.3,-1.979015464,30.09031781,Rwanda,Kicukiro
15.0,Public Tapstand,Piped Water,unknown,Kicukiro,1,0.8515596146646788,85.2,-1.9782349999999997,30.096823333333337,Rwanda,Kicukiro
5.0,Public Tapstand,unknown,unknown,Kicukiro,1,0.4091365696229732,40.9,-1.9789713196323555,30.09945339040396,Rwanda,Kicukiro
21.0,Public Tapstand,Piped Water,unknown,Kicukiro,1,0.8390797724992163,83.9,-1.9780266666666666,30.099645000000002,Rwanda,Kicukiro
12.0,Kiosk,Piped Water,Private Operator/Delegated Management,Kicukiro,1,0.5084214665182043,50.8,-1.9753883333333335,30.067736666666665,Rwanda,Kicukiro
26.0,Public Tapstand,Piped Water,unknown,Kicukiro,1,0.8466432596655176,84.7,-1.9770499999999998,30.099125000000004,Rwanda,Kicukiro
34.0,Public Tapstand,Piped Water,unknown,Kicukiro,1,0.7488689539159975,74.9,-1.976748333333333,30.099263333333337,Rwanda,Kicukiro
8.0,Public Tapstand,unknown,unknown,Kicukiro,1,0.7232419717831573,72.3,-1.972763306,30.07994998,Rwanda,Kicukiro
13.0,Public Tapstand,Piped Water,unknown,Kicukiro,1,0.8353606985038643,83.5,-1.9748099999999997,30.082544999999996,Rwanda,Kicukiro
8.0,Public Tapstand,unknown,unknown,Kicukiro,1,0.7232419717831573,72.3,-1.974832196,30.0828439,Rwanda,Kicukiro
5.0,Public Tapstand,unknown,unknown,Kicukiro,1,0.4091365696229732,40.9,-1.9729372000000107,30.094441199999984,Rwanda,Kicukiro
15.0,Public Tapstand,Piped Water,unknown,Kicukiro,1,0.8515596146646788,85.2,-1.9727451649901933,30.09663952429323,Rwanda,Kicukiro
21.0,Public Tapstand,Piped Water,unknown,Kicukiro,1,0.8390797724992163,83.9,-1.9725833333333331,30.097839999999998,Rwanda,Kicukiro
66.0,Public Tapstand,Piped Water,unknown,Kicukiro,1,0.23116695253454833,23.1,-1.9714733333333334,30.0699,Rwanda,Kicukiro
38.0,Public Tapstand,Piped Water,unknown,Kicukiro,1,0.4989791355329999,49.9,-1.97082,30.068756666666665,Rwanda,Kicukiro
17.0,Public Tapstand,Piped Water,unknown,Kicukiro,1,0.8604678470912204,86.0,-1.9707549999999998,30.069245000000002,Rwanda,Kicukiro
23.0,Public Tapstand,Piped Water,unknown,Kicukiro,1,0.8193873788230577,81.9,-1.9713683333333336,30.072016666666666,Rwanda,Kicukiro
8.0,Public Tapstand,unknown,unknown,Kicukiro,1,0.7232419717831573,72.3,-1.97040145,30.07206175,Rwanda,Kicukiro
8.0,Public Tapstand,unknown,unknown,Kicukiro,1,0.7232419717831573,72.3,-1.970998804,30.074067,Rwanda,Kicukiro
11.0,Public Tapstand,Piped Water,unknown,Kicukiro,1,0.8242188865255408,82.4,-1.9709983333333332,30.091765000000002,Rwanda,Kicukiro
14.0,Public Tapstand,Piped Water,unknown,Kicukiro,1,0.8482829083062919,84.8,-1.9724434714014114,30.096057568575112,Rwanda,Kicukiro
19.0,Public Tapstand,Piped Water,unknown,Kicukiro,1,0.8404109684048311,84.0,-1.970211666666667,30.097929999999998,Rwanda,Kicukiro
21.0,Public Tapstand,Piped Water,unknown,Kicukiro,1,0.8390797724992163,83.9,-1.968975,30.072709999999997,Rwanda,Kicukiro
16.0,Public Tapstand,Piped Water,unknown,Kicukiro,1,0.8690474860590316,86.9,-1.9679133333333336,30.073558333333335,Rwanda,Kicukiro
26.0,Public Tapstand,Piped Water,unknown,Kicukiro,1,0.8466432596655176,84.7,-1.9692866666666666,30.088033333333335,Rwanda,Kicukiro
28.0,Public Tapstand,Piped Water,unknown,Kicukiro,1,0.7384191393490124,73.8,-1.9699333333333333,30.096131666666665,Rwanda,Kicukiro
12.0,Public Tapstand,Piped Water,unknown,Kicukiro,1,0.8388714808996548,83.9,-1.9698340032500519,30.095101319146536,Rwanda,Kicukiro
5.0,Public Tapstand,unknown,unknown,Kicukiro,1,0.4091365696229732,40.9,-1.9693351000000066,30.098704800000007,Rwanda,Kicukiro
5.0,Public Tapstand,unknown,unknown,Kicukiro,1,0.4091365696229732,40.9,-1.9689178000000054,30.100006799999985,Rwanda,Kicukiro
28.0,Public Tapstand,Piped Water,unknown,Kicukiro,1,0.7384191393490124,73.8,-1.9683833333333336,30.098916666666664,Rwanda,Kicukiro
5.0,Public Tapstand,unknown,unknown,Kicukiro,1,0.4091365696229732,40.9,-1.9673603000000173,30.091920300000012,Rwanda,Kicukiro
28.0,Public Tapstand,Piped Water,unknown,Kicukiro,1,0.7384191393490124,73.8,-1.9662599999999997,30.09122,Rwanda,Kicukiro
5.0,Public Tapstand,unknown,unknown,Kicukiro,1,0.4091365696229732,40.9,-1.9673099000000063,30.09272790000001,Rwanda,Kicukiro
5.0,Public Tapstand,Piped Water,unknown,Kicukiro,1,0.04909403558168812,4.9,-1.9642653600000122,30.073237369999994,Rwanda,Kicukiro
25.0,Public Tapstand,Piped Water,Private Operator/Delegated Management,Kicukiro,1,0.7902607387806792,79.0,-1.9642816666666665,30.075470000000003,Rwanda,Kicukiro
15.0,Public Tapstand,Piped Water,unknown,Kicukiro,1,0.8515596146646788,85.2,-1.9641483333333332,30.075375,Rwanda,Kicukiro
14.0,Public Tapstand,Piped Water,unknown,Kicukiro,1,0.8482829083062919,84.8,-1.9639499999999999,30.075873333333334,Rwanda,Kicukiro
15.0,Public Tapstand,Piped Water,unknown,Kicukiro,1,0.8515596146646788,85.2,-1.9630033333333334,30.076005000000002,Rwanda,Kicukiro
38.0,Public Tapstand,Piped Water,unknown,Kicukiro,1,0.4989791355329999,49.9,-1.963993784,30.07817049,Rwanda,Kicukiro
11.0,Public Tapstand,Piped Water,unknown,Kicukiro,1,0.8242188865255408,82.4,-1.99879785,30.1167377,Rwanda,Kicukiro
13.0,Public Tapstand,Piped Water,unknown,Kicukiro,1,0.8353606985038643,83.5,-1.9961159358923477,30.11459741475307,Rwanda,Kicukiro
36.0,Public Tapstand,Piped Water,Private Operator/Delegated Management,Kicukiro,1,0.35434274023605183,35.4,-1.994555,30.101066666666664,Rwanda,Kicukiro
13.0,Public Tapstand,Piped Water,unknown,Kicukiro,1,0.8353606985038643,83.5,-1.9933316666666665,30.114201666666666,Rwanda,Kicukiro
15.0,Public Tapstand,Piped Water,unknown,Kicukiro,1,0.8515596146646788,85.2,-1.9939638504061685,30.1156592214464,Rwanda,Kicukiro
13.0,Public Tapstand,Piped Water,unknown,Kicukiro,1,0.8353606985038643,83.5,-1.9936683333333334,30.116078333333334,Rwanda,Kicukiro
21.0,Public Tapstand,Piped Water,unknown,Kicukiro,1,0.8390797724992163,83.9,-1.99208,30.10157333333333,Rwanda,Kicukiro
36.0,Public Tapstand,Piped Water,unknown,Kicukiro,1,0.5961685576550249,59.6,-1.9919638308590655,30.10150280080456,Rwanda,Kicukiro
14.0,Public Tapstand,Piped Water,unknown,Kicukiro,1,0.8482829083062919,84.8,-1.990168389049998,30.10119264089801,Rwanda,Kicukiro
19.0,Public Tapstand,Piped Water,unknown,Kicukiro,1,0.8404109684048311,84.0,-1.9897349999999998,30.105633333333337,Rwanda,Kicukiro
16.0,Public Tapstand,Piped Water,unknown,Kicukiro,1,0.8690474860590316,86.9,-1.9884833333333334,30.11413166666667,Rwanda,Kicukiro
13.0,Public Tapstand,Piped Water,unknown,Kicukiro,1,0.8353606985038643,83.5,-1.9879600000000002,30.11409833333333,Rwanda,Kicukiro
31.0,Public Tapstand,Piped Water,unknown,Kicukiro,1,0.7527943491002955,75.3,-1.9869733471517157,30.103970563691508,Rwanda,Kicukiro
12.0,Public Tapstand,Piped Water,unknown,Kicukiro,1,0.8388714808996548,83.9,-1.9852849999999997,30.113811666666667,Rwanda,Kicukiro
18.0,Public Tapstand,Piped Water,unknown,Kicukiro,1,0.7970108663271563,79.7,-1.9836233333333335,30.105393333333335,Rwanda,Kicukiro
5.0,Public Tapstand,unknown,unknown,Kicukiro,1,0.4091365696229732,40.9,-1.9819588000000063,30.103753899999997,Rwanda,Kicukiro
16.0,Public Tapstand,Piped Water,unknown,Kicukiro,1,0.8690474860590316,86.9,-1.9803918031933494,30.103092054656074,Rwanda,Kicukiro
26.0,Public Tapstand,Piped Water,unknown,Kicukiro,1,0.8466432596655176,84.7,-1.9800383333333333,30.10305166666667,Rwanda,Kicukiro
8.0,Public Tapstand,unknown,unknown,Kicukiro,1,0.7232419717831573,72.3,-1.982257379,30.11480056,Rwanda,Kicukiro
5.0,Public Tapstand,unknown,unknown,Kicukiro,1,0.4091365696229732,40.9,-1.9817156100000115,30.11317977000001,Rwanda,Kicukiro
19.0,Public Tapstand,Piped Water,unknown,Kicukiro,1,0.8404109684048311,84.0,-1.9788000000000001,30.101886666666662,Rwanda,Kicukiro
8.0,Public Tapstand,unknown,unknown,Kicukiro,1,0.7232419717831573,72.3,-1.978508386,30.10005407,Rwanda,Kicukiro
24.0,Public Tapstand,Piped Water,unknown,Kicukiro,1,0.8492682011193237,84.9,-1.978541789,30.11339085,Rwanda,Kicukiro
13.0,Public Tapstand,Piped Water,unknown,Kicukiro,1,0.8353606985038643,83.5,-1.978465,30.133166666666664,Rwanda,Kicukiro
18.0,Public Tapstand,Piped Water,unknown,Kicukiro,1,0.7970108663271563,79.7,-1.9760866666666668,30.10008833333333,Rwanda,Kicukiro
21.0,Public Tapstand,Piped Water,unknown,Kicukiro,1,0.8390797724992163,83.9,-1.9752422710086435,30.108582932926033,Rwanda,Kicukiro
28.0,Public Tapstand,Piped Water,unknown,Kicukiro,1,0.7384191393490124,73.8,-1.9750100548714074,30.112483648278978,Rwanda,Kicukiro
19.0,Public Tapstand,Piped Water,unknown,Kicukiro,1,0.8404109684048311,84.0,-1.97716,30.11474333333333,Rwanda,Kicukiro
29.0,Kiosk,Piped Water,unknown,Kicukiro,1,0.4173706169156156,41.7,-1.9769516666666664,30.117440000000002,Rwanda,Kicukiro
17.0,Kiosk,Piped Water,unknown,Kicukiro,1,0.8624059767700025,86.2,-1.9765866666666667,30.116275000000005,Rwanda,Kicukiro
12.0,Public Tapstand,Piped Water,unknown,Kicukiro,1,0.8388714808996548,83.9,-1.9752566666666667,30.132426666666667,Rwanda,Kicukiro
8.0,Public Tapstand,unknown,unknown,Kicukiro,1,0.7232419717831573,72.3,-1.97637201,30.13698514,Rwanda,Kicukiro
13.0,Public Tapstand,Piped Water,unknown,Kicukiro,1,0.8353606985038643,83.5,-1.9754783333333332,30.137089999999997,Rwanda,Kicukiro
18.0,Public Tapstand,Piped Water,unknown,Kicukiro,1,0.7970108663271563,79.7,-1.9774083333333332,30.145923333333332,Rwanda,Kicukiro
26.0,Public Tapstand,Piped Water,unknown,Kicukiro,1,0.8466432596655176,84.7,-1.9735066666666667,30.113648333333337,Rwanda,Kicukiro
13.0,Public Tapstand,Piped Water,unknown,Kicukiro,1,0.8353606985038643,83.5,-1.9740833333333332,30.13298166666667,Rwanda,Kicukiro
16.0,Public Tapstand,Piped Water,unknown,Kicukiro,1,0.8690474860590316,86.9,-1.9737399999999998,30.13595,Rwanda,Kicukiro
11.0,Public Tapstand,Piped Water,unknown,Kicukiro,1,0.8242188865255408,82.4,-1.9737050000000003,30.136675,Rwanda,Kicukiro
26.0,Public Tapstand,Piped Water,unknown,Kicukiro,1,0.8466432596655176,84.7,-1.9720549999999997,30.10172,Rwanda,Kicukiro
13.0,Public Tapstand,Piped Water,unknown,Kicukiro,1,0.8353606985038643,83.5,-1.9716519349166801,30.101688484818443,Rwanda,Kicukiro
18.0,Public Tapstand,Piped Water,unknown,Kicukiro,1,0.7970108663271563,79.7,-1.9717472900534914,30.101937310180706,Rwanda,Kicukiro
18.0,Public Tapstand,Piped Water,unknown,Kicukiro,1,0.7970108663271563,79.7,-1.9708733333333333,30.10012166666667,Rwanda,Kicukiro
15.0,Public Tapstand,Piped Water,unknown,Kicukiro,1,0.8515596146646788,85.2,-1.970813333333333,30.100306666666665,Rwanda,Kicukiro
25.0,Public Tapstand,Piped Water,unknown,Kicukiro,1,0.8409126771263664,84.1,-1.972353333333333,30.10347,Rwanda,Kicukiro
16.0,Public Tapstand,Piped Water,unknown,Kicukiro,1,0.8690474860590316,86.9,-1.9717562466459864,30.109992285159983,Rwanda,Kicukiro
13.0,Public Tapstand,Piped Water,unknown,Kicukiro,1,0.8353606985038643,83.5,-1.9720639485794793,30.110218996415504,Rwanda,Kicukiro
15.0,Public Tapstand,Piped Water,unknown,Kicukiro,1,0.8515596146646788,85.2,-1.9718593611384447,30.111319880400465,Rwanda,Kicukiro
27.0,Public Tapstand,Piped Water,unknown,Kicukiro,1,0.8531452714349326,85.3,-1.9706766666666666,30.12242666666667,Rwanda,Kicukiro
21.0,Public Tapstand,Piped Water,unknown,Kicukiro,1,0.8390797724992163,83.9,-1.9702149999999998,30.122791666666664,Rwanda,Kicukiro
15.0,Kiosk,Piped Water,unknown,Kicukiro,1,0.7655975761563069,76.6,-1.9707316666666665,30.125855,Rwanda,Kicukiro
14.0,Public Tapstand,Piped Water,unknown,Kicukiro,1,0.8482829083062919,84.8,-1.9703433333333331,30.12718166666667,Rwanda,Kicukiro
14.0,Public Tapstand,Piped Water,unknown,Kicukiro,1,0.8482829083062919,84.8,-1.9715566666666664,30.133649999999996,Rwanda,Kicukiro
24.0,Public Tapstand,Piped Water,unknown,Kicukiro,1,0.8492682011193237,84.9,-1.9712316666666667,30.133275000000005,Rwanda,Kicukiro
26.0,Kiosk,Piped Water,unknown,Kicukiro,1,0.8370186040084358,83.7,-1.9710549999999998,30.133471666666665,Rwanda,Kicukiro
16.0,Public Tapstand,Piped Water,unknown,Kicukiro,1,0.8690474860590316,86.9,-1.9697616666666666,30.100215000000002,Rwanda,Kicukiro
16.0,Public Tapstand,Piped Water,unknown,Kicukiro,1,0.8690474860590316,86.9,-1.9680575410641932,30.10016227066636,Rwanda,Kicukiro
16.0,Public Tapstand,Piped Water,unknown,Kicukiro,1,0.8690474860590316,86.9,-1.969443333333333,30.11377,Rwanda,Kicukiro
18.0,Public Tapstand,Piped Water,unknown,Kicukiro,1,0.7970108663271563,79.7,-1.968775,30.11432166666667,Rwanda,Kicukiro
28.0,Public Tapstand,Piped Water,unknown,Kicukiro,1,0.7384191393490124,73.8,-1.9678216666666666,30.11797166666667,Rwanda,Kicukiro
27.0,Public Tapstand,Piped Water,unknown,Kicukiro,1,0.8531452714349326,85.3,-1.9687149999999998,30.12039666666667,Rwanda,Kicukiro
16.0,Public Tapstand,Piped Water,unknown,Kicukiro,1,0.8690474860590316,86.9,-1.9679550000000001,30.120136666666667,Rwanda,Kicukiro
35.0,Public Tapstand,Piped Water,unknown,Kicukiro,1,0.5732955582241658,57.3,-1.9695783333333332,30.123188333333328,Rwanda,Kicukiro
11.0,Public Tapstand,Piped Water,unknown,Kicukiro,1,0.8242188865255408,82.4,-1.9660833540883775,30.105999097177687,Rwanda,Kicukiro
15.0,Public Tapstand,Piped Water,unknown,Kicukiro,1,0.8515596146646788,85.2,-1.9658816680192552,30.106657610770384,Rwanda,Kicukiro
21.0,Public Tapstand,Piped Water,unknown,Kicukiro,1,0.8390797724992163,83.9,-1.9650350771577394,30.106866439804037,Rwanda,Kicukiro
26.0,Kiosk,Piped Water,unknown,Kicukiro,1,0.8370186040084358,83.7,-1.9668816666666666,30.109519999999996,Rwanda,Kicukiro
28.0,Public Tapstand,Piped Water,unknown,Kicukiro,1,0.7384191393490124,73.8,-1.9658616666666666,30.10897333333333,Rwanda,Kicukiro
29.0,Public Tapstand,Piped Water,unknown,Kicukiro,1,0.6296656500345251,63.0,-1.9652422755390295,30.107585370962486,Rwanda,Kicukiro
34.0,Public Tapstand,Piped Water,unknown,Gasabo,1,0.3477123536065486,34.8,-1.9627716666666668,30.10176333333333,Rwanda,Gasabo
13.0,Public Tapstand,Piped Water,unknown,Kicukiro,1,0.8353606985038643,83.5,-1.9648836369679892,30.10622942390021,Rwanda,Kicukiro
14.0,Public Tapstand,Piped Water,unknown,Kicukiro,1,0.8482829083062919,84.8,-1.9646608024424148,30.10678252690049,Rwanda,Kicukiro
18.0,Public Tapstand,Piped Water,unknown,Kicukiro,1,0.7970108663271563,79.7,-1.964163333333333,30.114613333333335,Rwanda,Kicukiro
22.0,Public Tapstand,Piped Water,unknown,Kicukiro,1,0.8385527649799605,83.9,-1.9633850000000002,30.114390000000004,Rwanda,Kicukiro
13.0,Public Tapstand,Piped Water,unknown,Kicukiro,1,0.8353606985038643,83.5,-1.963176666666667,30.114469999999997,Rwanda,Kicukiro
19.0,Public Tapstand,Piped Water,unknown,Kicukiro,1,0.8404109684048311,84.0,-1.9647316666666668,30.116175,Rwanda,Kicukiro
24.0,Public Tapstand,Piped Water,unknown,Kicukiro,1,0.8492682011193237,84.9,-1.9631633333333336,30.116694999999996,Rwanda,Kicukiro
18.0,Public Tapstand,Piped Water,unknown,Kicukiro,1,0.7970108663271563,79.7,-1.963061666666667,30.11582,Rwanda,Kicukiro
14.0,Public Tapstand,Piped Water,unknown,Kicukiro,1,0.8482829083062919,84.8,-1.9622101065962712,30.11596755700565,Rwanda,Kicukiro
28.0,Public Tapstand,Piped Water,unknown,Kicukiro,1,0.7384191393490124,73.8,-1.9613116666666666,30.115631666666665,Rwanda,Kicukiro
12.0,Public Tapstand,Piped Water,unknown,Kicukiro,1,0.8388714808996548,83.9,-1.9615933333333335,30.136641666666666,Rwanda,Kicukiro
11.0,Public Tapstand,Piped Water,unknown,Kicukiro,1,0.8242188865255408,82.4,-1.9586849999999998,30.132295,Rwanda,Kicukiro
11.0,Public Tapstand,Piped Water,unknown,Kicukiro,1,0.8242188865255408,82.4,-1.9590483333333335,30.13582666666667,Rwanda,Kicukiro
5.0,Public Tapstand,Piped Water,unknown,Kicukiro,1,0.04909403558168812,4.9,-1.9585964000000176,30.1398985,Rwanda,Kicukiro
13.0,Public Tapstand,Piped Water,unknown,Kicukiro,1,0.8353606985038643,83.5,-1.9593838324022141,30.141902859760663,Rwanda,Kicukiro
8.0,Public Tapstand,unknown,unknown,Kicukiro,1,0.7232419717831573,72.3,-1.95584196,30.13693261,Rwanda,Kicukiro
16.0,Public Tapstand,Piped Water,unknown,Kicukiro,1,0.8690474860590316,86.9,-1.9569366666666668,30.146365,Rwanda,Kicukiro
37.0,Public Tapstand,Piped Water,unknown,Gasabo,1,0.26190502146006756,26.2,-1.9512483333333335,30.104875,Rwanda,Gasabo
5.0,Public Tapstand,unknown,unknown,Kicukiro,1,0.4091365696229732,40.9,-1.997964700000016,30.194663900000002,Rwanda,Kicukiro
14.0,Public Tapstand,Piped Water,unknown,Kicukiro,1,0.8482829083062919,84.8,-1.9960400000000003,30.190004999999996,Rwanda,Kicukiro
26.0,Public Tapstand,Piped Water,unknown,Kicukiro,1,0.8466432596655176,84.7,-1.9966616666666668,30.197096666666667,Rwanda,Kicukiro
26.0,Kiosk,Piped Water,Private Operator/Delegated Management,Kicukiro,1,0.5972823108537718,59.7,-1.9931550000000002,30.157595,Rwanda,Kicukiro
11.0,Public Tapstand,Piped Water,Private Operator/Delegated Management,Kicukiro,1,0.685656425743747,68.6,-1.9928916666666665,30.19738,Rwanda,Kicukiro
5.0,Public Tapstand,unknown,unknown,Kicukiro,1,0.4091365696229732,40.9,-1.9902576000000143,30.196680100000005,Rwanda,Kicukiro
13.0,Public Tapstand,Piped Water,unknown,Kicukiro,1,0.8353606985038643,83.5,-1.975578333333333,30.154641666666667,Rwanda,Kicukiro
14.0,Public Tapstand,Piped Water,unknown,Kicukiro,1,0.8482829083062919,84.8,-1.977148333333333,30.17658833333333,Rwanda,Kicukiro
16.0,Public Tapstand,Piped Water,unknown,Kicukiro,1,0.8690474860590316,86.9,-1.9768866666666667,30.17640833333333,Rwanda,Kicukiro
17.0,Public Tapstand,Piped Water,unknown,Kicukiro,1,0.8604678470912204,86.0,-1.9727350000000001,30.16211333333333,Rwanda,Kicukiro
21.0,Public Tapstand,Piped Water,unknown,Kicukiro,1,0.8390797724992163,83.9,-1.9739416666666667,30.163270000000004,Rwanda,Kicukiro
11.0,Public Tapstand,Piped Water,unknown,Kicukiro,1,0.8242188865255408,82.4,-1.9734383333333332,30.170143333333332,Rwanda,Kicukiro
29.0,Kiosk,Piped Water,unknown,Kicukiro,1,0.4173706169156156,41.7,-1.9732800000000004,30.17039833333333,Rwanda,Kicukiro
18.0,Public Tapstand,Piped Water,unknown,Kicukiro,1,0.7970108663271563,79.7,-1.9725766666666669,30.17237,Rwanda,Kicukiro
18.0,Public Tapstand,Piped Water,unknown,Kicukiro,1,0.7970108663271563,79.7,-1.9736616666666666,30.173088333333332,Rwanda,Kicukiro
16.0,Public Tapstand,Piped Water,unknown,Kicukiro,1,0.8690474860590316,86.9,-1.9732383333333332,30.173091666666664,Rwanda,Kicukiro
23.0,Public Tapstand,Piped Water,unknown,Kicukiro,1,0.8193873788230577,81.9,-1.97033,30.174181666666662,Rwanda,Kicukiro
15.0,Public Tapstand,Piped Water,unknown,Kicukiro,1,0.8515596146646788,85.2,-1.9715883333333333,30.177231666666664,Rwanda,Kicukiro
17.0,Public Tapstand,Piped Water,unknown,Kicukiro,1,0.8604678470912204,86.0,-1.9676916666666666,30.155296666666665,Rwanda,Kicukiro
14.0,Public Tapstand,Piped Water,unknown,Kicukiro,1,0.8482829083062919,84.8,-1.9672833333333335,30.155315000000005,Rwanda,Kicukiro
11.0,Public Tapstand,Piped Water,unknown,Kicukiro,1,0.8242188865255408,82.4,-1.9630366666666665,30.15236333333333,Rwanda,Kicukiro
18.0,Kiosk,Piped Water,unknown,Kicukiro,1,0.8445303843583106,84.5,-1.9993516666666664,30.216925,Rwanda,Kicukiro
11.0,Public Tapstand,Piped Water,unknown,Kicukiro,1,0.8242188865255408,82.4,-1.9986916666666668,30.218906666666665,Rwanda,Kicukiro
16.0,Kiosk,Piped Water,unknown,Kicukiro,1,0.8052851566542925,80.5,-1.9977916666666666,30.222125,Rwanda,Kicukiro
8.0,Public Tapstand,unknown,unknown,Kicukiro,1,0.7232419717831573,72.3,-1.99789252,30.23047991,Rwanda,Kicukiro
8.0,Public Tapstand,unknown,unknown,Kicukiro,1,0.7232419717831573,72.3,-1.991157435,30.21578994,Rwanda,Kicukiro
14.0,Public Tapstand,Piped Water,unknown,Kicukiro,1,0.8482829083062919,84.8,-1.9905166666666667,30.22658,Rwanda,Kicukiro
15.0,Public Tapstand,Piped Water,unknown,Kicukiro,1,0.8515596146646788,85.2,-1.9891016666666668,30.226375,Rwanda,Kicukiro
13.0,Public Tapstand,Piped Water,unknown,Kicukiro,1,0.8353606985038643,83.5,-1.9899935111889357,30.227808940603015,Rwanda,Kicukiro
18.0,Public Tapstand,Piped Water,unknown,Kicukiro,1,0.7970108663271563,79.7,-1.9877799999999999,30.227755000000002,Rwanda,Kicukiro
13.0,Public Tapstand,Piped Water,unknown,Kicukiro,1,0.8353606985038643,83.5,-1.98711,30.222236666666664,Rwanda,Kicukiro
13.0,Public Tapstand,Piped Water,unknown,Kicukiro,1,0.8353606985038643,83.5,-1.9867183333333336,30.22072166666667,Rwanda,Kicukiro
13.0,Public Tapstand,Piped Water,unknown,Kicukiro,1,0.8353606985038643,83.5,-1.9865133333333334,30.221586666666667,Rwanda,Kicukiro
5.0,Public Tapstand,unknown,unknown,Kicukiro,1,0.4091365696229732,40.9,-1.985876500000009,30.22415540000001,Rwanda,Kicukiro
5.0,Public Tapstand,unknown,unknown,Kicukiro,1,0.4091365696229732,40.9,-1.985366200000009,30.225886099999993,Rwanda,Kicukiro
5.0,Public Tapstand,Piped Water,unknown,Kicukiro,1,0.04909403558168812,4.9,-1.9844551999999946,30.226218699999993,Rwanda,Kicukiro
8.0,Public Tapstand,unknown,unknown,Rulindo,1,0.6088340195620978,60.9,-1.85613761,30.03717648,Rwanda,Rulindo
5.0,Public Tapstand,unknown,unknown,Rulindo,1,0.42941536887925813,42.9,-1.8494264400000155,30.030798430000015,Rwanda,Rulindo
8.0,Public Tapstand,unknown,unknown,Rulindo,1,0.6088340195620978,60.9,-1.84567589,30.02977831,Rwanda,Rulindo
8.0,Public Tapstand,unknown,unknown,Rulindo,1,0.6088340195620978,60.9,-1.8439016,30.03090244,Rwanda,Rulindo
5.0,Public Tapstand,unknown,unknown,Rulindo,1,0.42941536887925813,42.9,-1.841462540000011,30.028067290000003,Rwanda,Rulindo
5.0,Public Tapstand,unknown,unknown,Rulindo,1,0.42941536887925813,42.9,-1.8375054299999956,30.041255439999986,Rwanda,Rulindo
8.0,Public Tapstand,unknown,unknown,Rulindo,1,0.6088340195620978,60.9,-1.83718702,30.01910628,Rwanda,Rulindo
5.0,Public Tapstand,unknown,unknown,Rulindo,1,0.42941536887925813,42.9,-1.8365402399999955,30.026979339999993,Rwanda,Rulindo
5.0,Public Tapstand,unknown,unknown,Rulindo,1,0.42941536887925813,42.9,-1.834605489999998,30.006720149999996,Rwanda,Rulindo
8.0,Public Tapstand,unknown,unknown,Rulindo,1,0.6088340195620978,60.9,-1.83410304,30.02638626,Rwanda,Rulindo
5.0,Public Tapstand,unknown,unknown,Rulindo,1,0.42941536887925813,42.9,-1.8299231100000068,30.001447289999987,Rwanda,Rulindo
5.0,Public Tapstand,unknown,unknown,Rulindo,1,0.42941536887925813,42.9,-1.8293098200000142,30.00654787,Rwanda,Rulindo
8.0,Public Tapstand,unknown,unknown,Rulindo,1,0.6088340195620978,60.9,-1.82582113,30.00420531,Rwanda,Rulindo
8.0,Public Tapstand,unknown,unknown,Rulindo,1,0.6088340195620978,60.9,-1.8249272,30.00211845,Rwanda,Rulindo
5.0,Public Tapstand,unknown,unknown,Rulindo,1,0.42941536887925813,42.9,-1.8240897999999948,30.0061446,Rwanda,Rulindo
5.0,Public Tapstand,unknown,unknown,Rulindo,1,0.42941536887925813,42.9,-1.8209759800000163,30.03880653,Rwanda,Rulindo
8.0,Public Tapstand,unknown,unknown,Rulindo,1,0.6088340195620978,60.9,-1.81889566,30.00558023,Rwanda,Rulindo
5.0,Public Tapstand,unknown,unknown,Rulindo,1,0.42941536887925813,42.9,-1.8154692600000133,30.038491120000014,Rwanda,Rulindo
5.0,Public Tapstand,unknown,unknown,Rulindo,1,0.42941536887925813,42.9,-1.814549670000013,30.02265256,Rwanda,Rulindo
8.0,Public Tapstand,unknown,unknown,Rulindo,1,0.6088340195620978,60.9,-1.81210187,30.02282817,Rwanda,Rulindo
8.0,Public Tapstand,unknown,unknown,Rulindo,1,0.6088340195620978,60.9,-1.81243119,30.03550504,Rwanda,Rulindo
5.0,Public Tapstand,unknown,unknown,Rulindo,1,0.42941536887925813,42.9,-1.8002532000000062,30.003306669999986,Rwanda,Rulindo
5.0,Public Tapstand,unknown,unknown,Rulindo,1,0.42941536887925813,42.9,-1.8023965600000067,30.036912859999994,Rwanda,Rulindo
5.0,Public Tapstand,unknown,unknown,Rulindo,1,0.42941536887925813,42.9,-1.8005345100000114,30.03677929999999,Rwanda,Rulindo
8.0,Public Tapstand,unknown,unknown,Rulindo,1,0.6088340195620978,60.9,-1.8023931,30.04265399,Rwanda,Rulindo
8.0,Public Tapstand,unknown,unknown,Rulindo,1,0.6088340195620978,60.9,-1.83521563,30.05309274,Rwanda,Rulindo
5.0,Public Tapstand,unknown,unknown,Rulindo,1,0.42941536887925813,42.9,-1.8214878000000114,30.07895100000001,Rwanda,Rulindo
5.0,Public Tapstand,unknown,unknown,Rulindo,1,0.42941536887925813,42.9,-1.8192752000000183,30.062181400000004,Rwanda,Rulindo
5.0,Public Tapstand,unknown,unknown,Rulindo,1,0.42941536887925813,42.9,-1.81739660000001,30.05012539999999,Rwanda,Rulindo
8.0,Public Tapstand,unknown,unknown,Rulindo,1,0.6088340195620978,60.9,-1.81365718,30.05921844,Rwanda,Rulindo
5.0,Public Tapstand,unknown,unknown,Rulindo,1,0.42941536887925813,42.9,-1.814699200000003,30.071366500000007,Rwanda,Rulindo
11.0,Public Tapstand,Piped Water,unknown,Rulindo,1,0.5688773220415491,56.9,-1.8140463443915782,30.092371422348414,Rwanda,Rulindo
8.0,Public Tapstand,unknown,unknown,Rulindo,1,0.6088340195620978,60.9,-1.81011468,30.0643358,Rwanda,Rulindo
5.0,Public Tapstand,unknown,unknown,Rulindo,1,0.42941536887925813,42.9,-1.807551099999998,30.070019699999996,Rwanda,Rulindo
8.0,Public Tapstand,unknown,unknown,Rulindo,1,0.6088340195620978,60.9,-1.80156933,30.05599821,Rwanda,Rulindo
5.0,Public Tapstand,unknown,unknown,Rulindo,1,0.42941536887925813,42.9,-1.8128220000000028,30.112850100000006,Rwanda,Rulindo
5.0,Public Tapstand,unknown,unknown,Rulindo,1,0.42941536887925813,42.9,-1.8103853000000165,30.109084699999986,Rwanda,Rulindo
5.0,Public Tapstand,unknown,unknown,Rulindo,1,0.42941536887925813,42.9,-1.810277000000003,30.1131463,Rwanda,Rulindo
5.0,Public Tapstand,unknown,unknown,Rulindo,1,0.42941536887925813,42.9,-1.8076009000000093,30.117119999999996,Rwanda,Rulindo
5.0,Public Tapstand,unknown,unknown,Rulindo,1,0.42941536887925813,42.9,-1.8081170000000117,30.124775100000008,Rwanda,Rulindo
8.0,Public Tapstand,unknown,unknown,Rulindo,1,0.6088340195620978,60.9,-1.8068085,30.10729454,Rwanda,Rulindo
5.0,Public Tapstand,unknown,unknown,Rulindo,1,0.42941536887925813,42.9,-1.8050693000000142,30.114849,Rwanda,Rulindo
8.0,Public Tapstand,unknown,unknown,Rulindo,1,0.6088340195620978,60.9,-1.805090766,30.12074383,Rwanda,Rulindo
12.0,Public Tapstand,Piped Water,unknown,Rulindo,1,0.1447441826541046,14.5,-1.8010733333333335,30.100536666666667,Rwanda,Rulindo
5.0,Public Tapstand,unknown,unknown,Rulindo,1,0.42941536887925813,42.9,-1.8003245000000134,30.123611200000003,Rwanda,Rulindo
8.0,Public Tapstand,unknown,unknown,Rulindo,1,0.6088340195620978,60.9,-1.800171903,30.12411418,Rwanda,Rulindo
5.0,Public Tapstand,unknown,unknown,Rulindo,1,0.42941536887925813,42.9,-1.800172800000004,30.127554199999995,Rwanda,Rulindo
5.0,Public Tapstand,unknown,unknown,Gicumbi,1,0.5911085120721807,59.1,-1.8156837000000154,30.19565499999999,Rwanda,Gicumbi
5.0,Public Tapstand,unknown,unknown,Gicumbi,1,0.5911085120721807,59.1,-1.8056453000000143,30.1949115,Rwanda,Gicumbi
5.0,Public Tapstand,unknown,unknown,Gicumbi,1,0.5911085120721807,59.1,-1.8041700000000154,30.185521499999986,Rwanda,Gicumbi
5.0,Public Tapstand,unknown,unknown,Gicumbi,1,0.5911085120721807,59.1,-1.8011533999999985,30.18995889999999,Rwanda,Gicumbi
5.0,Public Tapstand,unknown,unknown,Gicumbi,1,0.5911085120721807,59.1,-1.8369584000000112,30.244155999999997,Rwanda,Gicumbi
5.0,Public Tapstand,unknown,unknown,Gicumbi,1,0.5911085120721807,59.1,-1.8302358999999946,30.2096628,Rwanda,Gicumbi
5.0,Public Tapstand,unknown,unknown,Gicumbi,1,0.5911085120721807,59.1,-1.8280523000000015,30.206872999999998,Rwanda,Gicumbi
8.0,Public Tapstand,unknown,unknown,Gicumbi,1,0.6553695175834133,65.5,-1.829319384,30.22472761,Rwanda,Gicumbi
5.0,Public Tapstand,unknown,unknown,Gicumbi,1,0.5911085120721807,59.1,-1.828012000000015,30.2401856,Rwanda,Gicumbi
5.0,Public Tapstand,unknown,unknown,Gicumbi,1,0.5911085120721807,59.1,-1.8286157000000054,30.243156799999994,Rwanda,Gicumbi
5.0,Public Tapstand,unknown,unknown,Gicumbi,1,0.5911085120721807,59.1,-1.8260406000000164,30.243181599999996,Rwanda,Gicumbi
5.0,Public Tapstand,unknown,unknown,Gicumbi,1,0.5911085120721807,59.1,-1.8229494999999973,30.237759800000003,Rwanda,Gicumbi
5.0,Public Tapstand,unknown,unknown,Gicumbi,1,0.5911085120721807,59.1,-1.8193739999999943,30.21609599999998,Rwanda,Gicumbi
5.0,Public Tapstand,unknown,unknown,Gicumbi,1,0.5911085120721807,59.1,-1.8192736000000145,30.237104800000008,Rwanda,Gicumbi
5.0,Public Tapstand,unknown,unknown,Gicumbi,1,0.5911085120721807,59.1,-1.815555999999999,30.209309299999987,Rwanda,Gicumbi
5.0,Public Tapstand,unknown,unknown,Gicumbi,1,0.5911085120721807,59.1,-1.8165067,30.2316565,Rwanda,Gicumbi
5.0,Public Tapstand,unknown,unknown,Gicumbi,1,0.5911085120721807,59.1,-1.810064899999994,30.201741399999978,Rwanda,Gicumbi
5.0,Public Tapstand,unknown,unknown,Gicumbi,1,0.5911085120721807,59.1,-1.8047743000000183,30.216872900000002,Rwanda,Gicumbi
5.0,Public Tapstand,unknown,unknown,Gicumbi,1,0.5911085120721807,59.1,-1.8375420999999987,30.254009699999987,Rwanda,Gicumbi
5.0,Public Tapstand,unknown,unknown,Gicumbi,1,0.5911085120721807,59.1,-1.8090499300000102,30.259008019999985,Rwanda,Gicumbi
5.0,Public Tapstand,unknown,unknown,Rulindo,1,0.42941536887925813,42.9,-1.7951701700000124,30.038895909999997,Rwanda,Rulindo
8.0,Public Tapstand,unknown,unknown,Rulindo,1,0.6088340195620978,60.9,-1.79443992,30.01017751,Rwanda,Rulindo
5.0,Public Tapstand,unknown,unknown,Rulindo,1,0.42941536887925813,42.9,-1.7929596200000006,30.02147024999999,Rwanda,Rulindo
5.0,Public Tapstand,unknown,unknown,Rulindo,1,0.42941536887925813,42.9,-1.794776999999999,30.04128310999999,Rwanda,Rulindo
5.0,Public Tapstand,unknown,unknown,Rulindo,1,0.42941536887925813,42.9,-1.7919862100000092,30.00240726000001,Rwanda,Rulindo
5.0,Public Tapstand,unknown,unknown,Rulindo,1,0.42941536887925813,42.9,-1.7923456900000039,30.04399625000001,Rwanda,Rulindo
8.0,Public Tapstand,unknown,unknown,Rulindo,1,0.6088340195620978,60.9,-1.78892482,30.00660291,Rwanda,Rulindo
8.0,Public Tapstand,unknown,unknown,Rulindo,1,0.6088340195620978,60.9,-1.78652511,30.0220727,Rwanda,Rulindo
5.0,Public Tapstand,unknown,unknown,Rulindo,1,0.42941536887925813,42.9,-1.7865207200000084,30.022253829999986,Rwanda,Rulindo
5.0,Public Tapstand,unknown,unknown,Rulindo,1,0.42941536887925813,42.9,-1.7874680500000157,30.048953859999997,Rwanda,Rulindo
5.0,Public Tapstand,unknown,unknown,Rulindo,1,0.42941536887925813,42.9,-1.7839934600000142,30.00125988,Rwanda,Rulindo
5.0,Public Tapstand,unknown,unknown,Rulindo,1,0.42941536887925813,42.9,-1.7826407100000026,30.007428099999995,Rwanda,Rulindo
5.0,Public Tapstand,unknown,unknown,Rulindo,1,0.42941536887925813,42.9,-1.7814798399999994,30.046342840000015,Rwanda,Rulindo
8.0,Public Tapstand,unknown,unknown,Rulindo,1,0.6088340195620978,60.9,-1.77942939,30.0001587,Rwanda,Rulindo
8.0,Public Tapstand,unknown,unknown,Rulindo,1,0.6088340195620978,60.9,-1.778514227,30.00426271,Rwanda,Rulindo
5.0,Public Tapstand,unknown,unknown,Rulindo,1,0.42941536887925813,42.9,-1.7780718200000074,30.028016960000006,Rwanda,Rulindo
8.0,Public Tapstand,unknown,unknown,Rulindo,1,0.6088340195620978,60.9,-1.77601694,30.01545657,Rwanda,Rulindo
5.0,Public Tapstand,unknown,unknown,Rulindo,1,0.42941536887925813,42.9,-1.776639810000012,30.04877218,Rwanda,Rulindo
5.0,Public Tapstand,unknown,unknown,Rulindo,1,0.42941536887925813,42.9,-1.7733854600000154,30.00910498,Rwanda,Rulindo
8.0,Public Tapstand,unknown,unknown,Rulindo,1,0.6088340195620978,60.9,-1.77342184,30.00953779,Rwanda,Rulindo
8.0,Public Tapstand,unknown,unknown,Rulindo,1,0.6088340195620978,60.9,-1.77333671,30.00890993,Rwanda,Rulindo
5.0,Public Tapstand,unknown,unknown,Rulindo,1,0.42941536887925813,42.9,-1.7701721399999997,30.01423358000001,Rwanda,Rulindo
5.0,Public Tapstand,unknown,unknown,Rulindo,1,0.42941536887925813,42.9,-1.7717426899999997,30.02985029,Rwanda,Rulindo
5.0,Public Tapstand,unknown,unknown,Rulindo,1,0.42941536887925813,42.9,-1.7673160100000096,30.039296140000005,Rwanda,Rulindo
5.0,Public Tapstand,unknown,unknown,Rulindo,1,0.42941536887925813,42.9,-1.7628624500000016,30.032650150000006,Rwanda,Rulindo
5.0,Public Tapstand,unknown,unknown,Rulindo,1,0.42941536887925813,42.9,-1.7576923200000094,30.018731269999993,Rwanda,Rulindo
8.0,Public Tapstand,unknown,unknown,Rulindo,1,0.6088340195620978,60.9,-1.75761552,30.02461495,Rwanda,Rulindo
5.0,Public Tapstand,unknown,unknown,Rulindo,1,0.42941536887925813,42.9,-1.751979510000016,30.018489769999988,Rwanda,Rulindo
8.0,Public Tapstand,unknown,unknown,Rulindo,1,0.6088340195620978,60.9,-1.79985538,30.07775662,Rwanda,Rulindo
5.0,Public Tapstand,unknown,unknown,Rulindo,1,0.42941536887925813,42.9,-1.7975007000000132,30.099669499999983,Rwanda,Rulindo
5.0,Public Tapstand,unknown,unknown,Rulindo,1,0.42941536887925813,42.9,-1.7961856000000065,30.08827150000001,Rwanda,Rulindo
5.0,Public Tapstand,unknown,unknown,Rulindo,1,0.42941536887925813,42.9,-1.7940166000000177,30.059453000000012,Rwanda,Rulindo
5.0,Public Tapstand,unknown,unknown,Rulindo,1,0.42941536887925813,42.9,-1.794482900000009,30.096280000000004,Rwanda,Rulindo
5.0,Public Tapstand,unknown,unknown,Rulindo,1,0.42941536887925813,42.9,-1.7921852999999979,30.06630709999999,Rwanda,Rulindo
8.0,Public Tapstand,unknown,unknown,Rulindo,1,0.6088340195620978,60.9,-1.789056789,30.07532549,Rwanda,Rulindo
5.0,Public Tapstand,unknown,unknown,Rulindo,1,0.42941536887925813,42.9,-1.7810972999999966,30.054650199999998,Rwanda,Rulindo
8.0,Public Tapstand,unknown,unknown,Rulindo,1,0.6088340195620978,60.9,-1.78108935,30.05481723,Rwanda,Rulindo
5.0,Public Tapstand,Piped Water,unknown,Rulindo,1,0.08253951226978451,8.3,-1.7818602000000006,30.097725399999984,Rwanda,Rulindo
5.0,Public Tapstand,unknown,unknown,Rulindo,1,0.42941536887925813,42.9,-1.7799144999999965,30.091738000000014,Rwanda,Rulindo
5.0,Public Tapstand,unknown,unknown,Rulindo,1,0.42941536887925813,42.9,-1.7753279000000055,30.083950999999985,Rwanda,Rulindo
5.0,Public Tapstand,unknown,unknown,Rulindo,1,0.42941536887925813,42.9,-1.7724299999999946,30.0803415,Rwanda,Rulindo
5.0,Public Tapstand,unknown,unknown,Rulindo,1,0.42941536887925813,42.9,-1.7681264000000159,30.083791799999997,Rwanda,Rulindo
5.0,Public Tapstand,unknown,unknown,Rulindo,1,0.42941536887925813,42.9,-1.7652124000000073,30.061443999999998,Rwanda,Rulindo
8.0,Public Tapstand,unknown,unknown,Rulindo,1,0.6088340195620978,60.9,-1.76558341,30.07778948,Rwanda,Rulindo
5.0,Public Tapstand,unknown,unknown,Rulindo,1,0.42941536887925813,42.9,-1.7654989000000079,30.077739,Rwanda,Rulindo
14.0,Public Tapstand,Piped Water,unknown,Rulindo,1,0.5296649947765677,53.0,-1.7667933333333332,30.08440333333333,Rwanda,Rulindo
8.0,Public Tapstand,unknown,unknown,Rulindo,1,0.6088340195620978,60.9,-1.763988248,30.06136349,Rwanda,Rulindo
11.0,Public Tapstand,Piped Water,unknown,Rulindo,1,0.5688773220415491,56.9,-1.7649216666666665,30.076671666666666,Rwanda,Rulindo
8.0,Public Tapstand,unknown,unknown,Rulindo,1,0.6088340195620978,60.9,-1.757511168,30.06108687,Rwanda,Rulindo
8.0,Public Tapstand,unknown,unknown,Rulindo,1,0.6088340195620978,60.9,-1.75761043,30.06127375,Rwanda,Rulindo
5.0,Public Tapstand,unknown,unknown,Rulindo,1,0.42941536887925813,42.9,-1.7592822999999966,30.063919899999995,Rwanda,Rulindo
5.0,Public Tapstand,unknown,unknown,Rulindo,1,0.42941536887925813,42.9,-1.7556045000000038,30.05875700000001,Rwanda,Rulindo
12.0,Public Tapstand,Piped Water,unknown,Rulindo,1,0.1447441826541046,14.5,-1.7550383333333333,30.065525,Rwanda,Rulindo
5.0,Public Tapstand,unknown,unknown,Rulindo,1,0.42941536887925813,42.9,-1.757346400000011,30.0721803,Rwanda,Rulindo
5.0,Public Tapstand,unknown,unknown,Rulindo,1,0.42941536887925813,42.9,-1.753126900000006,30.063127699999995,Rwanda,Rulindo
5.0,Public Tapstand,unknown,unknown,Rulindo,1,0.42941536887925813,42.9,-1.7526102000000037,30.075455499999993,Rwanda,Rulindo
12.0,Public Tapstand,Piped Water,unknown,Rulindo,1,0.1447441826541046,14.5,-1.7992,30.10136333333333,Rwanda,Rulindo
5.0,Public Tapstand,unknown,unknown,Rulindo,1,0.42941536887925813,42.9,-1.7901593000000147,30.100481899999984,Rwanda,Rulindo
8.0,Public Tapstand,unknown,unknown,Rulindo,1,0.6088340195620978,60.9,-1.790980207,30.12514761,Rwanda,Rulindo
8.0,Public Tapstand,unknown,unknown,Rulindo,1,0.6088340195620978,60.9,-1.789664241,30.11499239,Rwanda,Rulindo
5.0,Public Tapstand,unknown,unknown,Rulindo,1,0.42941536887925813,42.9,-1.7826515000000047,30.12757760000001,Rwanda,Rulindo
5.0,Public Tapstand,unknown,unknown,Rulindo,1,0.42941536887925813,42.9,-1.7772810000000032,30.118853000000005,Rwanda,Rulindo
5.0,Public Tapstand,unknown,unknown,Rulindo,1,0.42941536887925813,42.9,-1.7755087000000003,30.12516649999999,Rwanda,Rulindo
5.0,Public Tapstand,unknown,unknown,Gicumbi,1,0.5911085120721807,59.1,-1.7702040000000094,30.122392499999993,Rwanda,Gicumbi
8.0,Public Tapstand,unknown,unknown,Gicumbi,1,0.6553695175834133,65.5,-1.765574793,30.12348638,Rwanda,Gicumbi
5.0,Public Tapstand,unknown,unknown,Gicumbi,1,0.5911085120721807,59.1,-1.7672463200000137,30.134053399999996,Rwanda,Gicumbi
5.0,Public Tapstand,unknown,unknown,Gicumbi,1,0.5911085120721807,59.1,-1.7630984100000147,30.12998305999998,Rwanda,Gicumbi
5.0,Public Tapstand,unknown,unknown,Gicumbi,1,0.5911085120721807,59.1,-1.7563143000000165,30.14863533000001,Rwanda,Gicumbi
8.0,Public Tapstand,unknown,unknown,Gicumbi,1,0.6553695175834133,65.5,-1.796299928,30.17515788,Rwanda,Gicumbi
8.0,Public Tapstand,unknown,unknown,Gicumbi,1,0.6553695175834133,65.5,-1.794566534,30.17258441,Rwanda,Gicumbi
8.0,Public Tapstand,unknown,unknown,Gicumbi,1,0.6553695175834133,65.5,-1.792163528,30.1978319,Rwanda,Gicumbi
5.0,Public Tapstand,unknown,unknown,Gicumbi,1,0.5911085120721807,59.1,-1.7817501000000002,30.173843599999998,Rwanda,Gicumbi
5.0,Public Tapstand,unknown,unknown,Gicumbi,1,0.5911085120721807,59.1,-1.7820290999999966,30.1925233,Rwanda,Gicumbi
8.0,Public Tapstand,unknown,unknown,Gicumbi,1,0.6553695175834133,65.5,-1.777434451,30.17682408,Rwanda,Gicumbi
5.0,Public Tapstand,unknown,unknown,Gicumbi,1,0.5911085120721807,59.1,-1.776103899999995,30.1761062,Rwanda,Gicumbi
8.0,Public Tapstand,unknown,unknown,Rulindo,1,0.6088340195620978,60.9,-1.881359737,29.97166624,Rwanda,Rulindo
5.0,Public Tapstand,unknown,unknown,Gicumbi,1,0.5911085120721807,59.1,-1.7755040000000122,30.190358499999984,Rwanda,Gicumbi
8.0,Public Tapstand,unknown,unknown,Gicumbi,1,0.6553695175834133,65.5,-1.767493747,30.17628011,Rwanda,Gicumbi
5.0,Public Tapstand,unknown,unknown,Gicumbi,1,0.5911085120721807,59.1,-1.7662691000000077,30.19261459999999,Rwanda,Gicumbi
5.0,Public Tapstand,unknown,unknown,Gicumbi,1,0.5911085120721807,59.1,-1.7632823999999967,30.171015199999996,Rwanda,Gicumbi
5.0,Public Tapstand,unknown,unknown,Gicumbi,1,0.5911085120721807,59.1,-1.7603890000000038,30.177295400000006,Rwanda,Gicumbi
5.0,Public Tapstand,unknown,unknown,Gicumbi,1,0.5911085120721807,59.1,-1.7587737999999962,30.187758900000002,Rwanda,Gicumbi
5.0,Public Tapstand,unknown,unknown,Gicumbi,1,0.5911085120721807,59.1,-1.798062700000009,30.21255809999999,Rwanda,Gicumbi
5.0,Public Tapstand,unknown,unknown,Gicumbi,1,0.5911085120721807,59.1,-1.795541899999998,30.209184000000008,Rwanda,Gicumbi
5.0,Public Tapstand,unknown,unknown,Gicumbi,1,0.5911085120721807,59.1,-1.7926421000000152,30.202760600000016,Rwanda,Gicumbi
5.0,Public Tapstand,unknown,unknown,Gicumbi,1,0.5911085120721807,59.1,-1.7928417000000132,30.21311840000001,Rwanda,Gicumbi
5.0,Public Tapstand,unknown,unknown,Gicumbi,1,0.5911085120721807,59.1,-1.7947526000000016,30.215735199999997,Rwanda,Gicumbi
5.0,Public Tapstand,unknown,unknown,Gicumbi,1,0.5911085120721807,59.1,-1.7941381999999997,30.22949420000001,Rwanda,Gicumbi
5.0,Public Tapstand,unknown,unknown,Gicumbi,1,0.5911085120721807,59.1,-1.7905865000000067,30.219839299999997,Rwanda,Gicumbi
5.0,Public Tapstand,unknown,unknown,Gicumbi,1,0.5911085120721807,59.1,-1.7908051000000162,30.228781199999986,Rwanda,Gicumbi
5.0,Public Tapstand,unknown,unknown,Gicumbi,1,0.5911085120721807,59.1,-1.7867652000000063,30.22427860000001,Rwanda,Gicumbi
5.0,Public Tapstand,unknown,unknown,Gicumbi,1,0.5911085120721807,59.1,-1.787049830000019,30.247251719999998,Rwanda,Gicumbi
5.0,Public Tapstand,unknown,unknown,Gicumbi,1,0.5911085120721807,59.1,-1.7782512000000175,30.20057689999999,Rwanda,Gicumbi
5.0,Public Tapstand,unknown,unknown,Gicumbi,1,0.5911085120721807,59.1,-1.7615014100000101,30.239986160000015,Rwanda,Gicumbi
5.0,Public Tapstand,unknown,unknown,Gicumbi,1,0.5911085120721807,59.1,-1.752181329999994,30.201339000000008,Rwanda,Gicumbi
5.0,Public Tapstand,unknown,unknown,Gicumbi,1,0.5911085120721807,59.1,-1.7520076700000036,30.21025651,Rwanda,Gicumbi
5.0,Public Tapstand,unknown,unknown,Gicumbi,1,0.5911085120721807,59.1,-1.7504025300000037,30.213011600000012,Rwanda,Gicumbi
5.0,Public Tapstand,unknown,unknown,Gicumbi,1,0.5911085120721807,59.1,-1.7509864600000091,30.248753700000016,Rwanda,Gicumbi
5.0,Public Tapstand,unknown,unknown,Gicumbi,1,0.5911085120721807,59.1,-1.7839648900000151,30.250526859999997,Rwanda,Gicumbi
8.0,Public Tapstand,unknown,unknown,Rulindo,1,0.6088340195620978,60.9,-1.84265605,29.95668198,Rwanda,Rulindo
5.0,Public Tapstand,unknown,unknown,Gicumbi,1,0.5911085120721807,59.1,-1.7848935400000063,30.25962073999999,Rwanda,Gicumbi
5.0,Public Tapstand,unknown,unknown,Gicumbi,1,0.5911085120721807,59.1,-1.7601078300000133,30.253240369999997,Rwanda,Gicumbi
5.0,Public Tapstand,unknown,unknown,Rulindo,1,0.42941536887925813,42.9,-1.7456734200000144,30.00374867999999,Rwanda,Rulindo
8.0,Public Tapstand,unknown,unknown,Rulindo,1,0.6088340195620978,60.9,-1.747407882,30.04828202,Rwanda,Rulindo
5.0,Public Tapstand,unknown,unknown,Rulindo,1,0.42941536887925813,42.9,-1.742669,30.043371200000006,Rwanda,Rulindo
5.0,Public Tapstand,unknown,unknown,Rulindo,1,0.42941536887925813,42.9,-1.7410427999999998,30.045487100000003,Rwanda,Rulindo
5.0,Public Tapstand,unknown,unknown,Rulindo,1,0.42941536887925813,42.9,-1.7391649000000018,30.037287,Rwanda,Rulindo
5.0,Public Tapstand,unknown,unknown,Rulindo,1,0.42941536887925813,42.9,-1.7357841,30.032637900000015,Rwanda,Rulindo
5.0,Public Tapstand,unknown,unknown,Rulindo,1,0.42941536887925813,42.9,-1.7352816000000106,30.04909179999999,Rwanda,Rulindo
5.0,Public Tapstand,unknown,unknown,Rulindo,1,0.42941536887925813,42.9,-1.7343987000000158,30.02705930000001,Rwanda,Rulindo
5.0,Public Tapstand,unknown,unknown,Rulindo,1,0.42941536887925813,42.9,-1.73193390000001,30.015245799999995,Rwanda,Rulindo
8.0,Public Tapstand,unknown,unknown,Rulindo,1,0.6088340195620978,60.9,-1.73201833,30.01804511,Rwanda,Rulindo
8.0,Public Tapstand,unknown,unknown,Rulindo,1,0.6088340195620978,60.9,-1.73050467,30.02103459,Rwanda,Rulindo
5.0,Public Tapstand,unknown,unknown,Rulindo,1,0.42941536887925813,42.9,-1.7310281999999961,30.039108399999982,Rwanda,Rulindo
5.0,Public Tapstand,unknown,unknown,Rulindo,1,0.42941536887925813,42.9,-1.7282812999999972,30.014145799999994,Rwanda,Rulindo
8.0,Public Tapstand,unknown,unknown,Rulindo,1,0.6088340195620978,60.9,-1.72812454,30.01257167,Rwanda,Rulindo
8.0,Public Tapstand,unknown,unknown,Rulindo,1,0.6088340195620978,60.9,-1.82396566,29.97619512,Rwanda,Rulindo
5.0,Public Tapstand,unknown,unknown,Rulindo,1,0.42941536887925813,42.9,-1.7251361000000085,30.0443175,Rwanda,Rulindo
5.0,Public Tapstand,unknown,unknown,Rulindo,1,0.42941536887925813,42.9,-1.723966899999996,30.030553899999987,Rwanda,Rulindo
8.0,Public Tapstand,unknown,unknown,Rulindo,1,0.6088340195620978,60.9,-1.72399017,30.03924109,Rwanda,Rulindo
5.0,Public Tapstand,unknown,unknown,Rulindo,1,0.42941536887925813,42.9,-1.7196269999999958,30.031160400000008,Rwanda,Rulindo
5.0,Public Tapstand,unknown,unknown,Rulindo,1,0.42941536887925813,42.9,-1.7161825999999996,30.036262299999986,Rwanda,Rulindo
5.0,Public Tapstand,unknown,unknown,Rulindo,1,0.42941536887925813,42.9,-1.7137711000000189,30.031795000000013,Rwanda,Rulindo
5.0,Public Tapstand,unknown,unknown,Rulindo,1,0.42941536887925813,42.9,-1.7050388500000004,30.04437061999999,Rwanda,Rulindo
8.0,Public Tapstand,unknown,unknown,Rulindo,1,0.6088340195620978,60.9,-1.702826614,30.00469168,Rwanda,Rulindo
8.0,Public Tapstand,unknown,unknown,Rulindo,1,0.6088340195620978,60.9,-1.70281718,30.03262505,Rwanda,Rulindo
5.0,Public Tapstand,unknown,unknown,Rulindo,1,0.42941536887925813,42.9,-1.703868780000017,30.040670229999996,Rwanda,Rulindo
8.0,Public Tapstand,unknown,unknown,Rulindo,1,0.6088340195620978,60.9,-1.788842351,29.94912193,Rwanda,Rulindo
5.0,Public Tapstand,unknown,unknown,Rulindo,1,0.42941536887925813,42.9,-1.7022177300000163,30.026897300000005,Rwanda,Rulindo
8.0,Public Tapstand,unknown,unknown,Rulindo,1,0.6088340195620978,60.9,-1.74970264,30.05298466,Rwanda,Rulindo
8.0,Public Tapstand,unknown,unknown,Rulindo,1,0.6088340195620978,60.9,-1.74755776,30.05418348,Rwanda,Rulindo
5.0,Public Tapstand,unknown,unknown,Rulindo,1,0.42941536887925813,42.9,-1.742705600000015,30.059395699999996,Rwanda,Rulindo
8.0,Public Tapstand,unknown,unknown,Rulindo,1,0.6088340195620978,60.9,-1.74381157,30.06801185,Rwanda,Rulindo
8.0,Public Tapstand,unknown,unknown,Rulindo,1,0.6088340195620978,60.9,-1.73621985,30.07345293,Rwanda,Rulindo
8.0,Public Tapstand,unknown,unknown,Rulindo,1,0.6088340195620978,60.9,-1.73333129,30.07006691,Rwanda,Rulindo
5.0,Public Tapstand,unknown,unknown,Rulindo,1,0.42941536887925813,42.9,-1.7285241699999965,30.072995969999994,Rwanda,Rulindo
5.0,Public Tapstand,unknown,unknown,Rulindo,1,0.42941536887925813,42.9,-1.72324697,30.064626349999998,Rwanda,Rulindo
8.0,Public Tapstand,unknown,unknown,Rulindo,1,0.6088340195620978,60.9,-1.71828497,30.07509248,Rwanda,Rulindo
8.0,Public Tapstand,unknown,unknown,Rulindo,1,0.6088340195620978,60.9,-1.717560646,30.08005576,Rwanda,Rulindo
8.0,Public Tapstand,unknown,unknown,Rulindo,1,0.6088340195620978,60.9,-1.709178831,30.05171422,Rwanda,Rulindo
5.0,Public Tapstand,unknown,unknown,Rulindo,1,0.42941536887925813,42.9,-1.7027015300000135,30.067934909999988,Rwanda,Rulindo
5.0,Public Tapstand,unknown,unknown,Gicumbi,1,0.5911085120721807,59.1,-1.7434587100000078,30.13829755,Rwanda,Gicumbi
5.0,Public Tapstand,unknown,unknown,Gicumbi,1,0.5911085120721807,59.1,-1.7430184100000174,30.144561230000008,Rwanda,Gicumbi
8.0,Public Tapstand,unknown,unknown,Gicumbi,1,0.6553695175834133,65.5,-1.741153354,30.10570408,Rwanda,Gicumbi
5.0,Public Tapstand,unknown,unknown,Gicumbi,1,0.5911085120721807,59.1,-1.7064529000000181,30.10876679999999,Rwanda,Gicumbi
5.0,Public Tapstand,unknown,unknown,Gicumbi,1,0.5911085120721807,59.1,-1.702661100000007,30.134412999999995,Rwanda,Gicumbi
5.0,Public Tapstand,unknown,unknown,Gicumbi,1,0.5911085120721807,59.1,-1.748990900000013,30.186946799999998,Rwanda,Gicumbi
5.0,Public Tapstand,unknown,unknown,Gicumbi,1,0.5911085120721807,59.1,-1.7471017600000098,30.197446929999998,Rwanda,Gicumbi
5.0,Public Tapstand,unknown,unknown,Gicumbi,1,0.5911085120721807,59.1,-1.7444301300000113,30.152906700000006,Rwanda,Gicumbi
5.0,Public Tapstand,unknown,unknown,Gicumbi,1,0.5911085120721807,59.1,-1.7403406000000146,30.18653389999999,Rwanda,Gicumbi
5.0,Public Tapstand,unknown,unknown,Gicumbi,1,0.5911085120721807,59.1,-1.738390489999996,30.198194970000007,Rwanda,Gicumbi
5.0,Public Tapstand,unknown,unknown,Gicumbi,1,0.5911085120721807,59.1,-1.7327914500000154,30.155583350000015,Rwanda,Gicumbi
5.0,Public Tapstand,unknown,unknown,Gicumbi,1,0.5911085120721807,59.1,-1.7321047000000163,30.191913400000004,Rwanda,Gicumbi
5.0,Public Tapstand,unknown,unknown,Gicumbi,1,0.5911085120721807,59.1,-1.7225311700000143,30.177617600000005,Rwanda,Gicumbi
8.0,Public Tapstand,unknown,unknown,Gicumbi,1,0.6553695175834133,65.5,-1.721289204,30.18924785,Rwanda,Gicumbi
8.0,Public Tapstand,unknown,unknown,Rulindo,1,0.6088340195620978,60.9,-1.750720401,29.98584166,Rwanda,Rulindo
5.0,Public Tapstand,unknown,unknown,Gicumbi,1,0.5911085120721807,59.1,-1.714928500000005,30.196129599999995,Rwanda,Gicumbi
5.0,Public Tapstand,unknown,unknown,Gicumbi,1,0.5911085120721807,59.1,-1.7089094999999963,30.161167480000017,Rwanda,Gicumbi
5.0,Public Tapstand,unknown,unknown,Gicumbi,1,0.5911085120721807,59.1,-1.7028422399999996,30.170812330000015,Rwanda,Gicumbi
8.0,Public Tapstand,unknown,unknown,Gicumbi,1,0.6553695175834133,65.5,-1.731284602,30.24543095,Rwanda,Gicumbi
8.0,Public Tapstand,unknown,unknown,Gicumbi,1,0.6553695175834133,65.5,-1.725875151,30.24103778,Rwanda,Gicumbi
5.0,Public Tapstand,unknown,unknown,Gicumbi,1,0.5911085120721807,59.1,-1.7056596000000186,30.247560900000003,Rwanda,Gicumbi
5.0,Public Tapstand,unknown,unknown,Rulindo,1,0.42941536887925813,42.9,-1.6995449300000152,30.025879739999993,Rwanda,Rulindo
8.0,Public Tapstand,unknown,unknown,Rulindo,1,0.6088340195620978,60.9,-1.693229424,30.02624539,Rwanda,Rulindo
5.0,Public Tapstand,unknown,unknown,Rulindo,1,0.42941536887925813,42.9,-1.6932422099999946,30.026351699999992,Rwanda,Rulindo
5.0,Public Tapstand,unknown,unknown,Rulindo,1,0.42941536887925813,42.9,-1.6926344699999971,30.03306810000001,Rwanda,Rulindo
8.0,Public Tapstand,unknown,unknown,Rulindo,1,0.6088340195620978,60.9,-1.691071141,30.00134526,Rwanda,Rulindo
8.0,Public Tapstand,unknown,unknown,Rulindo,1,0.6088340195620978,60.9,-1.690830654,30.00133119,Rwanda,Rulindo
5.0,Public Tapstand,unknown,unknown,Rulindo,1,0.42941536887925813,42.9,-1.6920997200000136,30.006982709999996,Rwanda,Rulindo
5.0,Public Tapstand,unknown,unknown,Rulindo,1,0.42941536887925813,42.9,-1.6906216300000187,30.013538580000002,Rwanda,Rulindo
8.0,Public Tapstand,unknown,unknown,Rulindo,1,0.6088340195620978,60.9,-1.690539499,30.01373604,Rwanda,Rulindo
5.0,Public Tapstand,unknown,unknown,Rulindo,1,0.42941536887925813,42.9,-1.6903572800000002,30.015534549999998,Rwanda,Rulindo
5.0,Public Tapstand,unknown,unknown,Rulindo,1,0.42941536887925813,42.9,-1.6856099900000097,30.015809380000004,Rwanda,Rulindo
8.0,Public Tapstand,unknown,unknown,Rulindo,1,0.6088340195620978,60.9,-1.685534181,30.03697424,Rwanda,Rulindo
8.0,Public Tapstand,unknown,unknown,Rulindo,1,0.6088340195620978,60.9,-1.685466187,30.0368675,Rwanda,Rulindo
8.0,Public Tapstand,unknown,unknown,Rulindo,1,0.6088340195620978,60.9,-1.684008984,30.00911935,Rwanda,Rulindo
8.0,Public Tapstand,unknown,unknown,Rulindo,1,0.6088340195620978,60.9,-1.683992094,30.00927787,Rwanda,Rulindo
5.0,Public Tapstand,unknown,unknown,Rulindo,1,0.42941536887925813,42.9,-1.6834975100000047,30.049120640000012,Rwanda,Rulindo
5.0,Public Tapstand,unknown,unknown,Rulindo,1,0.42941536887925813,42.9,-1.6823480600000005,30.033789739999992,Rwanda,Rulindo
8.0,Public Tapstand,unknown,unknown,Rulindo,1,0.6088340195620978,60.9,-1.679545713,30.01234255,Rwanda,Rulindo
8.0,Public Tapstand,unknown,unknown,Rulindo,1,0.6088340195620978,60.9,-1.67773238,30.03073636,Rwanda,Rulindo
5.0,Public Tapstand,unknown,unknown,Rulindo,1,0.42941536887925813,42.9,-1.6780327000000121,30.044898210000003,Rwanda,Rulindo
8.0,Public Tapstand,unknown,unknown,Rulindo,1,0.6088340195620978,60.9,-1.676916683,30.00854449,Rwanda,Rulindo
8.0,Public Tapstand,unknown,unknown,Rulindo,1,0.6088340195620978,60.9,-1.676359318,30.03746896,Rwanda,Rulindo
8.0,Public Tapstand,unknown,unknown,Rulindo,1,0.6088340195620978,60.9,-1.676218824,30.03735204,Rwanda,Rulindo
8.0,Public Tapstand,unknown,unknown,Rulindo,1,0.6088340195620978,60.9,-1.67314308,30.00154636,Rwanda,Rulindo
8.0,unknown,Piped Water,unknown,Rulindo,1,0.41847420313512274,41.8,-1.668151432,30.04664574,Rwanda,Rulindo
5.0,Public Tapstand,unknown,unknown,Rulindo,1,0.42941536887925813,42.9,-1.6655449800000137,30.013865449999997,Rwanda,Rulindo
5.0,Public Tapstand,unknown,unknown,Gicumbi,1,0.5911085120721807,59.1,-1.6590642000000082,30.000990699999992,Rwanda,Gicumbi
5.0,Public Tapstand,unknown,unknown,Rulindo,1,0.42941536887925813,42.9,-1.6582458900000043,30.04329071,Rwanda,Rulindo
5.0,Public Tapstand,unknown,unknown,Gicumbi,1,0.5911085120721807,59.1,-1.650097500000003,30.00223450000001,Rwanda,Gicumbi
5.0,Public Tapstand,unknown,unknown,Rulindo,1,0.42941536887925813,42.9,-1.650239700000013,30.032154789999996,Rwanda,Rulindo
5.0,Public Tapstand,unknown,unknown,Gicumbi,1,0.5911085120721807,59.1,-1.6887243000000083,30.071377699999996,Rwanda,Gicumbi
8.0,Public Tapstand,unknown,unknown,Gicumbi,1,0.6553695175834133,65.5,-1.689972936,30.07622719,Rwanda,Gicumbi
5.0,Public Tapstand,unknown,unknown,Rulindo,1,0.42941536887925813,42.9,-1.6862711699999962,30.051611579999996,Rwanda,Rulindo
5.0,Public Tapstand,unknown,unknown,Gicumbi,1,0.5911085120721807,59.1,-1.6846908000000007,30.079809600000008,Rwanda,Gicumbi
5.0,Public Tapstand,unknown,unknown,Rulindo,1,0.42941536887925813,42.9,-1.682269370000007,30.05382004000001,Rwanda,Rulindo
5.0,Public Tapstand,unknown,unknown,Gicumbi,1,0.5911085120721807,59.1,-1.6746879000000001,30.07405160000001,Rwanda,Gicumbi
5.0,Public Tapstand,unknown,unknown,Gicumbi,1,0.5911085120721807,59.1,-1.661569829999999,30.06203652999999,Rwanda,Gicumbi
5.0,Public Tapstand,unknown,unknown,Gicumbi,1,0.5911085120721807,59.1,-1.6994967999999961,30.107227899999994,Rwanda,Gicumbi
5.0,Public Tapstand,unknown,unknown,Gicumbi,1,0.5911085120721807,59.1,-1.697427500000002,30.130565399999995,Rwanda,Gicumbi
5.0,Public Tapstand,unknown,unknown,Gicumbi,1,0.5911085120721807,59.1,-1.6872867000000007,30.139334099999992,Rwanda,Gicumbi
5.0,Public Tapstand,unknown,unknown,Gicumbi,1,0.5911085120721807,59.1,-1.685552500000006,30.140141100000005,Rwanda,Gicumbi
8.0,Public Tapstand,unknown,unknown,Gicumbi,1,0.6553695175834133,65.5,-1.682612061,30.1225459,Rwanda,Gicumbi
5.0,Public Tapstand,unknown,unknown,Gicumbi,1,0.5911085120721807,59.1,-1.6825539000000092,30.139442499999998,Rwanda,Gicumbi
5.0,Public Tapstand,unknown,unknown,Gicumbi,1,0.5911085120721807,59.1,-1.6844122000000086,30.146088200000005,Rwanda,Gicumbi
5.0,Public Tapstand,unknown,unknown,Gicumbi,1,0.5911085120721807,59.1,-1.6804611000000114,30.117512600000005,Rwanda,Gicumbi
5.0,Public Tapstand,unknown,unknown,Gicumbi,1,0.5911085120721807,59.1,-1.6761609000000104,30.100481100000003,Rwanda,Gicumbi
8.0,Public Tapstand,unknown,unknown,Gicumbi,1,0.6553695175834133,65.5,-1.670414166,30.11102769,Rwanda,Gicumbi
8.0,Public Tapstand,unknown,unknown,Gicumbi,1,0.6553695175834133,65.5,-1.670485515,30.11195378,Rwanda,Gicumbi
5.0,Public Tapstand,unknown,unknown,Gicumbi,1,0.5911085120721807,59.1,-1.6657464000000004,30.133909200000016,Rwanda,Gicumbi
5.0,Public Tapstand,unknown,unknown,Gicumbi,1,0.5911085120721807,59.1,-1.662567400000013,30.12982590000001,Rwanda,Gicumbi
8.0,Public Tapstand,unknown,unknown,Gicumbi,1,0.6553695175834133,65.5,-1.657859,30.11420029,Rwanda,Gicumbi
5.0,Public Tapstand,unknown,unknown,Gicumbi,1,0.5911085120721807,59.1,-1.651383900000003,30.125836599999992,Rwanda,Gicumbi
8.0,Public Tapstand,unknown,unknown,Gicumbi,1,0.6553695175834133,65.5,-1.671601834,30.15968644,Rwanda,Gicumbi
5.0,Public Tapstand,unknown,unknown,Gicumbi,1,0.5911085120721807,59.1,-1.6711517000000176,30.174126799999986,Rwanda,Gicumbi
5.0,Public Tapstand,unknown,unknown,Gicumbi,1,0.5911085120721807,59.1,-1.6685074000000146,30.168851300000004,Rwanda,Gicumbi
8.0,Public Tapstand,unknown,unknown,Gicumbi,1,0.6553695175834133,65.5,-1.667465708,30.18718047,Rwanda,Gicumbi
5.0,Public Tapstand,unknown,unknown,Gicumbi,1,0.5911085120721807,59.1,-1.6637633000000114,30.162796700000005,Rwanda,Gicumbi
5.0,Public Tapstand,unknown,unknown,Gicumbi,1,0.5911085120721807,59.1,-1.6643383000000078,30.180923400000008,Rwanda,Gicumbi
8.0,Public Tapstand,unknown,unknown,Gicumbi,1,0.6553695175834133,65.5,-1.664137469,30.19165965,Rwanda,Gicumbi
5.0,Public Tapstand,unknown,unknown,Gicumbi,1,0.5911085120721807,59.1,-1.6589971999999977,30.158364499999983,Rwanda,Gicumbi
5.0,Public Tapstand,unknown,unknown,Gicumbi,1,0.5911085120721807,59.1,-1.656714554,30.18118187,Rwanda,Gicumbi
5.0,Public Tapstand,unknown,unknown,Gicumbi,1,0.5911085120721807,59.1,-1.6531039000000103,30.17823769999999,Rwanda,Gicumbi
8.0,Public Tapstand,unknown,unknown,Gicumbi,1,0.6553695175834133,65.5,-1.698750386,30.22702678,Rwanda,Gicumbi
5.0,Public Tapstand,unknown,unknown,Gicumbi,1,0.5911085120721807,59.1,-1.6531818000000156,30.20047639999999,Rwanda,Gicumbi
5.0,Public Tapstand,unknown,unknown,Rulindo,1,0.42941536887925813,42.9,-1.6490270700000078,30.03050911000001,Rwanda,Rulindo
5.0,Public Tapstand,unknown,unknown,Rulindo,1,0.42941536887925813,42.9,-1.6455832299999944,30.02692332999998,Rwanda,Rulindo
5.0,Public Tapstand,unknown,unknown,Rulindo,1,0.42941536887925813,42.9,-1.6445434000000032,30.049028709999988,Rwanda,Rulindo
5.0,Public Tapstand,unknown,unknown,Rulindo,1,0.42941536887925813,42.9,-1.639425179999997,30.02219574,Rwanda,Rulindo
5.0,Public Tapstand,unknown,unknown,Rulindo,1,0.42941536887925813,42.9,-1.638775319999999,30.02245312000001,Rwanda,Rulindo
5.0,Public Tapstand,unknown,unknown,Gicumbi,1,0.5911085120721807,59.1,-1.6364863000000172,30.00555179999999,Rwanda,Gicumbi
5.0,Public Tapstand,unknown,unknown,Gicumbi,1,0.5911085120721807,59.1,-1.63619240000001,30.009693299999984,Rwanda,Gicumbi
5.0,Public Tapstand,unknown,unknown,Gicumbi,1,0.5911085120721807,59.1,-1.6331761999999972,30.006682199999997,Rwanda,Gicumbi
5.0,Public Tapstand,unknown,unknown,Gicumbi,1,0.5911085120721807,59.1,-1.6271027999999998,30.00870839999999,Rwanda,Gicumbi
5.0,Public Tapstand,unknown,unknown,Rulindo,1,0.42941536887925813,42.9,-1.626548260000004,30.02968089000001,Rwanda,Rulindo
13.0,Public Tapstand,Piped Water,unknown,Rulindo,1,0.1878255253021136,18.8,-1.62588,30.029668333333333,Rwanda,Rulindo
5.0,Public Tapstand,unknown,unknown,Rulindo,1,0.42941536887925813,42.9,-1.622014059999994,30.027846349999983,Rwanda,Rulindo
5.0,Public Tapstand,unknown,unknown,Rulindo,1,0.42941536887925813,42.9,-1.6173244999999943,30.024092339999978,Rwanda,Rulindo
5.0,Public Tapstand,unknown,unknown,Rulindo,1,0.42941536887925813,42.9,-1.6165144400000038,30.02654292999999,Rwanda,Rulindo
5.0,Public Tapstand,unknown,unknown,Rulindo,1,0.42941536887925813,42.9,-1.617397640000005,30.03171371,Rwanda,Rulindo
8.0,Public Tapstand,unknown,unknown,Rulindo,1,0.6088340195620978,60.9,-1.61727093,30.03165686,Rwanda,Rulindo
5.0,Public Tapstand,unknown,unknown,Rulindo,1,0.42941536887925813,42.9,-1.6124244999999955,30.034306550000007,Rwanda,Rulindo
5.0,Public Tapstand,unknown,unknown,Gicumbi,1,0.5911085120721807,59.1,-1.6086643300000019,30.002905399999992,Rwanda,Gicumbi
5.0,Public Tapstand,unknown,unknown,Gicumbi,1,0.5911085120721807,59.1,-1.6069065500000077,30.019872969999987,Rwanda,Gicumbi
5.0,Public Tapstand,unknown,unknown,Gicumbi,1,0.5911085120721807,59.1,-1.6028326899999947,30.02549947000001,Rwanda,Gicumbi
5.0,Public Tapstand,unknown,unknown,Gicumbi,1,0.5911085120721807,59.1,-1.600899890000006,30.027350959999993,Rwanda,Gicumbi
5.0,Public Tapstand,unknown,unknown,Rulindo,1,0.42941536887925813,42.9,-1.641921079999996,30.055938749999992,Rwanda,Rulindo
5.0,Public Tapstand,unknown,unknown,Rulindo,1,0.42941536887925813,42.9,-1.6410410200000087,30.059724139999993,Rwanda,Rulindo
5.0,Public Tapstand,unknown,unknown,Rulindo,1,0.42941536887925813,42.9,-1.6342376900000013,30.061085230000007,Rwanda,Rulindo
5.0,Public Tapstand,unknown,unknown,Rulindo,1,0.42941536887925813,42.9,-1.6305077100000127,30.051518000000005,Rwanda,Rulindo
5.0,Public Tapstand,unknown,unknown,Gicumbi,1,0.5911085120721807,59.1,-1.6235914699999943,30.08799905000001,Rwanda,Gicumbi
5.0,Public Tapstand,unknown,unknown,Gicumbi,1,0.5911085120721807,59.1,-1.6226021900000107,30.093880979999998,Rwanda,Gicumbi
5.0,Public Tapstand,unknown,unknown,Gicumbi,1,0.5911085120721807,59.1,-1.6208222200000175,30.093845760000004,Rwanda,Gicumbi
8.0,Public Tapstand,unknown,unknown,Gicumbi,1,0.6553695175834133,65.5,-1.605921289,30.07293776,Rwanda,Gicumbi
8.0,Public Tapstand,unknown,unknown,Gicumbi,1,0.6553695175834133,65.5,-1.60009015,30.08416879,Rwanda,Gicumbi
5.0,Public Tapstand,unknown,unknown,Gicumbi,1,0.5911085120721807,59.1,-1.6431536000000115,30.101742560000012,Rwanda,Gicumbi
8.0,Public Tapstand,unknown,unknown,Gicumbi,1,0.6553695175834133,65.5,-1.644371984,30.13944554,Rwanda,Gicumbi
5.0,Public Tapstand,unknown,unknown,Gicumbi,1,0.5911085120721807,59.1,-1.6336414000000121,30.131559600000003,Rwanda,Gicumbi
5.0,Public Tapstand,unknown,unknown,Gicumbi,1,0.5911085120721807,59.1,-1.6265872999999973,30.112267400000004,Rwanda,Gicumbi
8.0,Public Tapstand,unknown,unknown,Gicumbi,1,0.6553695175834133,65.5,-1.623015209,30.14293449,Rwanda,Gicumbi
5.0,Public Tapstand,unknown,unknown,Gicumbi,1,0.5911085120721807,59.1,-1.609841699999994,30.105069800000013,Rwanda,Gicumbi
5.0,Public Tapstand,unknown,unknown,Gicumbi,1,0.5911085120721807,59.1,-1.6060744000000033,30.116403799999993,Rwanda,Gicumbi
5.0,Public Tapstand,unknown,unknown,Gicumbi,1,0.5911085120721807,59.1,-1.6073157000000187,30.11865789999999,Rwanda,Gicumbi
5.0,Public Tapstand,unknown,unknown,Gicumbi,1,0.5911085120721807,59.1,-1.605582799999996,30.121340300000004,Rwanda,Gicumbi
5.0,Public Tapstand,unknown,unknown,Gicumbi,1,0.5911085120721807,59.1,-1.6064824000000137,30.133159399999997,Rwanda,Gicumbi
5.0,Public Tapstand,unknown,unknown,Gicumbi,1,0.5911085120721807,59.1,-1.6020003000000034,30.119546999999994,Rwanda,Gicumbi
5.0,Public Tapstand,unknown,unknown,Gicumbi,1,0.5911085120721807,59.1,-1.601544299999994,30.131316400000014,Rwanda,Gicumbi
5.0,Public Tapstand,unknown,unknown,Gicumbi,1,0.5911085120721807,59.1,-1.648975399999996,30.198870899999996,Rwanda,Gicumbi
8.0,Public Tapstand,unknown,unknown,Gicumbi,1,0.6553695175834133,65.5,-1.639665874,30.15741945,Rwanda,Gicumbi
5.0,Public Tapstand,unknown,unknown,Gicumbi,1,0.5911085120721807,59.1,-1.6381915999999968,30.178263100000006,Rwanda,Gicumbi
5.0,Public Tapstand,unknown,unknown,Gicumbi,1,0.5911085120721807,59.1,-1.6332832000000004,30.1735614,Rwanda,Gicumbi
5.0,Public Tapstand,unknown,unknown,Gicumbi,1,0.5911085120721807,59.1,-1.6315214000000138,30.15022579999999,Rwanda,Gicumbi
8.0,Public Tapstand,unknown,unknown,Gicumbi,1,0.6553695175834133,65.5,-1.631830278,30.15951101,Rwanda,Gicumbi
8.0,Public Tapstand,unknown,unknown,Gicumbi,1,0.6553695175834133,65.5,-1.631610647,30.19203156,Rwanda,Gicumbi
8.0,Public Tapstand,unknown,unknown,Gicumbi,1,0.6553695175834133,65.5,-1.625120466,30.19514137,Rwanda,Gicumbi
5.0,Public Tapstand,unknown,unknown,Gicumbi,1,0.5911085120721807,59.1,-1.60515710000001,30.15595180000001,Rwanda,Gicumbi
8.0,Public Tapstand,unknown,unknown,Gicumbi,1,0.6553695175834133,65.5,-1.605236777,30.15614867,Rwanda,Gicumbi
8.0,Public Tapstand,unknown,unknown,Gicumbi,1,0.6553695175834133,65.5,-1.603809468,30.16815415,Rwanda,Gicumbi
8.0,Public Tapstand,unknown,unknown,Gicumbi,1,0.6553695175834133,65.5,-1.602221808,30.15251488,Rwanda,Gicumbi
5.0,Public Tapstand,unknown,unknown,Gicumbi,1,0.5911085120721807,59.1,-1.6022475000000087,30.15517479999999,Rwanda,Gicumbi
5.0,Public Tapstand,unknown,unknown,Gicumbi,1,0.5911085120721807,59.1,-1.5991707900000163,30.015713880000003,Rwanda,Gicumbi
5.0,Public Tapstand,unknown,unknown,Gicumbi,1,0.5911085120721807,59.1,-1.5931206999999965,30.008080639999992,Rwanda,Gicumbi
5.0,Public Tapstand,unknown,unknown,Gicumbi,1,0.5911085120721807,59.1,-1.5903080600000057,30.013242989999988,Rwanda,Gicumbi
8.0,Public Tapstand,unknown,unknown,Gicumbi,1,0.6553695175834133,65.5,-1.588370671,30.01348858,Rwanda,Gicumbi
5.0,Public Tapstand,unknown,unknown,Gicumbi,1,0.5911085120721807,59.1,-1.5866195899999977,30.033791799999996,Rwanda,Gicumbi
8.0,Public Tapstand,unknown,unknown,Gicumbi,1,0.6553695175834133,65.5,-1.584920188,30.01293087,Rwanda,Gicumbi
5.0,Public Tapstand,unknown,unknown,Gicumbi,1,0.5911085120721807,59.1,-1.5842209100000113,30.034987329999993,Rwanda,Gicumbi
5.0,Public Tapstand,unknown,unknown,Gicumbi,1,0.5911085120721807,59.1,-1.582040020000006,30.01176816999999,Rwanda,Gicumbi
5.0,Public Tapstand,unknown,unknown,Gicumbi,1,0.5911085120721807,59.1,-1.5752827000000096,30.015604980000003,Rwanda,Gicumbi
8.0,Public Tapstand,unknown,unknown,Gicumbi,1,0.6553695175834133,65.5,-1.5754089,30.02551284,Rwanda,Gicumbi
8.0,Public Tapstand,unknown,unknown,Gicumbi,1,0.6553695175834133,65.5,-1.574173603,30.01743714,Rwanda,Gicumbi
8.0,Public Tapstand,unknown,unknown,Gicumbi,1,0.6553695175834133,65.5,-1.574072384,30.04625816,Rwanda,Gicumbi
5.0,Public Tapstand,unknown,unknown,Gicumbi,1,0.5911085120721807,59.1,-1.5712396700000186,30.044088360000007,Rwanda,Gicumbi
8.0,Public Tapstand,unknown,unknown,Gicumbi,1,0.6553695175834133,65.5,-1.568984034,30.01875805,Rwanda,Gicumbi
8.0,Public Tapstand,unknown,unknown,Gicumbi,1,0.6553695175834133,65.5,-1.567635782,30.01890626,Rwanda,Gicumbi
5.0,Public Tapstand,unknown,unknown,Gicumbi,1,0.5911085120721807,59.1,-1.5664249400000094,30.007958520000013,Rwanda,Gicumbi
8.0,Public Tapstand,unknown,unknown,Gicumbi,1,0.6553695175834133,65.5,-1.56179992,30.01537115,Rwanda,Gicumbi
8.0,Public Tapstand,unknown,unknown,Gicumbi,1,0.6553695175834133,65.5,-1.561304846,30.01624445,Rwanda,Gicumbi
8.0,Public Tapstand,unknown,unknown,Gicumbi,1,0.6553695175834133,65.5,-1.562244599,30.01757881,Rwanda,Gicumbi
8.0,Public Tapstand,unknown,unknown,Gicumbi,1,0.6553695175834133,65.5,-1.561629087,30.0196251,Rwanda,Gicumbi
8.0,Public Tapstand,unknown,unknown,Gicumbi,1,0.6553695175834133,65.5,-1.555904096,30.03174601,Rwanda,Gicumbi
5.0,Public Tapstand,unknown,unknown,Gicumbi,1,0.5911085120721807,59.1,-1.5563862100000052,30.036172849999993,Rwanda,Gicumbi
8.0,Public Tapstand,unknown,unknown,Gicumbi,1,0.6553695175834133,65.5,-1.555658224,30.03861612,Rwanda,Gicumbi
8.0,Public Tapstand,unknown,unknown,Gicumbi,1,0.6553695175834133,65.5,-1.553966097,30.02667875,Rwanda,Gicumbi
8.0,Public Tapstand,unknown,unknown,Gicumbi,1,0.6553695175834133,65.5,-1.553415767,30.0418313,Rwanda,Gicumbi
8.0,Public Tapstand,unknown,unknown,Gicumbi,1,0.6553695175834133,65.5,-1.554888551,30.04528332,Rwanda,Gicumbi
8.0,Public Tapstand,unknown,unknown,Gicumbi,1,0.6553695175834133,65.5,-1.554697958,30.04552468,Rwanda,Gicumbi
5.0,Public Tapstand,unknown,unknown,Gicumbi,1,0.5911085120721807,59.1,-1.5536798600000126,30.04640657,Rwanda,Gicumbi
5.0,Public Tapstand,unknown,unknown,Rulindo,1,0.42941536887925813,42.9,-1.64767710000001,29.88560889999999,Rwanda,Rulindo
5.0,Public Tapstand,unknown,unknown,Gicumbi,1,0.5911085120721807,59.1,-1.5904648999999988,30.097209999999997,Rwanda,Gicumbi
8.0,Public Tapstand,unknown,unknown,Gicumbi,1,0.6553695175834133,65.5,-1.58980474,30.05369733,Rwanda,Gicumbi
8.0,Public Tapstand,unknown,unknown,Gicumbi,1,0.6553695175834133,65.5,-1.58945247,30.05336251,Rwanda,Gicumbi
8.0,Public Tapstand,unknown,unknown,Gicumbi,1,0.6553695175834133,65.5,-1.588660118,30.05675053,Rwanda,Gicumbi
5.0,Public Tapstand,unknown,unknown,Gicumbi,1,0.5911085120721807,59.1,-1.5885460200000063,30.075909260000007,Rwanda,Gicumbi
8.0,Public Tapstand,unknown,unknown,Gicumbi,1,0.6553695175834133,65.5,-1.588940488,30.08184003,Rwanda,Gicumbi
8.0,Public Tapstand,unknown,unknown,Gicumbi,1,0.6553695175834133,65.5,-1.582747852,30.06118859,Rwanda,Gicumbi
5.0,Public Tapstand,unknown,unknown,Gicumbi,1,0.5911085120721807,59.1,-1.5826381600000188,30.06144079999999,Rwanda,Gicumbi
5.0,Public Tapstand,unknown,unknown,Gicumbi,1,0.5911085120721807,59.1,-1.5822989799999954,30.066701149999993,Rwanda,Gicumbi
8.0,Public Tapstand,unknown,unknown,Gicumbi,1,0.6553695175834133,65.5,-1.580006851,30.06945012,Rwanda,Gicumbi
5.0,Public Tapstand,unknown,unknown,Gicumbi,1,0.5911085120721807,59.1,-1.5813540599999947,30.072233860000015,Rwanda,Gicumbi
8.0,Public Tapstand,unknown,unknown,Gicumbi,1,0.6553695175834133,65.5,-1.579850342,30.06959881,Rwanda,Gicumbi
5.0,Public Tapstand,unknown,unknown,Gicumbi,1,0.5911085120721807,59.1,-1.5759827800000126,30.061884040000013,Rwanda,Gicumbi
5.0,Public Tapstand,unknown,unknown,Gicumbi,1,0.5911085120721807,59.1,-1.5741869300000069,30.058285679999997,Rwanda,Gicumbi
5.0,Public Tapstand,unknown,unknown,Gicumbi,1,0.5911085120721807,59.1,-1.5720268500000072,30.05226272999999,Rwanda,Gicumbi
8.0,Public Tapstand,unknown,unknown,Gicumbi,1,0.6553695175834133,65.5,-1.57049601,30.05985875,Rwanda,Gicumbi
8.0,Public Tapstand,unknown,unknown,Gicumbi,1,0.6553695175834133,65.5,-1.568859181,30.06066203,Rwanda,Gicumbi
5.0,Public Tapstand,unknown,unknown,Gicumbi,1,0.5911085120721807,59.1,-1.5685722300000118,30.09771715000001,Rwanda,Gicumbi
5.0,Public Tapstand,unknown,unknown,Gicumbi,1,0.5911085120721807,59.1,-1.5626552200000046,30.057040500000003,Rwanda,Gicumbi
5.0,Public Tapstand,unknown,unknown,Gicumbi,1,0.5911085120721807,59.1,-1.5638094800000022,30.099411289999995,Rwanda,Gicumbi
5.0,Public Tapstand,unknown,unknown,Gicumbi,1,0.5911085120721807,59.1,-1.5952260000000056,30.126176299999997,Rwanda,Gicumbi
5.0,Public Tapstand,unknown,unknown,Gicumbi,1,0.5911085120721807,59.1,-1.597326799999997,30.129647699999996,Rwanda,Gicumbi
5.0,Public Tapstand,unknown,unknown,Gicumbi,1,0.5911085120721807,59.1,-1.5891530000000125,30.136633299999996,Rwanda,Gicumbi
5.0,Public Tapstand,unknown,unknown,Gicumbi,1,0.5911085120721807,59.1,-1.5865453999999968,30.137783300000013,Rwanda,Gicumbi
8.0,Public Tapstand,unknown,unknown,Gicumbi,1,0.6553695175834133,65.5,-1.581774481,30.13018363,Rwanda,Gicumbi
8.0,Public Tapstand,unknown,unknown,Gicumbi,1,0.6553695175834133,65.5,-1.574842382,30.1295567,Rwanda,Gicumbi
8.0,Public Tapstand,unknown,unknown,Gicumbi,1,0.6553695175834133,65.5,-1.571500557,30.11840951,Rwanda,Gicumbi
5.0,Public Tapstand,unknown,unknown,Gicumbi,1,0.5911085120721807,59.1,-1.567830510000008,30.100667609999977,Rwanda,Gicumbi
8.0,Public Tapstand,unknown,unknown,Gicumbi,1,0.6553695175834133,65.5,-1.566244605,30.10198282,Rwanda,Gicumbi
5.0,Public Tapstand,unknown,unknown,Gicumbi,1,0.5911085120721807,59.1,-1.5646009800000023,30.132986820000006,Rwanda,Gicumbi
5.0,Public Tapstand,unknown,unknown,Gicumbi,1,0.5911085120721807,59.1,-1.5631838500000026,30.143501989999994,Rwanda,Gicumbi
5.0,Public Tapstand,unknown,unknown,Gicumbi,1,0.5911085120721807,59.1,-1.5590962999999989,30.120759859999986,Rwanda,Gicumbi
5.0,Public Tapstand,unknown,unknown,Gicumbi,1,0.5911085120721807,59.1,-1.559270030000003,30.127961280000015,Rwanda,Gicumbi
5.0,Public Tapstand,unknown,unknown,Gicumbi,1,0.5911085120721807,59.1,-1.5583824400000148,30.134934739999984,Rwanda,Gicumbi
5.0,Public Tapstand,unknown,unknown,Gicumbi,1,0.5911085120721807,59.1,-1.5563266199999957,30.144052589999987,Rwanda,Gicumbi
8.0,Public Tapstand,unknown,unknown,Rulindo,1,0.6088340195620978,60.9,-1.61196993,29.92959365,Rwanda,Rulindo
5.0,Public Tapstand,unknown,unknown,Gicumbi,1,0.5911085120721807,59.1,-1.5839702700000111,30.155928509999995,Rwanda,Gicumbi
5.0,Public Tapstand,unknown,unknown,Gicumbi,1,0.5911085120721807,59.1,-1.5783885500000043,30.155362329999992,Rwanda,Gicumbi
8.0,Public Tapstand,unknown,unknown,Gicumbi,1,0.6553695175834133,65.5,-1.57818439,30.15549597,Rwanda,Gicumbi
8.0,Public Tapstand,unknown,unknown,Gicumbi,1,0.6553695175834133,65.5,-1.576954937,30.15814139,Rwanda,Gicumbi
8.0,Public Tapstand,unknown,unknown,Gicumbi,1,0.6553695175834133,65.5,-1.576362104,30.15783078,Rwanda,Gicumbi
5.0,Public Tapstand,unknown,unknown,Gicumbi,1,0.5911085120721807,59.1,-1.5726411400000038,30.1526122,Rwanda,Gicumbi
5.0,Public Tapstand,unknown,unknown,Gicumbi,1,0.5911085120721807,59.1,-1.5725555200000092,30.156477440000018,Rwanda,Gicumbi
8.0,Public Tapstand,unknown,unknown,Gicumbi,1,0.6553695175834133,65.5,-1.568642485,30.1680761,Rwanda,Gicumbi
8.0,Public Tapstand,unknown,unknown,Gicumbi,1,0.6553695175834133,65.5,-1.564094146,30.1524391,Rwanda,Gicumbi
8.0,Public Tapstand,unknown,unknown,Gicumbi,1,0.6553695175834133,65.5,-1.55923511,30.1637907,Rwanda,Gicumbi
8.0,Public Tapstand,unknown,unknown,Gicumbi,1,0.6553695175834133,65.5,-1.557411442,30.16186385,Rwanda,Gicumbi
8.0,Public Tapstand,unknown,unknown,Gicumbi,1,0.6553695175834133,65.5,-1.553283395,30.15736334,Rwanda,Gicumbi
8.0,Public Tapstand,unknown,unknown,Gicumbi,1,0.6553695175834133,65.5,-1.542998488,30.02073901,Rwanda,Gicumbi
5.0,Public Tapstand,unknown,unknown,Gicumbi,1,0.5911085120721807,59.1,-1.542154810000002,30.01546418,Rwanda,Gicumbi
5.0,Public Tapstand,unknown,unknown,Gicumbi,1,0.5911085120721807,59.1,-1.5405101700000112,30.036983529999993,Rwanda,Gicumbi
8.0,Public Tapstand,unknown,unknown,Gicumbi,1,0.6553695175834133,65.5,-1.53879898,30.00353962,Rwanda,Gicumbi
8.0,Public Tapstand,unknown,unknown,Gicumbi,1,0.6553695175834133,65.5,-1.538657337,30.00593252,Rwanda,Gicumbi
8.0,Public Tapstand,unknown,unknown,Gicumbi,1,0.6553695175834133,65.5,-1.535525199,30.00027566,Rwanda,Gicumbi
5.0,Public Tapstand,unknown,unknown,Gicumbi,1,0.5911085120721807,59.1,-1.536859000000016,30.011611199999994,Rwanda,Gicumbi
8.0,Public Tapstand,unknown,unknown,Gicumbi,1,0.6553695175834133,65.5,-1.536011043,30.01166634,Rwanda,Gicumbi
5.0,Public Tapstand,unknown,unknown,Gicumbi,1,0.5911085120721807,59.1,-1.5354534000000077,30.011951300000007,Rwanda,Gicumbi
8.0,Public Tapstand,unknown,unknown,Gicumbi,1,0.6553695175834133,65.5,-1.532783992,30.03228988,Rwanda,Gicumbi
5.0,Public Tapstand,unknown,unknown,Gicumbi,1,0.5911085120721807,59.1,-1.5284645000000037,30.003880899999995,Rwanda,Gicumbi
5.0,Public Tapstand,unknown,unknown,Gicumbi,1,0.5911085120721807,59.1,-1.5253012000000097,30.00142439999999,Rwanda,Gicumbi
5.0,Public Tapstand,unknown,unknown,Gicumbi,1,0.5911085120721807,59.1,-1.5208698000000165,30.0005337,Rwanda,Gicumbi
8.0,Public Tapstand,unknown,unknown,Gicumbi,1,0.6553695175834133,65.5,-1.521093633,30.02811073,Rwanda,Gicumbi
8.0,Public Tapstand,unknown,unknown,Gicumbi,1,0.6553695175834133,65.5,-1.516706058,30.01969681,Rwanda,Gicumbi
5.0,Public Tapstand,unknown,unknown,Gicumbi,1,0.5911085120721807,59.1,-1.5156394199999959,30.043954939999985,Rwanda,Gicumbi
5.0,Public Tapstand,unknown,unknown,Gicumbi,1,0.5911085120721807,59.1,-1.512737874,30.00201624,Rwanda,Gicumbi
8.0,Public Tapstand,unknown,unknown,Gicumbi,1,0.6553695175834133,65.5,-1.508895558,30.04200361,Rwanda,Gicumbi
5.0,Public Tapstand,unknown,unknown,Gicumbi,1,0.5911085120721807,59.1,-1.508889070000018,30.042423849999984,Rwanda,Gicumbi
8.0,Public Tapstand,unknown,unknown,Gicumbi,1,0.6553695175834133,65.5,-1.507153895,30.0008322,Rwanda,Gicumbi
5.0,Public Tapstand,unknown,unknown,Gicumbi,1,0.5911085120721807,59.1,-1.507264737,30.00103858,Rwanda,Gicumbi
5.0,Public Tapstand,unknown,unknown,Gicumbi,1,0.5911085120721807,59.1,-1.5053676700000098,30.01423921,Rwanda,Gicumbi
5.0,Public Tapstand,unknown,unknown,Gicumbi,1,0.5911085120721807,59.1,-1.5023846500000064,30.002077899999993,Rwanda,Gicumbi
8.0,Public Tapstand,unknown,unknown,Gicumbi,1,0.6553695175834133,65.5,-1.500129756,30.0209608,Rwanda,Gicumbi
5.0,Public Tapstand,unknown,unknown,Gicumbi,1,0.5911085120721807,59.1,-1.500231070000007,30.021191260000005,Rwanda,Gicumbi
5.0,Public Tapstand,unknown,unknown,Gicumbi,1,0.5911085120721807,59.1,-1.5472978300000093,30.0560958,Rwanda,Gicumbi
5.0,Public Tapstand,unknown,unknown,Gicumbi,1,0.5911085120721807,59.1,-1.5465799999999936,30.0667419,Rwanda,Gicumbi
5.0,Public Tapstand,unknown,unknown,Gicumbi,1,0.5911085120721807,59.1,-1.5344269000000073,30.0996464,Rwanda,Gicumbi
5.0,Public Tapstand,unknown,unknown,Gicumbi,1,0.5911085120721807,59.1,-1.531472500000015,30.066791800000004,Rwanda,Gicumbi
5.0,Public Tapstand,unknown,unknown,Gicumbi,1,0.5911085120721807,59.1,-1.532140800000016,30.08320719999999,Rwanda,Gicumbi
5.0,Public Tapstand,unknown,unknown,Gicumbi,1,0.5911085120721807,59.1,-1.5281417000000073,30.060815199999993,Rwanda,Gicumbi
8.0,Public Tapstand,unknown,unknown,Gicumbi,1,0.6553695175834133,65.5,-1.528134272,30.07733232,Rwanda,Gicumbi
5.0,Public Tapstand,unknown,unknown,Gicumbi,1,0.5911085120721807,59.1,-1.5286500999999972,30.079627400000003,Rwanda,Gicumbi
5.0,Public Tapstand,unknown,unknown,Gicumbi,1,0.5911085120721807,59.1,-1.5270865000000002,30.062851999999992,Rwanda,Gicumbi
5.0,Public Tapstand,unknown,unknown,Gicumbi,1,0.5911085120721807,59.1,-1.5270710000000025,30.074229400000007,Rwanda,Gicumbi
5.0,Public Tapstand,unknown,unknown,Gicumbi,1,0.5911085120721807,59.1,-1.5272308000000034,30.082364099999985,Rwanda,Gicumbi
5.0,Public Tapstand,unknown,unknown,Gicumbi,1,0.5911085120721807,59.1,-1.5232101000000133,30.058640599999986,Rwanda,Gicumbi
5.0,Public Tapstand,unknown,unknown,Gicumbi,1,0.5911085120721807,59.1,-1.51632607000001,30.05709577,Rwanda,Gicumbi
5.0,Public Tapstand,unknown,unknown,Gicumbi,1,0.5911085120721807,59.1,-1.5153649000000027,30.071817700000008,Rwanda,Gicumbi
5.0,Public Tapstand,unknown,unknown,Gicumbi,1,0.5911085120721807,59.1,-1.5144320999999987,30.073684400000015,Rwanda,Gicumbi
8.0,Public Tapstand,unknown,unknown,Gicumbi,1,0.6553695175834133,65.5,-1.507808357,30.05644093,Rwanda,Gicumbi
5.0,Public Tapstand,unknown,unknown,Gicumbi,1,0.5911085120721807,59.1,-1.5495180700000089,30.146919810000018,Rwanda,Gicumbi
8.0,Public Tapstand,unknown,unknown,Gicumbi,1,0.6553695175834133,65.5,-1.545221606,30.12459271,Rwanda,Gicumbi
5.0,Public Tapstand,unknown,unknown,Gicumbi,1,0.5911085120721807,59.1,-1.5472606500000095,30.14597771,Rwanda,Gicumbi
5.0,Public Tapstand,unknown,unknown,Gicumbi,1,0.5911085120721807,59.1,-1.5436984999999994,30.1029096,Rwanda,Gicumbi
8.0,Public Tapstand,unknown,unknown,Gicumbi,1,0.6553695175834133,65.5,-1.542746929,30.12450437,Rwanda,Gicumbi
8.0,Public Tapstand,unknown,unknown,Gicumbi,1,0.6553695175834133,65.5,-1.541733005,30.12698904,Rwanda,Gicumbi
5.0,Public Tapstand,unknown,unknown,Gicumbi,1,0.5911085120721807,59.1,-1.5396910000000055,30.102423600000012,Rwanda,Gicumbi
5.0,Public Tapstand,unknown,unknown,Gicumbi,1,0.5911085120721807,59.1,-1.5377318100000064,30.143759359999997,Rwanda,Gicumbi
8.0,Public Tapstand,unknown,unknown,Gicumbi,1,0.6553695175834133,65.5,-1.535718244,30.12205455,Rwanda,Gicumbi
8.0,Public Tapstand,unknown,unknown,Gicumbi,1,0.6553695175834133,65.5,-1.532839253,30.12175484,Rwanda,Gicumbi
5.0,Public Tapstand,unknown,unknown,Gicumbi,1,0.5911085120721807,59.1,-1.530761430000014,30.11165474,Rwanda,Gicumbi
5.0,Public Tapstand,unknown,unknown,Gicumbi,1,0.5911085120721807,59.1,-1.520563599999994,30.103987099999998,Rwanda,Gicumbi
5.0,Public Tapstand,unknown,unknown,Gicumbi,1,0.5911085120721807,59.1,-1.5311360200000095,30.15165523999998,Rwanda,Gicumbi
5.0,Public Tapstand,unknown,unknown,Gicumbi,1,0.5911085120721807,59.1,-1.495118730000012,30.038928210000016,Rwanda,Gicumbi
5.0,Public Tapstand,unknown,unknown,Gicumbi,1,0.5911085120721807,59.1,-1.4937632200000135,30.04575390999999,Rwanda,Gicumbi
5.0,Public Tapstand,unknown,unknown,Gicumbi,1,0.5911085120721807,59.1,-1.4914677200000082,30.01041376,Rwanda,Gicumbi
5.0,Public Tapstand,unknown,unknown,Gicumbi,1,0.5911085120721807,59.1,-1.4914034500000126,30.018351829999997,Rwanda,Gicumbi
5.0,Public Tapstand,unknown,unknown,Gicumbi,1,0.5911085120721807,59.1,-1.4917740799999966,30.022349389999988,Rwanda,Gicumbi
5.0,Public Tapstand,unknown,unknown,Gicumbi,1,0.5911085120721807,59.1,-1.487872229999997,30.024591459999986,Rwanda,Gicumbi
5.0,Public Tapstand,unknown,unknown,Gicumbi,1,0.5911085120721807,59.1,-1.477912610000005,30.003335899999996,Rwanda,Gicumbi
5.0,Public Tapstand,unknown,unknown,Gicumbi,1,0.5911085120721807,59.1,-1.4770234900000012,30.038411319999998,Rwanda,Gicumbi
8.0,Public Tapstand,unknown,unknown,Gicumbi,1,0.6553695175834133,65.5,-1.47634575,30.04001397,Rwanda,Gicumbi
8.0,Public Tapstand,unknown,unknown,Gicumbi,1,0.6553695175834133,65.5,-1.474253258,30.04358862,Rwanda,Gicumbi
5.0,Public Tapstand,unknown,unknown,Gicumbi,1,0.5911085120721807,59.1,-1.469742670000009,30.017426550000003,Rwanda,Gicumbi
5.0,Public Tapstand,unknown,unknown,Gicumbi,1,0.5911085120721807,59.1,-1.4654171100000108,30.044522700000012,Rwanda,Gicumbi
5.0,Public Tapstand,unknown,unknown,Gicumbi,1,0.5911085120721807,59.1,-1.4638511900000104,30.01196052000001,Rwanda,Gicumbi
8.0,Public Tapstand,unknown,unknown,Gicumbi,1,0.6553695175834133,65.5,-1.46217538,30.04054564,Rwanda,Gicumbi
8.0,Public Tapstand,unknown,unknown,Gicumbi,1,0.6553695175834133,65.5,-1.458065621,30.01079124,Rwanda,Gicumbi
8.0,Public Tapstand,unknown,unknown,Gicumbi,1,0.6553695175834133,65.5,-1.490393935,30.06773136,Rwanda,Gicumbi
8.0,Public Tapstand,unknown,unknown,Gicumbi,1,0.6553695175834133,65.5,-1.492445061,30.0747423,Rwanda,Gicumbi
8.0,Public Tapstand,unknown,unknown,Gicumbi,1,0.6553695175834133,65.5,-1.487483132,30.07339438,Rwanda,Gicumbi
8.0,Public Tapstand,unknown,unknown,Gicumbi,1,0.6553695175834133,65.5,-1.476371869,30.07213829,Rwanda,Gicumbi
5.0,Public Tapstand,unknown,unknown,Gicumbi,1,0.5911085120721807,59.1,-1.4703155400000025,30.050660679999996,Rwanda,Gicumbi
5.0,Public Tapstand,unknown,unknown,Gicumbi,1,0.5911085120721807,59.1,-1.4703851099999985,30.09074381,Rwanda,Gicumbi
8.0,Public Tapstand,unknown,unknown,Gicumbi,1,0.6553695175834133,65.5,-1.466490326,30.09997854,Rwanda,Gicumbi
5.0,Public Tapstand,unknown,unknown,Gicumbi,1,0.5911085120721807,59.1,-1.4643908800000072,30.090377090000004,Rwanda,Gicumbi
8.0,Public Tapstand,unknown,unknown,Gicumbi,1,0.6553695175834133,65.5,-1.464235691,30.09042848,Rwanda,Gicumbi
8.0,Public Tapstand,unknown,unknown,Gicumbi,1,0.6553695175834133,65.5,-1.461601615,30.0550271,Rwanda,Gicumbi
8.0,Public Tapstand,unknown,unknown,Gicumbi,1,0.6553695175834133,65.5,-1.45888817,30.05195479,Rwanda,Gicumbi
8.0,Public Tapstand,unknown,unknown,Gicumbi,1,0.6553695175834133,65.5,-1.454859524,30.08550312,Rwanda,Gicumbi
5.0,Public Tapstand,unknown,unknown,Gicumbi,1,0.5911085120721807,59.1,-1.454608300000007,30.08947639999999,Rwanda,Gicumbi
8.0,Public Tapstand,unknown,unknown,Gicumbi,1,0.6553695175834133,65.5,-1.453143984,30.09170835,Rwanda,Gicumbi
8.0,Public Tapstand,unknown,unknown,Kicukiro,1,0.7232419717831573,72.3,-1.9855073,30.08298712,Rwanda,Kicukiro
8.0,Public Tapstand,unknown,unknown,Gicumbi,1,0.6553695175834133,65.5,-1.453028056,30.09169891,Rwanda,Gicumbi
8.0,Public Tapstand,unknown,unknown,Gicumbi,1,0.6553695175834133,65.5,-1.490893656,30.10680931,Rwanda,Gicumbi
8.0,Public Tapstand,unknown,unknown,Gicumbi,1,0.6553695175834133,65.5,-1.478600827,30.10762247,Rwanda,Gicumbi
5.0,Public Tapstand,unknown,unknown,Gicumbi,1,0.5911085120721807,59.1,-1.4486269000000045,30.028902280000004,Rwanda,Gicumbi
8.0,Public Tapstand,unknown,unknown,Gicumbi,1,0.6553695175834133,65.5,-1.4461893,30.04396056,Rwanda,Gicumbi
8.0,Public Tapstand,unknown,unknown,Kicukiro,1,0.7232419717831573,72.3,-1.98250061,30.09959128,Rwanda,Kicukiro
8.0,Public Tapstand,unknown,unknown,Gicumbi,1,0.6553695175834133,65.5,-1.443101765,30.04133247,Rwanda,Gicumbi
8.0,Public Tapstand,unknown,unknown,Gicumbi,1,0.6553695175834133,65.5,-1.442273946,30.0016774,Rwanda,Gicumbi
5.0,Public Tapstand,unknown,unknown,Gicumbi,1,0.5911085120721807,59.1,-1.4413362000000107,30.046855149999992,Rwanda,Gicumbi
5.0,Public Tapstand,unknown,unknown,Gicumbi,1,0.5911085120721807,59.1,-1.4329610200000182,30.013666509999993,Rwanda,Gicumbi
5.0,Public Tapstand,unknown,unknown,Gicumbi,1,0.5911085120721807,59.1,-1.4282392599999982,30.03679512,Rwanda,Gicumbi
5.0,Public Tapstand,unknown,unknown,Gicumbi,1,0.5911085120721807,59.1,-1.4293036000000048,30.039183089999995,Rwanda,Gicumbi
5.0,Public Tapstand,unknown,unknown,Gicumbi,1,0.5911085120721807,59.1,-1.4231721700000104,30.024370089999994,Rwanda,Gicumbi
5.0,Public Tapstand,unknown,unknown,Gicumbi,1,0.5911085120721807,59.1,-1.447952100000003,30.085290599999993,Rwanda,Gicumbi
5.0,Public Tapstand,unknown,unknown,Gicumbi,1,0.5911085120721807,59.1,-1.4465030000000134,30.086481999999993,Rwanda,Gicumbi
5.0,Public Tapstand,unknown,unknown,Gicumbi,1,0.5911085120721807,59.1,-1.4446376000000014,30.088582599999988,Rwanda,Gicumbi
8.0,Public Tapstand,unknown,unknown,Gicumbi,1,0.6553695175834133,65.5,-1.439110586,30.08078907,Rwanda,Gicumbi
8.0,Public Tapstand,unknown,unknown,Gicumbi,1,0.6553695175834133,65.5,-1.433671953,30.0778525,Rwanda,Gicumbi
8.0,Public Tapstand,unknown,unknown,Kicukiro,1,0.7232419717831573,72.3,-1.978351283,30.07744154,Rwanda,Kicukiro
8.0,Public Tapstand,unknown,unknown,Gicumbi,1,0.6553695175834133,65.5,-1.432387759,30.07491211,Rwanda,Gicumbi
5.0,Public Tapstand,unknown,unknown,Gicumbi,1,0.5911085120721807,59.1,-1.422635070000001,30.069344390000012,Rwanda,Gicumbi
8.0,Public Tapstand,unknown,unknown,Gicumbi,1,0.6553695175834133,65.5,-1.422738248,30.06945747,Rwanda,Gicumbi
5.0,Public Tapstand,unknown,unknown,Gicumbi,1,0.5911085120721807,59.1,-1.4214198899999997,30.07147919000001,Rwanda,Gicumbi
5.0,Public Tapstand,unknown,unknown,Gicumbi,1,0.5911085120721807,59.1,-1.418092770000012,30.075432009999986,Rwanda,Gicumbi
8.0,Public Tapstand,unknown,unknown,Gicumbi,1,0.6553695175834133,65.5,-1.409876164,30.07721061,Rwanda,Gicumbi
8.0,Public Tapstand,unknown,unknown,Gicumbi,1,0.6553695175834133,65.5,-1.39962142,30.0641958,Rwanda,Gicumbi
5.0,Public Tapstand,unknown,unknown,Gicumbi,1,0.5911085120721807,59.1,-1.3995878500000045,30.06916455999999,Rwanda,Gicumbi
8.0,Public Tapstand,unknown,unknown,Kicukiro,0,0.7232419717831573,72.3,-2.06193526,30.20535536,Rwanda,Kicukiro
13.0,Public Tapstand,Piped Water,unknown,Kicukiro,0,0.8353606985038643,83.5,-2.0420825570749,30.086939334279517,Rwanda,Kicukiro
14.0,Public Tapstand,Piped Water,unknown,Kicukiro,0,0.8482829083062919,84.8,-2.0375666666666663,30.092791666666667,Rwanda,Kicukiro
8.0,Public Tapstand,unknown,unknown,Kicukiro,0,0.7232419717831573,72.3,-2.03740864,30.09059164,Rwanda,Kicukiro
25.0,Public Tapstand,Piped Water,unknown,Kicukiro,0,0.8409126771263664,84.1,-2.037277073226507,30.091800228931536,Rwanda,Kicukiro
11.0,Public Tapstand,Piped Water,unknown,Nyarugenge,0,0.7512234285526489,75.1,-2.0190383333333335,30.065826666666666,Rwanda,Nyarugenge
13.0,Public Tapstand,Piped Water,unknown,Kicukiro,0,0.8353606985038643,83.5,-2.0170216666666665,30.088386666666665,Rwanda,Kicukiro
12.0,Public Tapstand,Piped Water,unknown,Kicukiro,0,0.8388714808996548,83.9,-2.0102774966619563,30.09185570413878,Rwanda,Kicukiro
36.0,Public Tapstand,Piped Water,unknown,Kicukiro,0,0.5961685576550249,59.6,-2.043943333333333,30.114963333333336,Rwanda,Kicukiro
17.0,Public Tapstand,Piped Water,unknown,Kicukiro,0,0.8604678470912204,86.0,-2.042982168717296,30.1145853738088,Rwanda,Kicukiro
11.0,Public Tapstand,Piped Water,unknown,Kicukiro,0,0.8242188865255408,82.4,-2.0366564220148025,30.109996512476197,Rwanda,Kicukiro
17.0,Kiosk,Piped Water,unknown,Kicukiro,0,0.8624059767700025,86.2,-2.036506666666667,30.11128666666667,Rwanda,Kicukiro
16.0,Public Tapstand,Piped Water,unknown,Kicukiro,0,0.8690474860590316,86.9,-2.0362799999999996,30.111508333333337,Rwanda,Kicukiro
12.0,Public Tapstand,Piped Water,unknown,Kicukiro,0,0.8388714808996548,83.9,-2.029903333333333,30.119085000000002,Rwanda,Kicukiro
12.0,Public Tapstand,Piped Water,unknown,Kicukiro,0,0.8388714808996548,83.9,-2.029341666666667,30.11891333333333,Rwanda,Kicukiro
13.0,Public Tapstand,Piped Water,unknown,Kicukiro,0,0.8353606985038643,83.5,-2.0290085300908136,30.118648737597344,Rwanda,Kicukiro
14.0,Public Tapstand,Piped Water,unknown,Kicukiro,0,0.8482829083062919,84.8,-2.0267216666666665,30.116016666666663,Rwanda,Kicukiro
13.0,Public Tapstand,Piped Water,unknown,Kicukiro,0,0.8353606985038643,83.5,-2.0182665013014116,30.123882653959452,Rwanda,Kicukiro
16.0,Public Tapstand,Piped Water,unknown,Kicukiro,0,0.8690474860590316,86.9,-2.016411513805613,30.10748043409148,Rwanda,Kicukiro
8.0,Public Tapstand,unknown,unknown,Kicukiro,0,0.7232419717831573,72.3,-2.013089801,30.12184127,Rwanda,Kicukiro
8.0,Public Tapstand,unknown,unknown,Kicukiro,0,0.7232419717831573,72.3,-2.013670585,30.14204405,Rwanda,Kicukiro
8.0,Public Tapstand,unknown,unknown,Kicukiro,0,0.7232419717831573,72.3,-2.0132717,30.14213596,Rwanda,Kicukiro
16.0,Public Tapstand,Piped Water,unknown,Kicukiro,0,0.8690474860590316,86.9,-2.011085,30.135834999999997,Rwanda,Kicukiro
14.0,Public Tapstand,Piped Water,unknown,Kicukiro,0,0.8482829083062919,84.8,-2.006396666666667,30.131956666666664,Rwanda,Kicukiro
11.0,Public Tapstand,Piped Water,unknown,Kicukiro,0,0.8242188865255408,82.4,-2.00486,30.149053333333335,Rwanda,Kicukiro
13.0,Public Tapstand,Piped Water,unknown,Kicukiro,0,0.8353606985038643,83.5,-2.000585,30.122605,Rwanda,Kicukiro
11.0,Public Tapstand,Piped Water,unknown,Kicukiro,0,0.8242188865255408,82.4,-2.035625,30.195955000000005,Rwanda,Kicukiro
14.0,Public Tapstand,Piped Water,unknown,Kicukiro,0,0.8482829083062919,84.8,-2.03548388,30.19634769,Rwanda,Kicukiro
5.0,Public Tapstand,unknown,unknown,Kicukiro,0,0.4091365696229732,40.9,-2.022824700000008,30.178870100000015,Rwanda,Kicukiro
5.0,Public Tapstand,Piped Water,Community Management,Kicukiro,0,0.6663567149142812,66.6,-2.0178117000000078,30.1950484,Rwanda,Kicukiro
14.0,Public Tapstand,Piped Water,Community Management,Kicukiro,0,0.8726892817212467,87.3,-2.018980351,30.19875052,Rwanda,Kicukiro
12.0,Public Tapstand,Piped Water,unknown,Kicukiro,0,0.8388714808996548,83.9,-2.01869,30.197899999999997,Rwanda,Kicukiro
12.0,Public Tapstand,Piped Water,unknown,Kicukiro,0,0.8388714808996548,83.9,-2.015585689234833,30.18309012904476,Rwanda,Kicukiro
13.0,Public Tapstand,Piped Water,unknown,Kicukiro,0,0.8353606985038643,83.5,-2.0153832737135753,30.18338857646866,Rwanda,Kicukiro
13.0,Public Tapstand,Piped Water,unknown,Kicukiro,0,0.8353606985038643,83.5,-2.0134165108511732,30.18690278255897,Rwanda,Kicukiro
8.0,Public Tapstand,unknown,unknown,Kicukiro,0,0.7232419717831573,72.3,-2.007588766,30.17389471,Rwanda,Kicukiro
27.0,Kiosk,Piped Water,unknown,Kicukiro,0,0.8513571000939454,85.1,-2.04826,30.208841666666665,Rwanda,Kicukiro
24.0,Public Tapstand,Piped Water,unknown,Kicukiro,0,0.8492682011193237,84.9,-2.048238333333333,30.219938333333335,Rwanda,Kicukiro
19.0,Public Tapstand,Piped Water,unknown,Kicukiro,0,0.8404109684048311,84.0,-2.038101666666667,30.225008333333335,Rwanda,Kicukiro
5.0,Public Tapstand,unknown,unknown,Kicukiro,0,0.4091365696229732,40.9,-2.0281993999999957,30.21945599999999,Rwanda,Kicukiro
12.0,Public Tapstand,Piped Water,unknown,Kicukiro,0,0.8388714808996548,83.9,-2.0278442031667407,30.222954948372386,Rwanda,Kicukiro
5.0,Public Tapstand,unknown,unknown,Kicukiro,0,0.4091365696229732,40.9,-2.0253438000000172,30.219537800000012,Rwanda,Kicukiro
14.0,Kiosk,Piped Water,unknown,Kicukiro,0,0.8564497917346583,85.6,-2.0086033333333333,30.223763333333334,Rwanda,Kicukiro
5.0,Public Tapstand,unknown,unknown,Rulindo,0,0.42941536887925813,42.9,-1.8539250999999957,29.91537209999999,Rwanda,Rulindo
8.0,Public Tapstand,unknown,unknown,Rulindo,0,0.6088340195620978,60.9,-1.850054327,29.92739753,Rwanda,Rulindo
5.0,Public Tapstand,unknown,unknown,Rulindo,0,0.42941536887925813,42.9,-1.8751450999999966,29.9638927,Rwanda,Rulindo
5.0,Public Tapstand,unknown,unknown,Rulindo,0,0.42941536887925813,42.9,-1.8620513000000107,29.98290449999999,Rwanda,Rulindo
8.0,Public Tapstand,unknown,unknown,Rulindo,0,0.6088340195620978,60.9,-1.859463542,29.97681578,Rwanda,Rulindo
5.0,Public Tapstand,unknown,unknown,Rulindo,0,0.42941536887925813,42.9,-1.854015700000008,29.97807959999999,Rwanda,Rulindo
5.0,Public Tapstand,unknown,unknown,Rulindo,0,0.42941536887925813,42.9,-1.852035000000018,29.98413140000001,Rwanda,Rulindo
8.0,Public Tapstand,unknown,unknown,Rulindo,0,0.6088340195620978,60.9,-1.83692972,29.9327019,Rwanda,Rulindo
18.0,Public Tapstand,Piped Water,unknown,Kicukiro,1,0.7970108663271563,79.7,-1.9806683333333335,30.103385000000003,Rwanda,Kicukiro
5.0,Public Tapstand,unknown,unknown,Rulindo,0,0.42941536887925813,42.9,-1.8268429999999984,29.933831700000013,Rwanda,Rulindo
5.0,Public Tapstand,unknown,unknown,Rulindo,0,0.42941536887925813,42.9,-1.8100505000000107,29.942345899999985,Rwanda,Rulindo
5.0,Public Tapstand,unknown,unknown,Rulindo,0,0.42941536887925813,42.9,-1.8478867000000097,29.983679300000006,Rwanda,Rulindo
8.0,Public Tapstand,unknown,unknown,Rulindo,0,0.6088340195620978,60.9,-1.84090827,29.98765659,Rwanda,Rulindo
5.0,Public Tapstand,unknown,unknown,Rulindo,0,0.42941536887925813,42.9,-1.8347940000000127,29.951374,Rwanda,Rulindo
8.0,Public Tapstand,unknown,unknown,Rulindo,0,0.6088340195620978,60.9,-1.82915485,29.95342569,Rwanda,Rulindo
8.0,Public Tapstand,unknown,unknown,Rulindo,0,0.6088340195620978,60.9,-1.826209306,29.97573056,Rwanda,Rulindo
8.0,Public Tapstand,unknown,unknown,Rulindo,0,0.6088340195620978,60.9,-1.82267581,29.96122253,Rwanda,Rulindo
8.0,Public Tapstand,unknown,unknown,Rulindo,0,0.6088340195620978,60.9,-1.82257975,29.96113614,Rwanda,Rulindo
8.0,Public Tapstand,unknown,unknown,Rulindo,0,0.6088340195620978,60.9,-1.82463901,29.98105642,Rwanda,Rulindo
8.0,Public Tapstand,unknown,unknown,Rulindo,0,0.6088340195620978,60.9,-1.81755529,29.96007615,Rwanda,Rulindo
8.0,Public Tapstand,unknown,unknown,Rulindo,0,0.6088340195620978,60.9,-1.81990417,29.97583235,Rwanda,Rulindo
8.0,Public Tapstand,unknown,unknown,Rulindo,0,0.6088340195620978,60.9,-1.81394756,29.96020408,Rwanda,Rulindo
8.0,Public Tapstand,unknown,unknown,Rulindo,0,0.6088340195620978,60.9,-1.80998349,29.98453659,Rwanda,Rulindo
5.0,Public Tapstand,unknown,unknown,Rulindo,0,0.42941536887925813,42.9,-1.778028000000018,29.944739899999988,Rwanda,Rulindo
8.0,Public Tapstand,unknown,unknown,Rulindo,0,0.6088340195620978,60.9,-1.778050439,29.94497578,Rwanda,Rulindo
8.0,Public Tapstand,unknown,unknown,Rulindo,0,0.6088340195620978,60.9,-1.765265088,29.93256162,Rwanda,Rulindo
8.0,Public Tapstand,unknown,unknown,Rulindo,0,0.6088340195620978,60.9,-1.765936449,29.94036265,Rwanda,Rulindo
8.0,Public Tapstand,unknown,unknown,Kicukiro,1,0.7232419717831573,72.3,-1.976078517,30.13546004,Rwanda,Kicukiro
8.0,Public Tapstand,unknown,unknown,Rulindo,0,0.6088340195620978,60.9,-1.75743888,29.93922873,Rwanda,Rulindo
8.0,Public Tapstand,unknown,unknown,Rulindo,0,0.6088340195620978,60.9,-1.79457684,29.95041331,Rwanda,Rulindo
8.0,Public Tapstand,unknown,unknown,Rulindo,0,0.6088340195620978,60.9,-1.7940191,29.95227735,Rwanda,Rulindo
8.0,Public Tapstand,unknown,unknown,Rulindo,0,0.6088340195620978,60.9,-1.783426829,29.96047907,Rwanda,Rulindo
8.0,Public Tapstand,unknown,unknown,Rulindo,0,0.6088340195620978,60.9,-1.781475405,29.95488561,Rwanda,Rulindo
8.0,Public Tapstand,unknown,unknown,Rulindo,0,0.6088340195620978,60.9,-1.777711962,29.95594411,Rwanda,Rulindo
8.0,Public Tapstand,unknown,unknown,Rulindo,0,0.6088340195620978,60.9,-1.777434874,29.95137365,Rwanda,Rulindo
8.0,Public Tapstand,unknown,unknown,Rulindo,0,0.6088340195620978,60.9,-1.769938419,29.95310668,Rwanda,Rulindo
8.0,Public Tapstand,unknown,unknown,Rulindo,0,0.6088340195620978,60.9,-1.76736807,29.96126356,Rwanda,Rulindo
5.0,Public Tapstand,unknown,unknown,Rulindo,0,0.42941536887925813,42.9,-1.7507778000000074,29.974443299999997,Rwanda,Rulindo
8.0,Public Tapstand,unknown,unknown,Rulindo,0,0.6088340195620978,60.9,-1.74659051,29.92375815,Rwanda,Rulindo
8.0,Public Tapstand,unknown,unknown,Rulindo,0,0.6088340195620978,60.9,-1.745527872,29.93246482,Rwanda,Rulindo
8.0,Public Tapstand,unknown,unknown,Rulindo,0,0.6088340195620978,60.9,-1.74284531,29.91926468,Rwanda,Rulindo
5.0,Public Tapstand,unknown,unknown,Rulindo,0,0.42941536887925813,42.9,-1.7403135700000127,29.918817339999997,Rwanda,Rulindo
8.0,Public Tapstand,unknown,unknown,Rulindo,0,0.6088340195620978,60.9,-1.740120488,29.93497879,Rwanda,Rulindo
8.0,Public Tapstand,unknown,unknown,Rulindo,0,0.6088340195620978,60.9,-1.7374017,29.91226009,Rwanda,Rulindo
5.0,Public Tapstand,unknown,unknown,Rulindo,0,0.42941536887925813,42.9,-1.737403630000014,29.912361200000017,Rwanda,Rulindo
8.0,Public Tapstand,unknown,unknown,Rulindo,0,0.6088340195620978,60.9,-1.735631639,29.93368377,Rwanda,Rulindo
5.0,Public Tapstand,unknown,unknown,Rulindo,0,0.42941536887925813,42.9,-1.7296211000000075,29.9321215,Rwanda,Rulindo
5.0,Public Tapstand,unknown,unknown,Rulindo,0,0.42941536887925813,42.9,-1.724725500000016,29.930079900000003,Rwanda,Rulindo
8.0,Public Tapstand,unknown,unknown,Rulindo,0,0.6088340195620978,60.9,-1.749074426,29.96632748,Rwanda,Rulindo
8.0,Public Tapstand,unknown,unknown,Rulindo,0,0.6088340195620978,60.9,-1.741627823,29.96609565,Rwanda,Rulindo
8.0,Public Tapstand,unknown,unknown,Rulindo,0,0.6088340195620978,60.9,-1.73799195,29.96429814,Rwanda,Rulindo
5.0,Public Tapstand,unknown,unknown,Rulindo,0,0.42941536887925813,42.9,-1.7391371099999962,29.982614199999986,Rwanda,Rulindo
8.0,Public Tapstand,unknown,unknown,Rulindo,0,0.6088340195620978,60.9,-1.71958688,29.97742444,Rwanda,Rulindo
5.0,Public Tapstand,unknown,unknown,Rulindo,0,0.42941536887925813,42.9,-1.71291027000001,29.992699240000004,Rwanda,Rulindo
5.0,Public Tapstand,unknown,unknown,Rulindo,0,0.42941536887925813,42.9,-1.7035118100000015,29.975536070000015,Rwanda,Rulindo
5.0,Public Tapstand,unknown,unknown,Rulindo,0,0.42941536887925813,42.9,-1.6847525600000044,29.889569859999995,Rwanda,Rulindo
8.0,Public Tapstand,unknown,unknown,Rulindo,0,0.6088340195620978,60.9,-1.67832698,29.89834382,Rwanda,Rulindo
8.0,Public Tapstand,unknown,unknown,Rulindo,0,0.6088340195620978,60.9,-1.677097512,29.88174364,Rwanda,Rulindo
8.0,Public Tapstand,unknown,unknown,Rulindo,0,0.6088340195620978,60.9,-1.67566469,29.89790833,Rwanda,Rulindo
8.0,Public Tapstand,unknown,unknown,Rulindo,0,0.6088340195620978,60.9,-1.672759539,29.8847338,Rwanda,Rulindo
8.0,Public Tapstand,unknown,unknown,Rulindo,0,0.6088340195620978,60.9,-1.670497131,29.886012,Rwanda,Rulindo
8.0,Public Tapstand,unknown,unknown,Rulindo,0,0.6088340195620978,60.9,-1.67020515,29.88609006,Rwanda,Rulindo
8.0,Public Tapstand,unknown,unknown,Rulindo,0,0.6088340195620978,60.9,-1.66954544,29.88835816,Rwanda,Rulindo
8.0,Public Tapstand,unknown,unknown,Rulindo,0,0.6088340195620978,60.9,-1.6592202,29.89621493,Rwanda,Rulindo
8.0,Public Tapstand,unknown,unknown,Rulindo,0,0.6088340195620978,60.9,-1.65138736,29.88105743,Rwanda,Rulindo
8.0,Public Tapstand,unknown,unknown,Rulindo,0,0.6088340195620978,60.9,-1.69614762,29.9069216,Rwanda,Rulindo
8.0,Public Tapstand,unknown,unknown,Rulindo,0,0.6088340195620978,60.9,-1.696435227,29.92041575,Rwanda,Rulindo
8.0,Public Tapstand,unknown,unknown,Rulindo,0,0.6088340195620978,60.9,-1.695954193,29.92122849,Rwanda,Rulindo
13.0,Public Tapstand,Piped Water,unknown,Rulindo,0,0.1878255253021136,18.8,-1.6959297222222223,29.92206138888889,Rwanda,Rulindo
8.0,Public Tapstand,unknown,unknown,Rulindo,0,0.6088340195620978,60.9,-1.6864536,29.92766992,Rwanda,Rulindo
5.0,Public Tapstand,unknown,unknown,Rulindo,0,0.42941536887925813,42.9,-1.6813163000000035,29.947832499999986,Rwanda,Rulindo
8.0,Public Tapstand,unknown,unknown,Rulindo,0,0.6088340195620978,60.9,-1.67921119,29.92828549,Rwanda,Rulindo
8.0,Public Tapstand,unknown,unknown,Rulindo,0,0.6088340195620978,60.9,-1.67850735,29.9305975,Rwanda,Rulindo
5.0,Public Tapstand,unknown,unknown,Rulindo,0,0.42941536887925813,42.9,-1.6780132999999966,29.934920100000003,Rwanda,Rulindo
8.0,Public Tapstand,unknown,unknown,Rulindo,0,0.6088340195620978,60.9,-1.67781611,29.94129011,Rwanda,Rulindo
8.0,Public Tapstand,unknown,unknown,Rulindo,0,0.6088340195620978,60.9,-1.677533838,29.94817323,Rwanda,Rulindo
5.0,Public Tapstand,unknown,unknown,Rulindo,0,0.42941536887925813,42.9,-1.6753932000000078,29.9356131,Rwanda,Rulindo
5.0,Public Tapstand,unknown,unknown,Rulindo,0,0.42941536887925813,42.9,-1.677341500000007,29.940846799999985,Rwanda,Rulindo
5.0,Public Tapstand,unknown,unknown,Rulindo,0,0.42941536887925813,42.9,-1.6718289500000045,29.905417859999993,Rwanda,Rulindo
5.0,Public Tapstand,unknown,unknown,Rulindo,0,0.42941536887925813,42.9,-1.6708499000000023,29.923681700000007,Rwanda,Rulindo
5.0,Public Tapstand,unknown,unknown,Rulindo,0,0.42941536887925813,42.9,-1.668111300000003,29.90991379999999,Rwanda,Rulindo
8.0,Public Tapstand,unknown,unknown,Rulindo,0,0.6088340195620978,60.9,-1.66413232,29.90412796,Rwanda,Rulindo
8.0,Public Tapstand,unknown,unknown,Rulindo,0,0.6088340195620978,60.9,-1.660034389,29.92206143,Rwanda,Rulindo
5.0,Public Tapstand,unknown,unknown,Rulindo,0,0.42941536887925813,42.9,-1.6610863999999965,29.933551600000005,Rwanda,Rulindo
8.0,Public Tapstand,unknown,unknown,Rulindo,0,0.6088340195620978,60.9,-1.658289609,29.91924702,Rwanda,Rulindo
8.0,Public Tapstand,unknown,unknown,Rulindo,0,0.6088340195620978,60.9,-1.65027739,29.90165916,Rwanda,Rulindo
8.0,Public Tapstand,unknown,unknown,Rulindo,0,0.6088340195620978,60.9,-1.65027541,29.92712775,Rwanda,Rulindo
5.0,Public Tapstand,unknown,unknown,Rulindo,0,0.42941536887925813,42.9,-1.6933022900000114,29.991057649999984,Rwanda,Rulindo
8.0,Public Tapstand,unknown,unknown,Rulindo,0,0.6088340195620978,60.9,-1.679380993,29.98797853,Rwanda,Rulindo
8.0,Public Tapstand,unknown,unknown,Rulindo,0,0.6088340195620978,60.9,-1.673335865,29.96939683,Rwanda,Rulindo
8.0,Public Tapstand,unknown,unknown,Rulindo,0,0.6088340195620978,60.9,-1.674677419,29.98824122,Rwanda,Rulindo
14.0,Public Tapstand,Piped Water,unknown,Rulindo,0,0.5296649947765677,53.0,-1.6679278674732614,29.982833966253025,Rwanda,Rulindo
8.0,Public Tapstand,unknown,unknown,Rulindo,0,0.6088340195620978,60.9,-1.668021273,29.98677244,Rwanda,Rulindo
11.0,Public Tapstand,Piped Water,unknown,Rulindo,0,0.5688773220415491,56.9,-1.6671246418329841,29.983040420883995,Rwanda,Rulindo
8.0,Public Tapstand,unknown,unknown,Rulindo,0,0.6088340195620978,60.9,-1.664439473,29.9564841,Rwanda,Rulindo
8.0,Public Tapstand,unknown,unknown,Rulindo,0,0.6088340195620978,60.9,-1.664449889,29.95653273,Rwanda,Rulindo
8.0,Public Tapstand,unknown,unknown,Rulindo,0,0.6088340195620978,60.9,-1.6597093,29.99484842,Rwanda,Rulindo
8.0,Public Tapstand,unknown,unknown,Rulindo,0,0.6088340195620978,60.9,-1.659663303,29.99477967,Rwanda,Rulindo
8.0,Public Tapstand,unknown,unknown,Rulindo,0,0.6088340195620978,60.9,-1.656775088,29.98786083,Rwanda,Rulindo
8.0,Public Tapstand,unknown,unknown,Rulindo,0,0.6088340195620978,60.9,-1.656697034,29.98787562,Rwanda,Rulindo
8.0,Public Tapstand,unknown,unknown,Rulindo,0,0.6088340195620978,60.9,-1.6476463,29.9211551,Rwanda,Rulindo
8.0,Public Tapstand,unknown,unknown,Rulindo,0,0.6088340195620978,60.9,-1.64834498,29.92538833,Rwanda,Rulindo
8.0,Public Tapstand,unknown,unknown,Rulindo,0,0.6088340195620978,60.9,-1.643622972,29.92537734,Rwanda,Rulindo
5.0,Public Tapstand,unknown,unknown,Rulindo,0,0.42941536887925813,42.9,-1.636397100000013,29.938237399999988,Rwanda,Rulindo
8.0,Public Tapstand,unknown,unknown,Rulindo,0,0.6088340195620978,60.9,-1.62957943,29.93150474,Rwanda,Rulindo
8.0,Public Tapstand,unknown,unknown,Rulindo,0,0.6088340195620978,60.9,-1.623641675,29.94743643,Rwanda,Rulindo
11.0,Public Tapstand,Piped Water,unknown,Rulindo,0,0.5688773220415491,56.9,-1.6138283333333334,29.92358166666667,Rwanda,Rulindo
13.0,Kiosk,Piped Water,Private Operator/Delegated Management,Rulindo,0,0.7951674282233621,79.5,-1.6117966666666665,29.92819666666667,Rwanda,Rulindo
18.0,Kiosk,Piped Water,Private Operator/Delegated Management,Rulindo,0,0.8332519248387545,83.3,-1.6089533333333335,29.931031666666666,Rwanda,Rulindo
8.0,Public Tapstand,unknown,unknown,Rulindo,0,0.6088340195620978,60.9,-1.60533917,29.91447205,Rwanda,Rulindo
18.0,Public Tapstand,Piped Water,Community Management,Rulindo,0,0.8206605285385956,82.1,-1.6064066666666665,29.930715000000003,Rwanda,Rulindo
5.0,Public Tapstand,unknown,unknown,Rulindo,0,0.42941536887925813,42.9,-1.6029979700000025,29.91500897,Rwanda,Rulindo
5.0,Public Tapstand,unknown,unknown,Gicumbi,0,0.5911085120721807,59.1,-1.644176900000017,29.998956699999997,Rwanda,Gicumbi
8.0,Public Tapstand,unknown,unknown,Rulindo,0,0.6088340195620978,60.9,-1.630818358,29.96749389,Rwanda,Rulindo
5.0,Public Tapstand,unknown,unknown,Rulindo,0,0.42941536887925813,42.9,-1.6291288999999936,29.961186199999997,Rwanda,Rulindo
5.0,Public Tapstand,unknown,unknown,Rulindo,0,0.42941536887925813,42.9,-1.6231067000000157,29.965111099999998,Rwanda,Rulindo
8.0,Public Tapstand,unknown,unknown,Gicumbi,0,0.6553695175834133,65.5,-1.622274481,29.98852446,Rwanda,Gicumbi
5.0,Public Tapstand,unknown,unknown,Gicumbi,0,0.5911085120721807,59.1,-1.6191828899999967,29.99727890999999,Rwanda,Gicumbi
5.0,Public Tapstand,unknown,unknown,Gicumbi,0,0.5911085120721807,59.1,-1.6139209999999968,29.98080409999999,Rwanda,Gicumbi
5.0,Public Tapstand,unknown,unknown,Gicumbi,0,0.5911085120721807,59.1,-1.6133496000000123,29.994452419999995,Rwanda,Gicumbi
8.0,Public Tapstand,unknown,unknown,Gicumbi,0,0.6553695175834133,65.5,-1.611470837,29.97675521,Rwanda,Gicumbi
8.0,Public Tapstand,unknown,unknown,Gicumbi,0,0.6553695175834133,65.5,-1.594812284,29.95317705,Rwanda,Gicumbi
5.0,Public Tapstand,unknown,unknown,Gicumbi,0,0.5911085120721807,59.1,-1.487435329999997,29.996529460000012,Rwanda,Gicumbi
5.0,Public Tapstand,unknown,unknown,Gicumbi,0,0.5911085120721807,59.1,-1.4719264199999986,29.99459326,Rwanda,Gicumbi
5.0,Public Tapstand,unknown,unknown,Gicumbi,0,0.5911085120721807,59.1,-1.466525860000012,29.99827354,Rwanda,Gicumbi
5.0,Public Tapstand,unknown,unknown,Gicumbi,0,0.5911085120721807,59.1,-1.465258910000001,29.998753389999994,Rwanda,Gicumbi
8.0,Public Tapstand,unknown,unknown,Gicumbi,0,0.6553695175834133,65.5,-1.465143322,29.99881518,Rwanda,Gicumbi
5.0,Public Tapstand,unknown,unknown,Gicumbi,0,0.5911085120721807,59.1,-1.4635393600000097,29.99449061999998,Rwanda,Gicumbi
5.0,Public Tapstand,unknown,unknown,Gicumbi,0,0.5911085120721807,59.1,-1.4610677300000132,29.99797687,Rwanda,Gicumbi
8.0,Public Tapstand,unknown,unknown,Gicumbi,0,0.6553695175834133,65.5,-1.450957778,29.98983202,Rwanda,Gicumbi
5.0,Public Tapstand,unknown,unknown,Gicumbi,0,0.5911085120721807,59.1,-1.4509489499999992,29.990105919999994,Rwanda,Gicumbi
13.0,Public Tapstand,Piped Water,unknown,Kicukiro,0,0.8353606985038643,83.5,-1.9986916666666668,30.073841666666667,Rwanda,Kicukiro
11.0,Public Tapstand,Piped Water,Community Management,Kicukiro,0,0.8764988998999803,87.6,-1.997745,30.07459833333333,Rwanda,Kicukiro
8.0,Public Tapstand,unknown,unknown,Kicukiro,0,0.7232419717831573,72.3,-1.997952613,30.09243576,Rwanda,Kicukiro
31.0,Kiosk,Piped Water,unknown,Kicukiro,0,0.6546534403548452,65.5,-1.995335,30.05568333333333,Rwanda,Kicukiro
13.0,Public Tapstand,Piped Water,unknown,Kicukiro,0,0.8353606985038643,83.5,-1.9970750000000002,30.07105333333333,Rwanda,Kicukiro
19.0,Kiosk,Piped Water,unknown,Kicukiro,0,0.9141709403327037,91.4,-1.9931930983068158,30.056005738645673,Rwanda,Kicukiro
15.0,Public Tapstand,Piped Water,unknown,Kicukiro,0,0.8515596146646788,85.2,-1.9938700000000003,30.088556666666666,Rwanda,Kicukiro
16.0,Public Tapstand,Piped Water,unknown,Kicukiro,0,0.8690474860590316,86.9,-1.9913450000000004,30.088796666666667,Rwanda,Kicukiro
11.0,Kiosk,Piped Water,unknown,Kicukiro,0,0.8963922723075899,89.6,-1.990218333333333,30.088815,Rwanda,Kicukiro
14.0,Public Tapstand,Piped Water,unknown,Kicukiro,0,0.8482829083062919,84.8,-1.9871500000000002,30.055425,Rwanda,Kicukiro
8.0,Public Tapstand,unknown,unknown,Kicukiro,1,0.7232419717831573,72.3,-1.986063053,30.22784174,Rwanda,Kicukiro
16.0,Public Tapstand,Piped Water,unknown,Kicukiro,0,0.8690474860590316,86.9,-1.9868500000000002,30.05532333333333,Rwanda,Kicukiro
13.0,Public Tapstand,Piped Water,unknown,Kicukiro,0,0.8353606985038643,83.5,-1.9850955843827005,30.077866030856175,Rwanda,Kicukiro
46.0,Public Tapstand,Piped Water,unknown,Kicukiro,0,0.8251931418152336,82.5,-1.9826433333333333,30.060938333333336,Rwanda,Kicukiro
46.0,Public Tapstand,Piped Water,unknown,Kicukiro,0,0.8251931418152336,82.5,-1.9848416666666666,30.07178333333333,Rwanda,Kicukiro
26.0,Public Tapstand,Piped Water,unknown,Kicukiro,0,0.8466432596655176,84.7,-1.9844100000000002,30.071148333333333,Rwanda,Kicukiro
26.0,Public Tapstand,Piped Water,unknown,Kicukiro,0,0.8466432596655176,84.7,-1.982865,30.074101666666667,Rwanda,Kicukiro
15.0,Public Tapstand,Piped Water,unknown,Kicukiro,0,0.8515596146646788,85.2,-1.9832883333333333,30.078308333333332,Rwanda,Kicukiro
18.0,Public Tapstand,Piped Water,unknown,Kicukiro,0,0.7970108663271563,79.7,-1.98285,30.078486666666663,Rwanda,Kicukiro
13.0,Public Tapstand,Piped Water,Private Operator/Delegated Management,Kicukiro,0,0.8738580298235127,87.4,-1.9814999999999998,30.072273333333335,Rwanda,Kicukiro
15.0,Public Tapstand,Piped Water,unknown,Kicukiro,0,0.8515596146646788,85.2,-1.9823730149484984,30.073896114703093,Rwanda,Kicukiro
17.0,Public Tapstand,Piped Water,unknown,Kicukiro,0,0.8604678470912204,86.0,-1.9806883333333332,30.07410333333333,Rwanda,Kicukiro
20.0,Public Tapstand,Piped Water,unknown,Kicukiro,0,0.8544126122412443,85.4,-1.9804516666666667,30.074805,Rwanda,Kicukiro
15.0,Public Tapstand,Piped Water,unknown,Kicukiro,0,0.8515596146646788,85.2,-1.98075,30.075159999999997,Rwanda,Kicukiro
16.0,Public Tapstand,Piped Water,unknown,Kicukiro,0,0.8690474860590316,86.9,-1.9823483333333334,30.080569999999998,Rwanda,Kicukiro
16.0,Public Tapstand,Piped Water,unknown,Kicukiro,0,0.8690474860590316,86.9,-1.9816850000000001,30.080646666666667,Rwanda,Kicukiro
16.0,Public Tapstand,Piped Water,unknown,Kicukiro,0,0.8690474860590316,86.9,-1.981558333333333,30.080376666666666,Rwanda,Kicukiro
13.0,Public Tapstand,Piped Water,unknown,Kicukiro,0,0.8353606985038643,83.5,-1.98142,30.080539999999996,Rwanda,Kicukiro
15.0,Public Tapstand,Piped Water,unknown,Kicukiro,0,0.8515596146646788,85.2,-1.9807966666666668,30.085474999999995,Rwanda,Kicukiro
16.0,Public Tapstand,Piped Water,unknown,Kicukiro,0,0.8690474860590316,86.9,-1.9802738856922584,30.092447514362394,Rwanda,Kicukiro
27.0,Public Tapstand,Piped Water,unknown,Kicukiro,0,0.8531452714349326,85.3,-1.9807116666666666,30.093788333333336,Rwanda,Kicukiro
12.0,Public Tapstand,Piped Water,unknown,Kicukiro,0,0.8388714808996548,83.9,-1.978714751505943,30.072130465572307,Rwanda,Kicukiro
24.0,Public Tapstand,Piped Water,unknown,Kicukiro,0,0.8492682011193237,84.9,-1.9798300000000002,30.073825000000003,Rwanda,Kicukiro
20.0,Public Tapstand,Piped Water,unknown,Kicukiro,0,0.8544126122412443,85.4,-1.97924,30.075111666666665,Rwanda,Kicukiro
15.0,Public Tapstand,Piped Water,unknown,Kicukiro,0,0.8515596146646788,85.2,-1.9790566666666667,30.075141666666664,Rwanda,Kicukiro
8.0,Public Tapstand,unknown,unknown,Rulindo,1,0.6088340195620978,60.9,-1.814288748,30.0891175,Rwanda,Rulindo
12.0,Kiosk,Piped Water,unknown,Kicukiro,0,0.8722488975807212,87.2,-1.979018333333333,30.075294999999997,Rwanda,Kicukiro
16.0,Public Tapstand,Piped Water,unknown,Kicukiro,0,0.8690474860590316,86.9,-1.9781966666666668,30.08636333333333,Rwanda,Kicukiro
16.0,Public Tapstand,Piped Water,unknown,Kicukiro,0,0.8690474860590316,86.9,-1.9784105882308713,30.089542724160598,Rwanda,Kicukiro
15.0,Public Tapstand,Piped Water,unknown,Kicukiro,0,0.8515596146646788,85.2,-1.9785733333333335,30.092145,Rwanda,Kicukiro
24.0,Public Tapstand,Piped Water,unknown,Kicukiro,0,0.8492682011193237,84.9,-1.9777899999999997,30.09935833333333,Rwanda,Kicukiro
11.0,Public Tapstand,Piped Water,unknown,Kicukiro,0,0.8242188865255408,82.4,-1.976948333333333,30.073706666666666,Rwanda,Kicukiro
15.0,Public Tapstand,Piped Water,unknown,Kicukiro,0,0.8515596146646788,85.2,-1.9763566666666668,30.073016666666664,Rwanda,Kicukiro
18.0,Public Tapstand,Piped Water,unknown,Kicukiro,0,0.7970108663271563,79.7,-1.9770716666666668,30.075055,Rwanda,Kicukiro
11.0,Kiosk,Piped Water,unknown,Kicukiro,0,0.8963922723075899,89.6,-1.977255,30.07987166666667,Rwanda,Kicukiro
17.0,Public Tapstand,Piped Water,unknown,Kicukiro,0,0.8604678470912204,86.0,-1.9766750000000002,30.08007166666666,Rwanda,Kicukiro
26.0,Public Tapstand,Piped Water,unknown,Kicukiro,0,0.8466432596655176,84.7,-1.9774533333333333,30.085425,Rwanda,Kicukiro
16.0,Public Tapstand,Piped Water,unknown,Kicukiro,0,0.8690474860590316,86.9,-1.9768233333333334,30.09654666666667,Rwanda,Kicukiro
19.0,Public Tapstand,Piped Water,unknown,Kicukiro,0,0.8404109684048311,84.0,-1.973417718500473,30.07173153004098,Rwanda,Kicukiro
28.0,Public Tapstand,Piped Water,unknown,Kicukiro,0,0.7384191393490124,73.8,-1.9748033333333335,30.072734999999998,Rwanda,Kicukiro
17.0,Public Tapstand,Piped Water,unknown,Kicukiro,0,0.8604678470912204,86.0,-1.9733683333333332,30.077391666666667,Rwanda,Kicukiro
13.0,Public Tapstand,Piped Water,unknown,Kicukiro,0,0.8353606985038643,83.5,-1.9747883333333334,30.081556666666664,Rwanda,Kicukiro
26.0,Public Tapstand,Piped Water,Private Operator/Delegated Management,Kicukiro,0,0.7967082928224891,79.7,-1.971436666666667,30.074811666666665,Rwanda,Kicukiro
27.0,Public Tapstand,Piped Water,unknown,Kicukiro,0,0.8531452714349326,85.3,-1.9711750000000001,30.073858333333337,Rwanda,Kicukiro
33.0,Public Tapstand,Piped Water,unknown,Kicukiro,0,0.8586484577391699,85.9,-1.97019,30.083411666666667,Rwanda,Kicukiro
17.0,Public Tapstand,Piped Water,unknown,Kicukiro,0,0.8604678470912204,86.0,-1.9709400000000001,30.091555000000003,Rwanda,Kicukiro
27.0,Public Tapstand,Piped Water,unknown,Kicukiro,0,0.8531452714349326,85.3,-1.9723366666666668,30.092948333333332,Rwanda,Kicukiro
16.0,Public Tapstand,Piped Water,unknown,Kicukiro,0,0.8690474860590316,86.9,-1.9719800000000003,30.094936666666666,Rwanda,Kicukiro
26.0,Kiosk,Piped Water,unknown,Kicukiro,0,0.8370186040084358,83.7,-1.9684366666666668,30.084725000000002,Rwanda,Kicukiro
14.0,Public Tapstand,Piped Water,unknown,Kicukiro,0,0.8482829083062919,84.8,-1.9678337085290731,30.094452968890426,Rwanda,Kicukiro
16.0,Public Tapstand,Piped Water,unknown,Kicukiro,0,0.8690474860590316,86.9,-1.9676766666666665,30.094476666666665,Rwanda,Kicukiro
21.0,Public Tapstand,Piped Water,unknown,Kicukiro,0,0.8390797724992163,83.9,-1.9662749999999998,30.091178333333332,Rwanda,Kicukiro
23.0,Public Tapstand,Piped Water,unknown,Kicukiro,0,0.8193873788230577,81.9,-1.9666133333333335,30.09504,Rwanda,Kicukiro
20.0,Public Tapstand,Piped Water,unknown,Gasabo,0,0.6499636568736533,65.0,-1.9557166666666665,30.096698333333332,Rwanda,Gasabo
16.0,Public Tapstand,Piped Water,unknown,Kicukiro,0,0.8690474860590316,86.9,-1.9994283333333334,30.12444833333333,Rwanda,Kicukiro
16.0,Public Tapstand,Piped Water,unknown,Kicukiro,0,0.8690474860590316,86.9,-1.9992283333333334,30.123485,Rwanda,Kicukiro
15.0,Public Tapstand,Piped Water,unknown,Kicukiro,0,0.8515596146646788,85.2,-1.9964616666666668,30.114888333333337,Rwanda,Kicukiro
26.0,Public Tapstand,Piped Water,unknown,Kicukiro,0,0.8466432596655176,84.7,-1.99642,30.115588333333335,Rwanda,Kicukiro
21.0,Public Tapstand,Piped Water,unknown,Kicukiro,0,0.8390797724992163,83.9,-1.9957100000000003,30.115781666666667,Rwanda,Kicukiro
14.0,Public Tapstand,Piped Water,unknown,Kicukiro,0,0.8482829083062919,84.8,-1.9954366666666667,30.1169,Rwanda,Kicukiro
12.0,Public Tapstand,Piped Water,unknown,Kicukiro,0,0.8388714808996548,83.9,-1.9963816666666667,30.144983333333336,Rwanda,Kicukiro
16.0,Public Tapstand,Piped Water,unknown,Kicukiro,0,0.8690474860590316,86.9,-1.9956383333333334,30.145220000000002,Rwanda,Kicukiro
13.0,Public Tapstand,Piped Water,Private Operator/Delegated Management,Kicukiro,0,0.8738580298235127,87.4,-1.99344,30.118489999999998,Rwanda,Kicukiro
16.0,Public Tapstand,Piped Water,unknown,Kicukiro,0,0.8690474860590316,86.9,-1.9922496008243,30.1022275549482,Rwanda,Kicukiro
18.0,Public Tapstand,Piped Water,unknown,Kicukiro,0,0.7970108663271563,79.7,-1.9910169360608283,30.10104506113321,Rwanda,Kicukiro
16.0,Public Tapstand,Piped Water,unknown,Kicukiro,0,0.8690474860590316,86.9,-1.99206833333336,30.103288333333,Rwanda,Kicukiro
25.0,Public Tapstand,Piped Water,unknown,Kicukiro,0,0.8409126771263664,84.1,-1.9921166666666665,30.103426666666664,Rwanda,Kicukiro
11.0,Public Tapstand,Piped Water,unknown,Kicukiro,0,0.8242188865255408,82.4,-1.9907749999999997,30.11402666666667,Rwanda,Kicukiro
19.0,Public Tapstand,Piped Water,unknown,Kicukiro,0,0.8404109684048311,84.0,-1.992411666666667,30.149870000000004,Rwanda,Kicukiro
26.0,Public Tapstand,Piped Water,unknown,Kicukiro,0,0.8466432596655176,84.7,-1.98541,30.106364999999997,Rwanda,Kicukiro
14.0,Public Tapstand,Piped Water,unknown,Kicukiro,0,0.8482829083062919,84.8,-1.9867026718035978,30.111975170246616,Rwanda,Kicukiro
13.0,Public Tapstand,Piped Water,unknown,Kicukiro,0,0.8353606985038643,83.5,-1.9869966666666665,30.11274,Rwanda,Kicukiro
15.0,Public Tapstand,Piped Water,unknown,Kicukiro,0,0.8515596146646788,85.2,-1.9853816666666666,30.11680666666667,Rwanda,Kicukiro
15.0,Public Tapstand,Piped Water,unknown,Kicukiro,0,0.8515596146646788,85.2,-1.9830605082729988,30.110697517254668,Rwanda,Kicukiro
18.0,Public Tapstand,Piped Water,unknown,Kicukiro,0,0.7970108663271563,79.7,-1.9825855440348155,30.1102578360981,Rwanda,Kicukiro
14.0,Public Tapstand,Piped Water,unknown,Kicukiro,0,0.8482829083062919,84.8,-1.98442,30.115499999999997,Rwanda,Kicukiro
17.0,Public Tapstand,Piped Water,unknown,Kicukiro,0,0.8604678470912204,86.0,-1.9847100000000002,30.118028333333335,Rwanda,Kicukiro
13.0,Public Tapstand,Piped Water,unknown,Kicukiro,0,0.8353606985038643,83.5,-1.9843616666666666,30.134369999999997,Rwanda,Kicukiro
13.0,Public Tapstand,Piped Water,unknown,Kicukiro,0,0.8353606985038643,83.5,-1.9829367230373705,30.134659315628724,Rwanda,Kicukiro
16.0,Public Tapstand,Piped Water,unknown,Kicukiro,0,0.8690474860590316,86.9,-1.982675,30.134849999999997,Rwanda,Kicukiro
15.0,Public Tapstand,Piped Water,unknown,Kicukiro,0,0.8515596146646788,85.2,-1.9814850000000002,30.113401666666665,Rwanda,Kicukiro
26.0,Public Tapstand,Piped Water,unknown,Kicukiro,0,0.8466432596655176,84.7,-1.9802000000000002,30.112563333333334,Rwanda,Kicukiro
16.0,Public Tapstand,Piped Water,unknown,Kicukiro,0,0.8690474860590316,86.9,-1.9801299999999997,30.112905,Rwanda,Kicukiro
27.0,Public Tapstand,Piped Water,unknown,Kicukiro,0,0.8531452714349326,85.3,-1.9809818803895567,30.118963303121852,Rwanda,Kicukiro
17.0,Public Tapstand,Piped Water,unknown,Kicukiro,0,0.8604678470912204,86.0,-1.9811483333333333,30.13196833333333,Rwanda,Kicukiro
26.0,Public Tapstand,Piped Water,unknown,Kicukiro,0,0.8466432596655176,84.7,-1.9811183333333333,30.131688333333333,Rwanda,Kicukiro
27.0,Public Tapstand,Piped Water,unknown,Kicukiro,0,0.8531452714349326,85.3,-1.98042,30.13266,Rwanda,Kicukiro
17.0,Public Tapstand,Piped Water,unknown,Kicukiro,0,0.8604678470912204,86.0,-1.9824816666666667,30.146116666666664,Rwanda,Kicukiro
16.0,Public Tapstand,Piped Water,unknown,Kicukiro,0,0.8690474860590316,86.9,-1.9776150000000001,30.13212,Rwanda,Kicukiro
29.0,Public Tapstand,Piped Water,unknown,Kicukiro,0,0.6296656500345251,63.0,-1.975018931065765,30.11216721704287,Rwanda,Kicukiro
19.0,Public Tapstand,Piped Water,unknown,Kicukiro,0,0.8404109684048311,84.0,-1.9771966666666665,30.115000000000002,Rwanda,Kicukiro
23.0,Public Tapstand,Piped Water,unknown,Kicukiro,0,0.8193873788230577,81.9,-1.9739783333333336,30.11128833333333,Rwanda,Kicukiro
19.0,Kiosk,Piped Water,Private Operator/Delegated Management,Kicukiro,0,0.8390148397978607,83.9,-1.97397,30.121265,Rwanda,Kicukiro
19.0,Public Tapstand,Piped Water,unknown,Kicukiro,0,0.8404109684048311,84.0,-1.9727650000000003,30.13021833333333,Rwanda,Kicukiro
15.0,Public Tapstand,Piped Water,unknown,Kicukiro,0,0.8515596146646788,85.2,-1.9725866666666665,30.13929333333333,Rwanda,Kicukiro
28.0,Public Tapstand,Piped Water,unknown,Kicukiro,0,0.7384191393490124,73.8,-1.9712016666666665,30.103666666666662,Rwanda,Kicukiro
33.0,Public Tapstand,Piped Water,unknown,Kicukiro,0,0.8586484577391699,85.9,-1.971285,30.105486666666668,Rwanda,Kicukiro
16.0,Public Tapstand,Piped Water,unknown,Kicukiro,0,0.8690474860590316,86.9,-1.9723549999999999,30.139025,Rwanda,Kicukiro
8.0,Public Tapstand,unknown,unknown,Kicukiro,0,0.7232419717831573,72.3,-1.969922569,30.11870818,Rwanda,Kicukiro
28.0,Public Tapstand,Piped Water,unknown,Kicukiro,0,0.7384191393490124,73.8,-1.9683016666666666,30.120605,Rwanda,Kicukiro
8.0,Public Tapstand,unknown,unknown,Kicukiro,0,0.7232419717831573,72.3,-1.965374451,30.10877448,Rwanda,Kicukiro
8.0,Public Tapstand,unknown,unknown,Kicukiro,0,0.7232419717831573,72.3,-1.965049951,30.10887201,Rwanda,Kicukiro
30.0,Public Tapstand,Piped Water,unknown,Kicukiro,0,0.8325449801932179,83.3,-1.966965,30.118171666666665,Rwanda,Kicukiro
14.0,Public Tapstand,Piped Water,unknown,Kicukiro,0,0.8482829083062919,84.8,-1.9653566666666666,30.146043333333335,Rwanda,Kicukiro
8.0,Public Tapstand,unknown,unknown,Kicukiro,0,0.7232419717831573,72.3,-1.964955125,30.10769327,Rwanda,Kicukiro
11.0,Public Tapstand,Piped Water,unknown,Kicukiro,0,0.8242188865255408,82.4,-1.9631233333333333,30.11212666666667,Rwanda,Kicukiro
21.0,Public Tapstand,Piped Water,unknown,Kicukiro,0,0.8390797724992163,83.9,-1.9625583333333334,30.112971666666667,Rwanda,Kicukiro
24.0,Public Tapstand,Piped Water,unknown,Kicukiro,0,0.8492682011193237,84.9,-1.9630983333333334,30.121554999999997,Rwanda,Kicukiro
30.0,Public Tapstand,Piped Water,unknown,Kicukiro,0,0.8325449801932179,83.3,-1.9633383333333332,30.124608333333338,Rwanda,Kicukiro
19.0,Public Tapstand,Piped Water,unknown,Kicukiro,0,0.8404109684048311,84.0,-1.9628933333333332,30.132144999999998,Rwanda,Kicukiro
28.0,Public Tapstand,Piped Water,unknown,Kicukiro,0,0.7384191393490124,73.8,-1.9646133333333333,30.149308333333337,Rwanda,Kicukiro
34.0,Public Tapstand,Piped Water,unknown,Kicukiro,0,0.7488689539159975,74.9,-1.9622133333333331,30.114108333333334,Rwanda,Kicukiro
5.0,Public Tapstand,unknown,unknown,Kicukiro,1,0.4091365696229732,40.9,-2.0315796900000134,30.107252010000003,Rwanda,Kicukiro
20.0,Public Tapstand,Piped Water,unknown,Kicukiro,0,0.8544126122412443,85.4,-1.9620933333333332,30.11366333333334,Rwanda,Kicukiro
26.0,Public Tapstand,Piped Water,unknown,Kicukiro,0,0.8466432596655176,84.7,-1.9609916666666667,30.115633333333335,Rwanda,Kicukiro
21.0,Public Tapstand,Piped Water,unknown,Kicukiro,0,0.8390797724992163,83.9,-1.962355,30.128676666666667,Rwanda,Kicukiro
20.0,Public Tapstand,Piped Water,unknown,Kicukiro,0,0.8544126122412443,85.4,-1.9614650000000002,30.131586666666667,Rwanda,Kicukiro
14.0,Public Tapstand,Piped Water,unknown,Kicukiro,0,0.8482829083062919,84.8,-1.9606083333333335,30.131064999999996,Rwanda,Kicukiro
37.0,Public Tapstand,Piped Water,unknown,Kicukiro,0,0.6365276413621945,63.7,-1.9609999999999999,30.134378333333334,Rwanda,Kicukiro
19.0,Public Tapstand,Piped Water,unknown,Kicukiro,0,0.8404109684048311,84.0,-1.9605116666666667,30.138673333333333,Rwanda,Kicukiro
11.0,Public Tapstand,Piped Water,unknown,Kicukiro,0,0.8242188865255408,82.4,-1.9604849761081393,30.138826843457313,Rwanda,Kicukiro
33.0,Public Tapstand,Piped Water,unknown,Kicukiro,0,0.8586484577391699,85.9,-1.9601283333333333,30.13763666666667,Rwanda,Kicukiro
15.0,Public Tapstand,Piped Water,unknown,Kicukiro,0,0.8515596146646788,85.2,-1.9612500000000002,30.149688333333334,Rwanda,Kicukiro
13.0,Public Tapstand,Piped Water,unknown,Kicukiro,0,0.8353606985038643,83.5,-1.9599833333333332,30.131700000000002,Rwanda,Kicukiro
16.0,Public Tapstand,Piped Water,unknown,Kicukiro,0,0.8690474860590316,86.9,-1.9579666666666669,30.134561666666666,Rwanda,Kicukiro
12.0,Public Tapstand,Piped Water,unknown,Kicukiro,0,0.8388714808996548,83.9,-1.9595466666666668,30.135775,Rwanda,Kicukiro
14.0,Kiosk,Piped Water,unknown,Kicukiro,0,0.8564497917346583,85.6,-1.9595866666666666,30.13847333333333,Rwanda,Kicukiro
12.0,Public Tapstand,Piped Water,unknown,Kicukiro,0,0.8388714808996548,83.9,-1.9995949999999998,30.19116,Rwanda,Kicukiro
12.0,Public Tapstand,Piped Water,unknown,Kicukiro,0,0.8388714808996548,83.9,-1.9955866666666666,30.153239999999997,Rwanda,Kicukiro
15.0,Public Tapstand,Piped Water,unknown,Kicukiro,0,0.8515596146646788,85.2,-1.9965230361298925,30.19773276532099,Rwanda,Kicukiro
22.0,Kiosk,Piped Water,unknown,Kicukiro,0,0.9133200943573845,91.3,-1.9942066666666667,30.15291666666667,Rwanda,Kicukiro
12.0,Public Tapstand,Piped Water,unknown,Kicukiro,0,0.8388714808996548,83.9,-1.9940133333333336,30.153248333333334,Rwanda,Kicukiro
15.0,Kiosk,Piped Water,unknown,Kicukiro,0,0.7655975761563069,76.6,-1.99408,30.15935833333333,Rwanda,Kicukiro
14.0,Public Tapstand,Piped Water,unknown,Kicukiro,0,0.8482829083062919,84.8,-1.9931983333333334,30.195455,Rwanda,Kicukiro
11.0,Public Tapstand,Piped Water,unknown,Kicukiro,0,0.8242188865255408,82.4,-1.9910733333333335,30.15233166666667,Rwanda,Kicukiro
13.0,Public Tapstand,Piped Water,unknown,Kicukiro,0,0.8353606985038643,83.5,-1.99161,30.157544999999995,Rwanda,Kicukiro
18.0,Kiosk,Piped Water,unknown,Kicukiro,0,0.8445303843583106,84.5,-1.990065,30.158285,Rwanda,Kicukiro
13.0,Public Tapstand,Piped Water,unknown,Kicukiro,0,0.8353606985038643,83.5,-1.99214,30.196703333333335,Rwanda,Kicukiro
15.0,Public Tapstand,Piped Water,unknown,Kicukiro,0,0.8515596146646788,85.2,-1.9911600000000003,30.195106666666668,Rwanda,Kicukiro
17.0,Public Tapstand,Piped Water,unknown,Kicukiro,0,0.8604678470912204,86.0,-1.9903033333333335,30.19526166666667,Rwanda,Kicukiro
16.0,Public Tapstand,Piped Water,unknown,Kicukiro,0,0.8690474860590316,86.9,-1.9890016666666668,30.155334999999997,Rwanda,Kicukiro
20.0,Public Tapstand,Piped Water,unknown,Kicukiro,0,0.8544126122412443,85.4,-1.98962,30.198083333333336,Rwanda,Kicukiro
5.0,Public Tapstand,unknown,unknown,Rulindo,1,0.42941536887925813,42.9,-1.7385050000000108,30.017118800000002,Rwanda,Rulindo
17.0,Public Tapstand,Piped Water,unknown,Kicukiro,0,0.8604678470912204,86.0,-1.9870933333333332,30.153850000000002,Rwanda,Kicukiro
19.0,Kiosk,Piped Water,unknown,Kicukiro,0,0.9141709403327037,91.4,-1.986568333333333,30.154358333333334,Rwanda,Kicukiro
14.0,Public Tapstand,Piped Water,unknown,Kicukiro,0,0.8482829083062919,84.8,-1.9862033333333335,30.17975666666667,Rwanda,Kicukiro
16.0,Public Tapstand,Piped Water,unknown,Kicukiro,0,0.8690474860590316,86.9,-1.9860416666666665,30.179286666666666,Rwanda,Kicukiro
15.0,Public Tapstand,Piped Water,unknown,Kicukiro,0,0.8515596146646788,85.2,-1.98576,30.179328333333334,Rwanda,Kicukiro
19.0,Public Tapstand,Piped Water,Private Operator/Delegated Management,Kicukiro,0,0.7839744266154275,78.4,-1.983822781,30.15600785,Rwanda,Kicukiro
13.0,Public Tapstand,Piped Water,unknown,Kicukiro,0,0.8353606985038643,83.5,-1.9840066666666667,30.176336666666664,Rwanda,Kicukiro
29.0,Public Tapstand,Piped Water,Private Operator/Delegated Management,Kicukiro,0,0.5366424124885965,53.7,-1.9834549999999997,30.17818666666667,Rwanda,Kicukiro
16.0,Public Tapstand,Piped Water,unknown,Kicukiro,0,0.8690474860590316,86.9,-1.9805016666666666,30.154010000000003,Rwanda,Kicukiro
16.0,Public Tapstand,Piped Water,unknown,Kicukiro,0,0.8690474860590316,86.9,-1.9824233333333334,30.15514,Rwanda,Kicukiro
12.0,Public Tapstand,Piped Water,unknown,Kicukiro,0,0.8388714808996548,83.9,-1.9802516666666667,30.171929999999996,Rwanda,Kicukiro
16.0,Public Tapstand,Piped Water,unknown,Kicukiro,0,0.8690474860590316,86.9,-1.97984999999999,30.157379999999999,Rwanda,Kicukiro
14.0,Public Tapstand,Piped Water,unknown,Kicukiro,0,0.8482829083062919,84.8,-1.978486666666667,30.15776333333333,Rwanda,Kicukiro
14.0,Public Tapstand,Piped Water,unknown,Kicukiro,0,0.8482829083062919,84.8,-1.9754716666666667,30.154389999999996,Rwanda,Kicukiro
18.0,Public Tapstand,Piped Water,unknown,Kicukiro,0,0.7970108663271563,79.7,-1.97477,30.158561666666667,Rwanda,Kicukiro
19.0,Public Tapstand,Piped Water,unknown,Kicukiro,0,0.8404109684048311,84.0,-1.9742016666666666,30.158231666666666,Rwanda,Kicukiro
14.0,Public Tapstand,Piped Water,unknown,Kicukiro,0,0.8482829083062919,84.8,-1.9741716666666667,30.158679999999997,Rwanda,Kicukiro
13.0,Public Tapstand,Piped Water,unknown,Kicukiro,0,0.8353606985038643,83.5,-1.9735755,30.17017727,Rwanda,Kicukiro
21.0,Public Tapstand,Piped Water,unknown,Kicukiro,0,0.8390797724992163,83.9,-1.9624016666666666,30.155601666666666,Rwanda,Kicukiro
14.0,Kiosk,Piped Water,unknown,Kicukiro,0,0.8564497917346583,85.6,-1.9904366666666666,30.20405,Rwanda,Kicukiro
19.0,Public Tapstand,Piped Water,unknown,Kicukiro,0,0.8404109684048311,84.0,-1.9901633333333333,30.203341666666667,Rwanda,Kicukiro
13.0,Kiosk,Piped Water,Private Operator/Delegated Management,Kicukiro,0,0.8231874736712917,82.3,-1.9896416666666668,30.200468333333333,Rwanda,Kicukiro
14.0,Public Tapstand,Piped Water,unknown,Kicukiro,0,0.8482829083062919,84.8,-1.9870433333333333,30.22181666666667,Rwanda,Kicukiro
14.0,Public Tapstand,Piped Water,unknown,Kicukiro,0,0.8482829083062919,84.8,-1.9873350000000003,30.223136666666665,Rwanda,Kicukiro
8.0,Public Tapstand,unknown,unknown,Rulindo,0,0.6088340195620978,60.9,-1.84002949,30.04730643,Rwanda,Rulindo
5.0,Public Tapstand,unknown,unknown,Rulindo,0,0.42941536887925813,42.9,-1.8254732300000063,30.04035846000001,Rwanda,Rulindo
8.0,Public Tapstand,unknown,unknown,Rulindo,0,0.6088340195620978,60.9,-1.81979842,30.0051322,Rwanda,Rulindo
8.0,Public Tapstand,unknown,unknown,Rulindo,0,0.6088340195620978,60.9,-1.81333316,30.01680447,Rwanda,Rulindo
5.0,Public Tapstand,unknown,unknown,Rulindo,0,0.42941536887925813,42.9,-1.8134592300000076,30.04205896000001,Rwanda,Rulindo
8.0,Public Tapstand,unknown,unknown,Rulindo,0,0.6088340195620978,60.9,-1.83747,30.05250736,Rwanda,Rulindo
5.0,Public Tapstand,unknown,unknown,Rulindo,0,0.42941536887925813,42.9,-1.8325912999999976,30.057403299999987,Rwanda,Rulindo
8.0,Public Tapstand,unknown,unknown,Rulindo,0,0.6088340195620978,60.9,-1.8300056,30.05896496,Rwanda,Rulindo
8.0,Public Tapstand,unknown,unknown,Rulindo,0,0.6088340195620978,60.9,-1.826892373,30.06107138,Rwanda,Rulindo
8.0,Public Tapstand,unknown,unknown,Rulindo,0,0.6088340195620978,60.9,-1.82035002,30.05263224,Rwanda,Rulindo
8.0,Public Tapstand,unknown,unknown,Rulindo,0,0.6088340195620978,60.9,-1.82198861,30.05978103,Rwanda,Rulindo
5.0,Public Tapstand,unknown,unknown,Rulindo,0,0.42941536887925813,42.9,-1.8153639000000181,30.060450200000005,Rwanda,Rulindo
8.0,Public Tapstand,unknown,unknown,Rulindo,0,0.6088340195620978,60.9,-1.81673837,30.06756657,Rwanda,Rulindo
5.0,Public Tapstand,unknown,unknown,Rulindo,0,0.42941536887925813,42.9,-1.8133502000000123,30.0622548,Rwanda,Rulindo
14.0,Public Tapstand,Piped Water,unknown,Rulindo,0,0.5296649947765677,53.0,-1.8145099999999998,30.09309166666667,Rwanda,Rulindo
5.0,Public Tapstand,unknown,unknown,Rulindo,0,0.42941536887925813,42.9,-1.8100286000000108,30.064300699999997,Rwanda,Rulindo
5.0,Public Tapstand,unknown,unknown,Rulindo,0,0.42941536887925813,42.9,-1.8098260999999987,30.060637899999993,Rwanda,Rulindo
5.0,Public Tapstand,unknown,unknown,Rulindo,0,0.42941536887925813,42.9,-1.8053335000000106,30.08293400000001,Rwanda,Rulindo
5.0,Public Tapstand,unknown,unknown,Rulindo,0,0.42941536887925813,42.9,-1.8053589000000116,30.0934019,Rwanda,Rulindo
5.0,Public Tapstand,unknown,unknown,Gicumbi,0,0.5911085120721807,59.1,-1.834169800000005,30.229911299999994,Rwanda,Gicumbi
5.0,Public Tapstand,unknown,unknown,Gicumbi,0,0.5911085120721807,59.1,-1.8294409000000063,30.22486289999999,Rwanda,Gicumbi
5.0,Public Tapstand,unknown,unknown,Gicumbi,0,0.5911085120721807,59.1,-1.825017299999998,30.21857900000001,Rwanda,Gicumbi
8.0,Public Tapstand,unknown,unknown,Gicumbi,0,0.6553695175834133,65.5,-1.826129148,30.26996156,Rwanda,Gicumbi
8.0,Public Tapstand,unknown,unknown,Gicumbi,0,0.6553695175834133,65.5,-1.82025316,30.26351483,Rwanda,Gicumbi
8.0,Public Tapstand,unknown,unknown,Gicumbi,0,0.6553695175834133,65.5,-1.820204754,30.2637326,Rwanda,Gicumbi
8.0,Public Tapstand,unknown,unknown,Gicumbi,0,0.6553695175834133,65.5,-1.809157587,30.26922681,Rwanda,Gicumbi
5.0,Public Tapstand,unknown,unknown,Gicumbi,1,0.5911085120721807,59.1,-1.7051647000000056,30.242484399999995,Rwanda,Gicumbi
8.0,Public Tapstand,unknown,unknown,Rulindo,0,0.6088340195620978,60.9,-1.79610583,30.00302535,Rwanda,Rulindo
8.0,Public Tapstand,unknown,unknown,Rulindo,0,0.6088340195620978,60.9,-1.7948666,30.00612015,Rwanda,Rulindo
14.0,Public Tapstand,Piped Water,unknown,Rulindo,0,0.5296649947765677,53.0,-1.786823333333333,30.001609999999996,Rwanda,Rulindo
5.0,Public Tapstand,unknown,unknown,Rulindo,0,0.42941536887925813,42.9,-1.7861829400000055,30.006375269999985,Rwanda,Rulindo
5.0,Public Tapstand,unknown,unknown,Rulindo,0,0.42941536887925813,42.9,-1.7840522099999985,30.04014895999999,Rwanda,Rulindo
5.0,Public Tapstand,unknown,unknown,Rulindo,0,0.42941536887925813,42.9,-1.7782310500000054,30.030917660000004,Rwanda,Rulindo
5.0,Public Tapstand,unknown,unknown,Rulindo,0,0.42941536887925813,42.9,-1.776555019999997,30.02743932,Rwanda,Rulindo
8.0,Public Tapstand,unknown,unknown,Rulindo,0,0.6088340195620978,60.9,-1.75788382,30.01830658,Rwanda,Rulindo
5.0,Public Tapstand,unknown,unknown,Rulindo,0,0.42941536887925813,42.9,-1.7582847000000112,30.035162749999998,Rwanda,Rulindo
5.0,Public Tapstand,unknown,unknown,Rulindo,0,0.42941536887925813,42.9,-1.7958402999999972,30.074487899999994,Rwanda,Rulindo
5.0,Public Tapstand,unknown,unknown,Rulindo,0,0.42941536887925813,42.9,-1.7909554000000176,30.0953802,Rwanda,Rulindo
5.0,Public Tapstand,unknown,unknown,Rulindo,0,0.42941536887925813,42.9,-1.7785711999999978,30.0810637,Rwanda,Rulindo
5.0,Public Tapstand,unknown,unknown,Rulindo,0,0.42941536887925813,42.9,-1.769836760000009,30.059169089999987,Rwanda,Rulindo
5.0,Public Tapstand,unknown,unknown,Rulindo,0,0.42941536887925813,42.9,-1.766554550000018,30.053960760000002,Rwanda,Rulindo
8.0,Public Tapstand,Delivered Water,unknown,Rulindo,0,0.4211774041121885,42.1,-1.76406721,30.06124488,Rwanda,Rulindo
8.0,Public Tapstand,unknown,unknown,Rulindo,0,0.6088340195620978,60.9,-1.760999235,30.05022311,Rwanda,Rulindo
8.0,Public Tapstand,unknown,unknown,Rulindo,0,0.6088340195620978,60.9,-1.75424651,30.05286233,Rwanda,Rulindo
8.0,Public Tapstand,unknown,unknown,Rulindo,0,0.6088340195620978,60.9,-1.784246201,30.12193438,Rwanda,Rulindo
8.0,Public Tapstand,unknown,unknown,Gicumbi,0,0.6553695175834133,65.5,-1.764909952,30.12341948,Rwanda,Gicumbi
5.0,Public Tapstand,unknown,unknown,Gicumbi,0,0.5911085120721807,59.1,-1.7979205000000114,30.177280699999997,Rwanda,Gicumbi
5.0,Public Tapstand,unknown,unknown,Gicumbi,0,0.5911085120721807,59.1,-1.7903144999999998,30.179407399999988,Rwanda,Gicumbi
8.0,Public Tapstand,unknown,unknown,Gicumbi,0,0.6553695175834133,65.5,-1.787206264,30.18086505,Rwanda,Gicumbi
5.0,Public Tapstand,unknown,unknown,Gicumbi,0,0.5911085120721807,59.1,-1.7811093000000187,30.182932099999995,Rwanda,Gicumbi
8.0,Public Tapstand,unknown,unknown,Gicumbi,0,0.6553695175834133,65.5,-1.778202809,30.1690916,Rwanda,Gicumbi
5.0,Public Tapstand,unknown,unknown,Gicumbi,0,0.5911085120721807,59.1,-1.7798813999999954,30.177904999999992,Rwanda,Gicumbi
5.0,Public Tapstand,unknown,unknown,Gicumbi,0,0.5911085120721807,59.1,-1.7696238200000125,30.15520679999999,Rwanda,Gicumbi
5.0,Public Tapstand,unknown,unknown,Gicumbi,0,0.5911085120721807,59.1,-1.7847511999999943,30.218640800000003,Rwanda,Gicumbi
5.0,Public Tapstand,unknown,unknown,Gicumbi,0,0.5911085120721807,59.1,-1.7724849999999959,30.220108899999996,Rwanda,Gicumbi
5.0,Public Tapstand,unknown,unknown,Gicumbi,0,0.5911085120721807,59.1,-1.7671606000000086,30.215004299999986,Rwanda,Gicumbi
5.0,Public Tapstand,unknown,unknown,Gicumbi,0,0.5911085120721807,59.1,-1.762406400000019,30.2070674,Rwanda,Gicumbi
5.0,Public Tapstand,unknown,unknown,Gicumbi,0,0.5911085120721807,59.1,-1.758471849999997,30.20735928,Rwanda,Gicumbi
8.0,Public Tapstand,unknown,unknown,Gicumbi,0,0.6553695175834133,65.5,-1.770239523,30.25746976,Rwanda,Gicumbi
5.0,Public Tapstand,unknown,unknown,Rulindo,0,0.42941536887925813,42.9,-1.7455749800000129,30.002122110000002,Rwanda,Rulindo
5.0,Public Tapstand,unknown,unknown,Rulindo,0,0.42941536887925813,42.9,-1.7472670000000006,30.048177100000004,Rwanda,Rulindo
5.0,Public Tapstand,unknown,unknown,Rulindo,0,0.42941536887925813,42.9,-1.735075400000002,30.030077799999997,Rwanda,Rulindo
5.0,Public Tapstand,unknown,unknown,Rulindo,0,0.42941536887925813,42.9,-1.7269706999999956,30.027251100000008,Rwanda,Rulindo
8.0,Public Tapstand,unknown,unknown,Rulindo,1,0.6088340195620978,60.9,-1.78774454,29.93144201,Rwanda,Rulindo
5.0,Public Tapstand,unknown,unknown,Gicumbi,1,0.5911085120721807,59.1,-1.6708411700000017,30.089806920000004,Rwanda,Gicumbi
5.0,Public Tapstand,unknown,unknown,Rulindo,0,0.42941536887925813,42.9,-1.7215719000000043,30.01152849999999,Rwanda,Rulindo
8.0,Public Tapstand,unknown,unknown,Rulindo,0,0.6088340195620978,60.9,-1.72012862,30.04501633,Rwanda,Rulindo
8.0,Public Tapstand,unknown,unknown,Rulindo,0,0.6088340195620978,60.9,-1.746036147,30.07312648,Rwanda,Rulindo
5.0,Public Tapstand,unknown,unknown,Rulindo,0,0.42941536887925813,42.9,-1.7384756000000066,30.064955500000003,Rwanda,Rulindo
8.0,Public Tapstand,unknown,unknown,Rulindo,1,0.6088340195620978,60.9,-1.768735405,29.938563,Rwanda,Rulindo
8.0,Public Tapstand,unknown,unknown,Rulindo,0,0.6088340195620978,60.9,-1.72989801,30.06474668,Rwanda,Rulindo
8.0,Public Tapstand,unknown,unknown,Gicumbi,0,0.6553695175834133,65.5,-1.712753977,30.09853856,Rwanda,Gicumbi
5.0,Public Tapstand,unknown,unknown,Rulindo,0,0.42941536887925813,42.9,-1.7094482900000125,30.050832569999997,Rwanda,Rulindo
5.0,Public Tapstand,unknown,unknown,Gicumbi,0,0.5911085120721807,59.1,-1.7343256000000091,30.186037399999993,Rwanda,Gicumbi
5.0,Public Tapstand,unknown,unknown,Gicumbi,0,0.5911085120721807,59.1,-1.714205599999994,30.195585600000015,Rwanda,Gicumbi
8.0,Public Tapstand,unknown,unknown,Gicumbi,0,0.6553695175834133,65.5,-1.700539286,30.16306354,Rwanda,Gicumbi
5.0,Public Tapstand,unknown,unknown,Gicumbi,0,0.5911085120721807,59.1,-1.7207505000000107,30.237826099999996,Rwanda,Gicumbi
5.0,Public Tapstand,unknown,unknown,Gicumbi,0,0.5911085120721807,59.1,-1.7147302000000173,30.234139899999988,Rwanda,Gicumbi
5.0,Public Tapstand,unknown,unknown,Gicumbi,0,0.5911085120721807,59.1,-1.7112326000000067,30.23219840000001,Rwanda,Gicumbi
5.0,Public Tapstand,unknown,unknown,Gicumbi,0,0.5911085120721807,59.1,-1.7040032000000187,30.2401978,Rwanda,Gicumbi
8.0,Public Tapstand,unknown,unknown,Gicumbi,0,0.6553695175834133,65.5,-1.741685938,30.25183615,Rwanda,Gicumbi
5.0,Public Tapstand,unknown,unknown,Gicumbi,0,0.5911085120721807,59.1,-1.7134681000000167,30.252644199999995,Rwanda,Gicumbi
5.0,Public Tapstand,unknown,unknown,Gicumbi,0,0.5911085120721807,59.1,-1.7055813999999945,30.251113499999988,Rwanda,Gicumbi
8.0,Public Tapstand,unknown,unknown,Rulindo,0,0.6088340195620978,60.9,-1.675472029,30.004929,Rwanda,Rulindo
5.0,Public Tapstand,unknown,unknown,Rulindo,0,0.42941536887925813,42.9,-1.6520373399999981,30.041081110000007,Rwanda,Rulindo
8.0,Public Tapstand,unknown,unknown,Gicumbi,0,0.6553695175834133,65.5,-1.687911735,30.07271713,Rwanda,Gicumbi
5.0,Public Tapstand,unknown,unknown,Gicumbi,0,0.5911085120721807,59.1,-1.6934251000000005,30.12849009999999,Rwanda,Gicumbi
5.0,Public Tapstand,unknown,unknown,Gicumbi,0,0.5911085120721807,59.1,-1.6912451000000064,30.148855799999993,Rwanda,Gicumbi
8.0,Public Tapstand,unknown,unknown,Rulindo,1,0.6088340195620978,60.9,-1.752759311,29.98083496,Rwanda,Rulindo
8.0,Public Tapstand,unknown,unknown,Gicumbi,0,0.6553695175834133,65.5,-1.680980461,30.13574222,Rwanda,Gicumbi
8.0,Public Tapstand,unknown,unknown,Gicumbi,0,0.6553695175834133,65.5,-1.678482292,30.10634523,Rwanda,Gicumbi
8.0,Public Tapstand,unknown,unknown,Gicumbi,0,0.6553695175834133,65.5,-1.670387881,30.11185889,Rwanda,Gicumbi
8.0,Public Tapstand,unknown,unknown,Gicumbi,0,0.6553695175834133,65.5,-1.668530676,30.12521633,Rwanda,Gicumbi
5.0,Public Tapstand,unknown,unknown,Gicumbi,0,0.5911085120721807,59.1,-1.668515999999995,30.14960069999999,Rwanda,Gicumbi
5.0,Public Tapstand,unknown,unknown,Gicumbi,0,0.5911085120721807,59.1,-1.663744600000019,30.132985000000005,Rwanda,Gicumbi
5.0,Public Tapstand,unknown,unknown,Gicumbi,0,0.5911085120721807,59.1,-1.6525641000000082,30.119205399999988,Rwanda,Gicumbi
5.0,Public Tapstand,unknown,unknown,Gicumbi,0,0.5911085120721807,59.1,-1.653868099999999,30.130051699999992,Rwanda,Gicumbi
5.0,Public Tapstand,unknown,unknown,Gicumbi,0,0.5911085120721807,59.1,-1.6624186000000174,30.177483199999998,Rwanda,Gicumbi
5.0,Public Tapstand,unknown,unknown,Gicumbi,0,0.5911085120721807,59.1,-1.6580203000000127,30.1724914,Rwanda,Gicumbi
8.0,Public Tapstand,unknown,unknown,Gicumbi,0,0.6553695175834133,65.5,-1.650392667,30.17726624,Rwanda,Gicumbi
5.0,Public Tapstand,unknown,unknown,Gicumbi,0,0.5911085120721807,59.1,-1.6951915000000157,30.240464100000004,Rwanda,Gicumbi
8.0,Public Tapstand,unknown,unknown,Gicumbi,0,0.6553695175834133,65.5,-1.694590469,30.22144352,Rwanda,Gicumbi
5.0,Public Tapstand,unknown,unknown,Gicumbi,0,0.5911085120721807,59.1,-1.6931985999999954,30.240573699999988,Rwanda,Gicumbi
5.0,Public Tapstand,unknown,unknown,Gicumbi,0,0.5911085120721807,59.1,-1.6836562999999942,30.213983299999995,Rwanda,Gicumbi
5.0,Public Tapstand,unknown,unknown,Gicumbi,0,0.5911085120721807,59.1,-1.6846054000000168,30.234660999999978,Rwanda,Gicumbi
5.0,Public Tapstand,unknown,unknown,Gicumbi,0,0.5911085120721807,59.1,-1.6809707000000136,30.210505599999998,Rwanda,Gicumbi
5.0,Public Tapstand,unknown,unknown,Rulindo,1,0.42941536887925813,42.9,-1.720076700000013,29.907151499999994,Rwanda,Rulindo
5.0,Public Tapstand,unknown,unknown,Gicumbi,0,0.5911085120721807,59.1,-1.673434100000012,30.201645300000006,Rwanda,Gicumbi
5.0,Public Tapstand,unknown,unknown,Gicumbi,0,0.5911085120721807,59.1,-1.6735021999999988,30.221627600000012,Rwanda,Gicumbi
5.0,Public Tapstand,unknown,unknown,Gicumbi,0,0.5911085120721807,59.1,-1.6621423000000013,30.212952099999995,Rwanda,Gicumbi
5.0,Public Tapstand,unknown,unknown,Gicumbi,0,0.5911085120721807,59.1,-1.6473148999999951,30.00216879999999,Rwanda,Gicumbi
11.0,Public Tapstand,Piped Water,unknown,Rulindo,0,0.5688773220415491,56.9,-1.6406116666666666,30.021661666666667,Rwanda,Rulindo
8.0,Public Tapstand,unknown,unknown,Rulindo,0,0.6088340195620978,60.9,-1.62787924,30.04912467,Rwanda,Rulindo
8.0,Public Tapstand,unknown,unknown,Rulindo,0,0.6088340195620978,60.9,-1.624785679,30.01549813,Rwanda,Rulindo
8.0,Public Tapstand,unknown,unknown,Rulindo,0,0.6088340195620978,60.9,-1.62447758,30.04606172,Rwanda,Rulindo
5.0,Public Tapstand,unknown,unknown,Rulindo,0,0.42941536887925813,42.9,-1.6190173700000146,30.035833840000013,Rwanda,Rulindo
5.0,Public Tapstand,unknown,unknown,Gicumbi,0,0.5911085120721807,59.1,-1.6082600300000138,30.01247548,Rwanda,Gicumbi
5.0,Public Tapstand,unknown,unknown,Gicumbi,0,0.5911085120721807,59.1,-1.6366315299999976,30.088315240000014,Rwanda,Gicumbi
5.0,Public Tapstand,unknown,unknown,Rulindo,0,0.42941536887925813,42.9,-1.6326281199999975,30.053825560000007,Rwanda,Rulindo
8.0,Public Tapstand,unknown,unknown,Gicumbi,0,0.6553695175834133,65.5,-1.63192523,30.07784619,Rwanda,Gicumbi
8.0,Public Tapstand,unknown,unknown,Gicumbi,0,0.6553695175834133,65.5,-1.623435219,30.08808687,Rwanda,Gicumbi
8.0,Public Tapstand,unknown,unknown,Gicumbi,0,0.6553695175834133,65.5,-1.623982774,30.09134289,Rwanda,Gicumbi
8.0,Public Tapstand,unknown,unknown,Gicumbi,0,0.6553695175834133,65.5,-1.608035985,30.05777452,Rwanda,Gicumbi
5.0,Public Tapstand,unknown,unknown,Gicumbi,0,0.5911085120721807,59.1,-1.6065543600000016,30.056705240000014,Rwanda,Gicumbi
8.0,Public Tapstand,unknown,unknown,Gicumbi,0,0.6553695175834133,65.5,-1.647738567,30.12099422,Rwanda,Gicumbi
8.0,Public Tapstand,unknown,unknown,Gicumbi,0,0.6553695175834133,65.5,-1.645162512,30.12088854,Rwanda,Gicumbi
8.0,Public Tapstand,unknown,unknown,Gicumbi,0,0.6553695175834133,65.5,-1.647182954,30.13391817,Rwanda,Gicumbi
8.0,Public Tapstand,unknown,unknown,Gicumbi,0,0.6553695175834133,65.5,-1.645897429,30.13492734,Rwanda,Gicumbi
5.0,Public Tapstand,unknown,unknown,Gicumbi,0,0.5911085120721807,59.1,-1.6427581400000169,30.101554479999997,Rwanda,Gicumbi
8.0,Public Tapstand,unknown,unknown,Gicumbi,0,0.6553695175834133,65.5,-1.644273144,30.13935115,Rwanda,Gicumbi
5.0,Public Tapstand,unknown,unknown,Gicumbi,0,0.5911085120721807,59.1,-1.6407253000000102,30.118027999999992,Rwanda,Gicumbi
8.0,Public Tapstand,unknown,unknown,Gicumbi,0,0.6553695175834133,65.5,-1.64143479,30.13897221,Rwanda,Gicumbi
8.0,Public Tapstand,unknown,unknown,Rulindo,1,0.6088340195620978,60.9,-1.703805524,29.90907446,Rwanda,Rulindo
8.0,Public Tapstand,unknown,unknown,Gicumbi,0,0.6553695175834133,65.5,-1.639642874,30.13783063,Rwanda,Gicumbi
5.0,Public Tapstand,unknown,unknown,Gicumbi,0,0.5911085120721807,59.1,-1.628069200000007,30.119367199999996,Rwanda,Gicumbi
8.0,Public Tapstand,unknown,unknown,Gicumbi,0,0.6553695175834133,65.5,-1.620311936,30.10644912,Rwanda,Gicumbi
8.0,Public Tapstand,unknown,unknown,Gicumbi,0,0.6553695175834133,65.5,-1.624304446,30.15260273,Rwanda,Gicumbi
5.0,Public Tapstand,unknown,unknown,Gicumbi,0,0.5911085120721807,59.1,-1.5693094700000123,30.003612360000012,Rwanda,Gicumbi
5.0,Public Tapstand,unknown,unknown,Gicumbi,0,0.5911085120721807,59.1,-1.5699484399999977,30.045061249999996,Rwanda,Gicumbi
5.0,Public Tapstand,unknown,unknown,Gicumbi,0,0.5911085120721807,59.1,-1.5557286600000018,30.03850873000001,Rwanda,Gicumbi
5.0,Public Tapstand,unknown,unknown,Gicumbi,0,0.5911085120721807,59.1,-1.5873712400000146,30.057157519999997,Rwanda,Gicumbi
8.0,Public Tapstand,unknown,unknown,Gicumbi,0,0.6553695175834133,65.5,-1.568502531,30.06943389,Rwanda,Gicumbi
8.0,Public Tapstand,unknown,unknown,Gicumbi,0,0.6553695175834133,65.5,-1.559648353,30.09244798,Rwanda,Gicumbi
8.0,Public Tapstand,unknown,unknown,Gicumbi,0,0.6553695175834133,65.5,-1.581764189,30.133273,Rwanda,Gicumbi
8.0,Public Tapstand,unknown,unknown,Gicumbi,0,0.6553695175834133,65.5,-1.580162565,30.13469228,Rwanda,Gicumbi
5.0,Public Tapstand,unknown,unknown,Gicumbi,0,0.5911085120721807,59.1,-1.5771400000000177,30.1060895,Rwanda,Gicumbi
8.0,Public Tapstand,unknown,unknown,Gicumbi,0,0.6553695175834133,65.5,-1.577082584,30.10622804,Rwanda,Gicumbi
8.0,Public Tapstand,unknown,unknown,Gicumbi,0,0.6553695175834133,65.5,-1.574967303,30.11826707,Rwanda,Gicumbi
8.0,Public Tapstand,unknown,unknown,Gicumbi,0,0.6553695175834133,65.5,-1.573744055,30.12743734,Rwanda,Gicumbi
8.0,Public Tapstand,unknown,unknown,Gicumbi,0,0.6553695175834133,65.5,-1.57356727,30.12710905,Rwanda,Gicumbi
8.0,Public Tapstand,unknown,unknown,Gicumbi,0,0.6553695175834133,65.5,-1.573252273,30.12543159,Rwanda,Gicumbi
8.0,Public Tapstand,unknown,unknown,Gicumbi,0,0.6553695175834133,65.5,-1.574905841,30.12996863,Rwanda,Gicumbi
8.0,Public Tapstand,unknown,unknown,Gicumbi,0,0.6553695175834133,65.5,-1.571524544,30.11827408,Rwanda,Gicumbi
8.0,Public Tapstand,unknown,unknown,Gicumbi,0,0.6553695175834133,65.5,-1.571225661,30.11880107,Rwanda,Gicumbi
5.0,Public Tapstand,unknown,unknown,Gicumbi,0,0.5911085120721807,59.1,-1.557424400000001,30.104108099999994,Rwanda,Gicumbi
8.0,Public Tapstand,unknown,unknown,Gicumbi,0,0.6553695175834133,65.5,-1.556224557,30.13456249,Rwanda,Gicumbi
8.0,Public Tapstand,unknown,unknown,Gicumbi,0,0.6553695175834133,65.5,-1.55686794,30.14395864,Rwanda,Gicumbi
8.0,Public Tapstand,unknown,unknown,Gicumbi,0,0.6553695175834133,65.5,-1.57003505,30.15562273,Rwanda,Gicumbi
8.0,Public Tapstand,unknown,unknown,Gicumbi,0,0.6553695175834133,65.5,-1.567026184,30.15562141,Rwanda,Gicumbi
5.0,Public Tapstand,unknown,unknown,Gicumbi,0,0.5911085120721807,59.1,-1.5441151799999986,30.03821498000001,Rwanda,Gicumbi
8.0,Public Tapstand,unknown,unknown,Gicumbi,0,0.6553695175834133,65.5,-1.532651472,30.02142652,Rwanda,Gicumbi
8.0,Public Tapstand,unknown,unknown,Gicumbi,0,0.6553695175834133,65.5,-1.532595175,30.02117342,Rwanda,Gicumbi
5.0,Public Tapstand,unknown,unknown,Gicumbi,0,0.5911085120721807,59.1,-1.5228768000000135,30.0136353,Rwanda,Gicumbi
8.0,Public Tapstand,unknown,unknown,Gicumbi,0,0.6553695175834133,65.5,-1.521134211,30.02795004,Rwanda,Gicumbi
8.0,Public Tapstand,unknown,unknown,Gicumbi,0,0.6553695175834133,65.5,-1.517363378,30.03091101,Rwanda,Gicumbi
8.0,Public Tapstand,unknown,unknown,Gicumbi,0,0.6553695175834133,65.5,-1.506839676,30.00058909,Rwanda,Gicumbi
8.0,Public Tapstand,unknown,unknown,Gicumbi,0,0.6553695175834133,65.5,-1.505107015,30.00716366,Rwanda,Gicumbi
8.0,Public Tapstand,unknown,unknown,Gicumbi,0,0.6553695175834133,65.5,-1.549792456,30.09254323,Rwanda,Gicumbi
8.0,Public Tapstand,unknown,unknown,Gicumbi,0,0.6553695175834133,65.5,-1.528412916,30.06222471,Rwanda,Gicumbi
8.0,Public Tapstand,unknown,unknown,Gicumbi,0,0.6553695175834133,65.5,-1.529083154,30.07034044,Rwanda,Gicumbi
8.0,Public Tapstand,unknown,unknown,Gicumbi,0,0.6553695175834133,65.5,-1.528570851,30.07939041,Rwanda,Gicumbi
8.0,Public Tapstand,unknown,unknown,Gicumbi,0,0.6553695175834133,65.5,-1.529629955,30.08921058,Rwanda,Gicumbi
5.0,Public Tapstand,unknown,unknown,Gicumbi,0,0.5911085120721807,59.1,-1.5091519000000029,30.0720853,Rwanda,Gicumbi
5.0,Public Tapstand,unknown,unknown,Gicumbi,0,0.5911085120721807,59.1,-1.5049660000000136,30.069253699999994,Rwanda,Gicumbi
5.0,Public Tapstand,unknown,unknown,Gicumbi,0,0.5911085120721807,59.1,-1.5210370300000078,30.17753093,Rwanda,Gicumbi
5.0,Public Tapstand,unknown,unknown,Gicumbi,0,0.5911085120721807,59.1,-1.4978861199999955,30.045605799999997,Rwanda,Gicumbi
5.0,Public Tapstand,unknown,unknown,Gicumbi,0,0.5911085120721807,59.1,-1.4823884800000118,30.00455919,Rwanda,Gicumbi
5.0,Public Tapstand,unknown,unknown,Gicumbi,0,0.5911085120721807,59.1,-1.4810147899999997,30.03665695,Rwanda,Gicumbi
8.0,Public Tapstand,unknown,unknown,Rulindo,1,0.6088340195620978,60.9,-1.69255881,29.90934528,Rwanda,Rulindo
5.0,Public Tapstand,unknown,unknown,Gicumbi,0,0.5911085120721807,59.1,-1.471389349999999,30.045094209999995,Rwanda,Gicumbi
8.0,Public Tapstand,unknown,unknown,Gicumbi,0,0.6553695175834133,65.5,-1.458732027,30.00328014,Rwanda,Gicumbi
5.0,Public Tapstand,unknown,unknown,Gicumbi,0,0.5911085120721807,59.1,-1.4525793800000077,30.045395130000006,Rwanda,Gicumbi
8.0,Public Tapstand,unknown,unknown,Gicumbi,0,0.6553695175834133,65.5,-1.490496533,30.06782559,Rwanda,Gicumbi
8.0,Public Tapstand,unknown,unknown,Gicumbi,0,0.6553695175834133,65.5,-1.487446922,30.07369924,Rwanda,Gicumbi
5.0,Public Tapstand,unknown,unknown,Gicumbi,0,0.5911085120721807,59.1,-1.471676400000013,30.05063111000001,Rwanda,Gicumbi
5.0,Public Tapstand,unknown,unknown,Gicumbi,0,0.5911085120721807,59.1,-1.4690190700000127,30.051542000000005,Rwanda,Gicumbi
8.0,Public Tapstand,unknown,unknown,Gicumbi,0,0.6553695175834133,65.5,-1.459149122,30.09381826,Rwanda,Gicumbi
8.0,Public Tapstand,unknown,unknown,Gicumbi,0,0.6553695175834133,65.5,-1.456164136,30.08871473,Rwanda,Gicumbi
5.0,Public Tapstand,unknown,unknown,Gicumbi,0,0.5911085120721807,59.1,-1.4517356000000143,30.087404399999986,Rwanda,Gicumbi
5.0,Public Tapstand,unknown,unknown,Gicumbi,0,0.5911085120721807,59.1,-1.4896838000000108,30.115445899999994,Rwanda,Gicumbi
5.0,Public Tapstand,unknown,unknown,Gicumbi,0,0.5911085120721807,59.1,-1.4847577000000132,30.11193079999999,Rwanda,Gicumbi
5.0,Public Tapstand,unknown,unknown,Gicumbi,0,0.5911085120721807,59.1,-1.4819561000000192,30.10804709999999,Rwanda,Gicumbi
5.0,Public Tapstand,unknown,unknown,Gicumbi,0,0.5911085120721807,59.1,-1.478876200000014,30.108411799999995,Rwanda,Gicumbi
5.0,Public Tapstand,unknown,unknown,Gicumbi,0,0.5911085120721807,59.1,-1.4786592000000083,30.107830800000013,Rwanda,Gicumbi
5.0,Public Tapstand,unknown,unknown,Gicumbi,0,0.5911085120721807,59.1,-1.4489215800000177,30.000756309999993,Rwanda,Gicumbi
5.0,Public Tapstand,unknown,unknown,Gicumbi,0,0.5911085120721807,59.1,-1.4470736299999993,30.00078436,Rwanda,Gicumbi
5.0,Public Tapstand,unknown,unknown,Gicumbi,0,0.5911085120721807,59.1,-1.4422528700000077,30.001811370000002,Rwanda,Gicumbi
5.0,Public Tapstand,unknown,unknown,Gicumbi,0,0.5911085120721807,59.1,-1.4413389000000163,30.002238609999992,Rwanda,Gicumbi
5.0,Public Tapstand,unknown,unknown,Gicumbi,0,0.5911085120721807,59.1,-1.4387084600000157,30.0039881,Rwanda,Gicumbi
5.0,Public Tapstand,unknown,unknown,Gicumbi,0,0.5911085120721807,59.1,-1.4369896900000176,30.004097889999993,Rwanda,Gicumbi
5.0,Public Tapstand,unknown,unknown,Gicumbi,0,0.5911085120721807,59.1,-1.4300048100000062,30.010522060000014,Rwanda,Gicumbi
5.0,unknown,Rainwater Harvesting,unknown,Nyamagabe,1,0.006460308038740203,0.6,-2.5187410000000177,29.495898000000004,Rwanda,Nyamagabe
7.0,unknown,Rainwater Harvesting,unknown,Nyamagabe,1,0.003978378172713293,0.4,-2.476526,29.446232,Rwanda,Nyamagabe
6.0,unknown,Rainwater Harvesting,unknown,Nyamagabe,1,0.0034436876647644388,0.3,-2.4610270000000147,29.594512999999992,Rwanda,Nyamagabe
5.0,unknown,Borehole/Tubewell,unknown,Nyanza,1,0.4558865955022765,45.6,-2.45286,29.84885,Rwanda,Nyanza
5.0,unknown,Rainwater Harvesting,unknown,Nyamagabe,1,0.006460308038740203,0.6,-2.412673500000014,29.399273799999982,Rwanda,Nyamagabe
8.0,Public Tapstand,unknown,unknown,Gicumbi,1,0.6553695175834133,65.5,-1.561102473,30.14793454,Rwanda,Gicumbi
5.0,unknown,Borehole/Tubewell,unknown,Nyanza,1,0.4558865955022765,45.6,-2.449473,29.879627,Rwanda,Nyanza
6.0,unknown,Borehole/Tubewell,unknown,Nyanza,1,0.28822925362211427,28.8,-2.4111,29.85566,Rwanda,Nyanza
5.0,unknown,Borehole/Tubewell,unknown,Nyanza,1,0.4558865955022765,45.6,-2.41595,29.92052,Rwanda,Nyanza
6.0,unknown,Rainwater Harvesting,unknown,Nyamagabe,1,0.0034436876647644388,0.3,-2.3819550000000125,29.409193299999984,Rwanda,Nyamagabe
12.0,Hand Pump - Afridev,Borehole/Tubewell,unknown,Nyanza,1,0.0,0.0,-2.360516667,29.75325,Rwanda,Nyanza
6.0,unknown,Borehole/Tubewell,unknown,Nyanza,1,0.28822925362211427,28.8,-2.392962,29.845198,Rwanda,Nyanza
5.0,unknown,Borehole/Tubewell,unknown,Nyanza,1,0.4558865955022765,45.6,-2.388714,29.833173,Rwanda,Nyanza
6.0,unknown,Borehole/Tubewell,unknown,Nyanza,1,0.28822925362211427,28.8,-2.378491,29.839938,Rwanda,Nyanza
6.0,unknown,Borehole/Tubewell,unknown,Nyanza,1,0.28822925362211427,28.8,-2.387648,29.89035,Rwanda,Nyanza
6.0,unknown,Borehole/Tubewell,unknown,Nyanza,1,0.28822925362211427,28.8,-2.370326,29.886701,Rwanda,Nyanza
6.0,unknown,Borehole/Tubewell,unknown,Nyanza,1,0.28822925362211427,28.8,-2.36674,29.898243,Rwanda,Nyanza
6.0,unknown,Borehole/Tubewell,unknown,Nyanza,1,0.28822925362211427,28.8,-2.376014,29.908092,Rwanda,Nyanza
6.0,unknown,Borehole/Tubewell,unknown,Nyanza,1,0.28822925362211427,28.8,-2.362046,29.94172,Rwanda,Nyanza
12.0,Hand Pump - Afridev,Borehole/Tubewell,unknown,Nyamagabe,1,0.0,0.0,-2.301233333,29.35856667,Rwanda,Nyamagabe
6.0,unknown,Rainwater Harvesting,unknown,Nyamagabe,1,0.0034436876647644388,0.3,-2.323303000000003,29.401187999999994,Rwanda,Nyamagabe
6.0,unknown,Rainwater Harvesting,unknown,Nyamagabe,1,0.0034436876647644388,0.3,-2.338615000000001,29.487675999999993,Rwanda,Nyamagabe
7.0,unknown,Rainwater Harvesting,unknown,Nyamagabe,1,0.003978378172713293,0.4,-2.346478,29.581793,Rwanda,Nyamagabe
5.0,Hand Pump,Borehole/Tubewell,unknown,Nyanza,1,0.03164585623248062,3.2,-2.3111,29.69295,Rwanda,Nyanza
4.0,Hand Pump,Borehole/Tubewell,unknown,Nyanza,1,0.008390215845558546,0.8,-2.309167,29.703767,Rwanda,Nyanza
6.0,unknown,Borehole/Tubewell,unknown,Nyanza,1,0.28822925362211427,28.8,-2.32114,29.84831,Rwanda,Nyanza
12.0,Hand Pump - Afridev,Borehole/Tubewell,unknown,Nyanza,1,0.0,0.0,-2.347116667,29.85536667,Rwanda,Nyanza
6.0,unknown,Borehole/Tubewell,unknown,Nyanza,1,0.28822925362211427,28.8,-2.3326,29.862591,Rwanda,Nyanza
6.0,unknown,Borehole/Tubewell,unknown,Nyanza,1,0.28822925362211427,28.8,-2.309861,29.877199,Rwanda,Nyanza
6.0,unknown,Borehole/Tubewell,unknown,Nyamasheke,1,0.18587005259553502,18.6,-2.28347,29.277841,Rwanda,Nyamasheke
7.0,unknown,Rainwater Harvesting,unknown,Nyamagabe,1,0.003978378172713293,0.4,-2.274193,29.476524,Rwanda,Nyamagabe
9.0,unknown,Borehole/Tubewell,unknown,Ruhango,1,0.07154885884147266,7.2,-2.26085,29.6937,Rwanda,Ruhango
7.0,unknown,Borehole/Tubewell,unknown,Ruhango,1,0.48717735444785215,48.7,-2.257919,29.69148,Rwanda,Ruhango
9.0,unknown,Borehole/Tubewell,unknown,Ruhango,1,0.07154885884147266,7.2,-2.2551,29.6933,Rwanda,Ruhango
5.0,Public Tapstand,unknown,unknown,Rulindo,1,0.42941536887925813,42.9,-1.6493771000000017,29.8820269,Rwanda,Rulindo
12.0,Hand Pump - India Mark,Borehole/Tubewell,unknown,Ruhango,1,0.004445887436635654,0.4,-2.2545,29.68921667,Rwanda,Ruhango
4.0,Hand Pump,Borehole/Tubewell,unknown,Nyanza,1,0.008390215845558546,0.8,-2.277817,29.774,Rwanda,Nyanza
10.0,Hand Pump - Afridev,Borehole/Tubewell,unknown,Ruhango,1,0.017070511585914105,1.7,-2.268283,29.785567,Rwanda,Ruhango
10.0,Hand Pump - Afridev,Borehole/Tubewell,unknown,Ruhango,1,0.017070511585914105,1.7,-2.262417,29.786833,Rwanda,Ruhango
6.0,unknown,Borehole/Tubewell,unknown,Ruhango,1,0.4164175432483329,41.6,-2.25158,29.75781,Rwanda,Ruhango
9.0,unknown,Borehole/Tubewell,unknown,Ruhango,1,0.07154885884147266,7.2,-2.250333,29.7942,Rwanda,Ruhango
6.0,unknown,Borehole/Tubewell,unknown,Nyanza,1,0.28822925362211427,28.8,-2.271895,29.830117,Rwanda,Nyanza
10.0,Hand Pump - India Mark,Borehole/Tubewell,unknown,Ruhango,1,0.08099803549495677,8.1,-2.270483,29.835567,Rwanda,Ruhango
10.0,Hand Pump - Afridev,Borehole/Tubewell,unknown,Nyanza,1,0.008778887106987154,0.9,-2.269667,29.819633,Rwanda,Nyanza
10.0,Hand Pump - Afridev,Borehole/Tubewell,unknown,Ruhango,1,0.017070511585914105,1.7,-2.255583,29.801533,Rwanda,Ruhango
12.0,Hand Pump - India Mark,Borehole/Tubewell,unknown,Ruhango,1,0.004445887436635654,0.4,-2.252583333,29.81583333,Rwanda,Ruhango
11.0,Hand Pump - Afridev,Borehole/Tubewell,unknown,Nyanza,1,0.09215286805283063,9.2,-2.2929,29.8727,Rwanda,Nyanza
10.0,Hand Pump - India Mark,Borehole/Tubewell,unknown,Ruhango,1,0.08099803549495677,8.1,-2.282117,29.85125,Rwanda,Ruhango
10.0,Hand Pump - Afridev,Borehole/Tubewell,unknown,Ruhango,1,0.017070511585914105,1.7,-2.279467,29.858183,Rwanda,Ruhango
10.0,Hand Pump - India Mark,Borehole/Tubewell,unknown,Ruhango,1,0.08099803549495677,8.1,-2.27415,29.851283,Rwanda,Ruhango
13.0,Hand Pump - India Mark,Borehole/Tubewell,unknown,Nyanza,1,0.0003591531394124825,0.0,-2.259616667,29.90733333,Rwanda,Nyanza
14.0,Motorized Pump,Borehole/Tubewell,unknown,Bugesera,1,0.007992202643976598,0.8,-2.292667,29.99485,Rwanda,Bugesera
5.0,unknown,Borehole/Tubewell,unknown,Ruhango,1,0.11334314917362387,11.3,-2.223128,29.615244,Rwanda,Ruhango
13.0,Hand Pump - India Mark,Borehole/Tubewell,unknown,Nyanza,1,0.0003591531394124825,0.0,-2.24985,29.69516667,Rwanda,Nyanza
13.0,Hand Pump - India Mark,Borehole/Tubewell,unknown,Ruhango,1,0.0020853598464104506,0.2,-2.245966667,29.6862,Rwanda,Ruhango
9.0,unknown,Borehole/Tubewell,unknown,Ruhango,1,0.07154885884147266,7.2,-2.246917,29.6928,Rwanda,Ruhango
13.0,Hand Pump - India Mark,Borehole/Tubewell,unknown,Ruhango,1,0.0020853598464104506,0.2,-2.24425,29.69401667,Rwanda,Ruhango
13.0,Hand Pump - India Mark,Borehole/Tubewell,unknown,Ruhango,1,0.0020853598464104506,0.2,-2.241483333,29.68715,Rwanda,Ruhango
9.0,unknown,Borehole/Tubewell,unknown,Ruhango,1,0.07154885884147266,7.2,-2.23385,29.6868,Rwanda,Ruhango
6.0,unknown,Borehole/Tubewell,unknown,Ruhango,1,0.4164175432483329,41.6,-2.22638,29.6985,Rwanda,Ruhango
9.0,unknown,Borehole/Tubewell,unknown,Ruhango,1,0.07154885884147266,7.2,-2.241783,29.7408,Rwanda,Ruhango
5.0,Hand Pump,Borehole/Tubewell,unknown,Ruhango,1,0.25686652088903017,25.7,-2.234717,29.736183,Rwanda,Ruhango
5.0,Public Tapstand,unknown,unknown,Gicumbi,1,0.5911085120721807,59.1,-1.538244000000009,30.104937000000017,Rwanda,Gicumbi
9.0,unknown,Borehole/Tubewell,unknown,Ruhango,1,0.07154885884147266,7.2,-2.23085,29.704467,Rwanda,Ruhango
10.0,Hand Pump - Afridev,Borehole/Tubewell,unknown,Ruhango,1,0.017070511585914105,1.7,-2.229933,29.733917,Rwanda,Ruhango
6.0,unknown,Borehole/Tubewell,unknown,Ruhango,1,0.4164175432483329,41.6,-2.225424,29.700351,Rwanda,Ruhango
9.0,unknown,Borehole/Tubewell,unknown,Ruhango,1,0.07154885884147266,7.2,-2.226967,29.7331,Rwanda,Ruhango
8.0,Public Tapstand,unknown,unknown,Gicumbi,1,0.6553695175834133,65.5,-1.496655901,30.00235943,Rwanda,Gicumbi
9.0,unknown,Borehole/Tubewell,unknown,Ruhango,1,0.07154885884147266,7.2,-2.226967,29.745867,Rwanda,Ruhango
10.0,unknown,Borehole/Tubewell,unknown,Ruhango,1,0.5081032045294142,50.8,-2.22325,29.746667,Rwanda,Ruhango
5.0,Hand Pump,Borehole/Tubewell,unknown,Ruhango,1,0.25686652088903017,25.7,-2.2234,29.74965,Rwanda,Ruhango
9.0,unknown,Borehole/Tubewell,unknown,Ruhango,1,0.07154885884147266,7.2,-2.219283,29.73305,Rwanda,Ruhango
10.0,Hand Pump - Afridev,Borehole/Tubewell,unknown,Ruhango,1,0.017070511585914105,1.7,-2.2171,29.740583,Rwanda,Ruhango
10.0,Hand Pump - Afridev,Borehole/Tubewell,unknown,Ruhango,1,0.017070511585914105,1.7,-2.213683,29.746017,Rwanda,Ruhango
8.0,unknown,Borehole/Tubewell,unknown,Ruhango,1,0.5254922320723927,52.5,-2.209135,29.718515,Rwanda,Ruhango
10.0,Hand Pump - Afridev,Borehole/Tubewell,unknown,Ruhango,1,0.017070511585914105,1.7,-2.249467,29.78505,Rwanda,Ruhango
10.0,Hand Pump - Afridev,Borehole/Tubewell,unknown,Ruhango,1,0.017070511585914105,1.7,-2.24905,29.789767,Rwanda,Ruhango
8.0,Public Tapstand,unknown,unknown,Rulindo,1,0.6088340195620978,60.9,-1.6434984,29.95907322,Rwanda,Rulindo
12.0,Hand Pump - Afridev,Borehole/Tubewell,unknown,Ruhango,1,0.0014013613974951378,0.1,-2.24635,29.7774,Rwanda,Ruhango
12.0,Hand Pump - Afridev,Borehole/Tubewell,unknown,Ruhango,1,0.0014013613974951378,0.1,-2.24695,29.7842,Rwanda,Ruhango
7.0,unknown,Borehole/Tubewell,unknown,Ruhango,1,0.48717735444785215,48.7,-2.246206,29.792768,Rwanda,Ruhango
10.0,unknown,Borehole/Tubewell,unknown,Ruhango,1,0.5081032045294142,50.8,-2.243017,29.757967,Rwanda,Ruhango
8.0,unknown,Borehole/Tubewell,unknown,Ruhango,1,0.5254922320723927,52.5,-2.244939,29.778825,Rwanda,Ruhango
13.0,Hand Pump - India Mark,Borehole/Tubewell,unknown,Ruhango,1,0.0020853598464104506,0.2,-2.244633333,29.79086667,Rwanda,Ruhango
12.0,Hand Pump - Afridev,Borehole/Tubewell,unknown,Ruhango,1,0.0014013613974951378,0.1,-2.242966667,29.79361667,Rwanda,Ruhango
9.0,unknown,Borehole/Tubewell,unknown,Ruhango,1,0.07154885884147266,7.2,-2.239317,29.754517,Rwanda,Ruhango
12.0,Hand Pump - Afridev,Borehole/Tubewell,unknown,Ruhango,1,0.0014013613974951378,0.1,-2.23795,29.79995,Rwanda,Ruhango
10.0,Hand Pump - Afridev,Borehole/Tubewell,unknown,Ruhango,1,0.017070511585914105,1.7,-2.237333,29.7793,Rwanda,Ruhango
10.0,Hand Pump - Afridev,Borehole/Tubewell,unknown,Ruhango,1,0.017070511585914105,1.7,-2.234917,29.765383,Rwanda,Ruhango
12.0,Hand Pump - India Mark,Borehole/Tubewell,unknown,Ruhango,1,0.004445887436635654,0.4,-2.233466667,29.79251667,Rwanda,Ruhango
10.0,unknown,Borehole/Tubewell,unknown,Ruhango,1,0.5081032045294142,50.8,-2.231267,29.78995,Rwanda,Ruhango
10.0,Hand Pump - India Mark,Borehole/Tubewell,unknown,Ruhango,1,0.08099803549495677,8.1,-2.225067,29.765133,Rwanda,Ruhango
9.0,unknown,Borehole/Tubewell,unknown,Ruhango,1,0.07154885884147266,7.2,-2.22525,29.779433,Rwanda,Ruhango
9.0,unknown,Protected Well,unknown,Ruhango,1,0.0836452118208928,8.4,-2.226333,29.784667,Rwanda,Ruhango
10.0,Hand Pump - Afridev,Borehole/Tubewell,unknown,Ruhango,1,0.017070511585914105,1.7,-2.22465,29.762983,Rwanda,Ruhango
10.0,unknown,Borehole/Tubewell,unknown,Ruhango,1,0.5081032045294142,50.8,-2.220583,29.755067,Rwanda,Ruhango
5.0,Hand Pump,Borehole/Tubewell,unknown,Ruhango,1,0.25686652088903017,25.7,-2.22231,29.77775,Rwanda,Ruhango
10.0,unknown,Protected Well,unknown,Ruhango,1,0.11999911631718718,12.0,-2.218817,29.756033,Rwanda,Ruhango
9.0,unknown,Borehole/Tubewell,unknown,Ruhango,1,0.07154885884147266,7.2,-2.2188,29.7826,Rwanda,Ruhango
10.0,Hand Pump - Afridev,Borehole/Tubewell,unknown,Ruhango,1,0.017070511585914105,1.7,-2.216617,29.763083,Rwanda,Ruhango
10.0,Hand Pump - Afridev,Borehole/Tubewell,unknown,Ruhango,1,0.017070511585914105,1.7,-2.21705,29.768117,Rwanda,Ruhango
10.0,Hand Pump - Afridev,Borehole/Tubewell,unknown,Ruhango,1,0.017070511585914105,1.7,-2.215,29.756367,Rwanda,Ruhango
7.0,unknown,Borehole/Tubewell,unknown,Ruhango,1,0.48717735444785215,48.7,-2.210544,29.7698,Rwanda,Ruhango
10.0,Hand Pump - Afridev,Borehole/Tubewell,unknown,Ruhango,1,0.017070511585914105,1.7,-2.212209,29.770914,Rwanda,Ruhango
10.0,Hand Pump - Afridev,Borehole/Tubewell,unknown,Ruhango,1,0.017070511585914105,1.7,-2.209067,29.7501,Rwanda,Ruhango
10.0,Hand Pump - Afridev,Borehole/Tubewell,unknown,Ruhango,1,0.017070511585914105,1.7,-2.208583,29.755983,Rwanda,Ruhango
9.0,unknown,Borehole/Tubewell,unknown,Ruhango,1,0.07154885884147266,7.2,-2.205867,29.764067,Rwanda,Ruhango
6.0,unknown,Borehole/Tubewell,unknown,Ruhango,1,0.4164175432483329,41.6,-2.205103,29.781466,Rwanda,Ruhango
10.0,Hand Pump - Afridev,Borehole/Tubewell,unknown,Ruhango,1,0.017070511585914105,1.7,-2.204167,29.796917,Rwanda,Ruhango
7.0,unknown,Borehole/Tubewell,unknown,Ruhango,1,0.48717735444785215,48.7,-2.200052,29.774613,Rwanda,Ruhango
12.0,Hand Pump - Afridev,Borehole/Tubewell,unknown,Ruhango,1,0.0014013613974951378,0.1,-2.2468,29.80243333,Rwanda,Ruhango
11.0,Hand Pump - Afridev,Borehole/Tubewell,unknown,Ruhango,1,0.2665785707185879,26.7,-2.2458833,29.80605,Rwanda,Ruhango
12.0,Hand Pump - India Mark,Borehole/Tubewell,unknown,Ruhango,1,0.004445887436635654,0.4,-2.24195,29.80853333,Rwanda,Ruhango
8.0,Public Tapstand,unknown,unknown,Kicukiro,0,0.7232419717831573,72.3,-2.056172163,30.21740165,Rwanda,Kicukiro
11.0,Hand Pump - Afridev,Borehole/Tubewell,unknown,Ruhango,1,0.2665785707185879,26.7,-2.2372333,29.8146667,Rwanda,Ruhango
13.0,Hand Pump - India Mark,Borehole/Tubewell,unknown,Ruhango,1,0.0020853598464104506,0.2,-2.236433333,29.82271667,Rwanda,Ruhango
12.0,Hand Pump - Afridev,Borehole/Tubewell,unknown,Ruhango,1,0.0014013613974951378,0.1,-2.234366667,29.80406667,Rwanda,Ruhango
13.0,Hand Pump - India Mark,Borehole/Tubewell,unknown,Ruhango,1,0.0020853598464104506,0.2,-2.234633333,29.84603333,Rwanda,Ruhango
11.0,Hand Pump - Afridev,Borehole/Tubewell,unknown,Ruhango,1,0.2665785707185879,26.7,-2.2313,29.8335833,Rwanda,Ruhango
12.0,Hand Pump - Afridev,Borehole/Tubewell,unknown,Ruhango,1,0.0014013613974951378,0.1,-2.2258,29.81555,Rwanda,Ruhango
12.0,Hand Pump - Afridev,Borehole/Tubewell,unknown,Ruhango,1,0.0014013613974951378,0.1,-2.226466667,29.8193,Rwanda,Ruhango
6.0,unknown,Borehole/Tubewell,unknown,Ruhango,1,0.4164175432483329,41.6,-2.224269,29.846771,Rwanda,Ruhango
12.0,Hand Pump - Afridev,Borehole/Tubewell,unknown,Ruhango,1,0.0014013613974951378,0.1,-2.221183333,29.80673333,Rwanda,Ruhango
12.0,Hand Pump - Afridev,Borehole/Tubewell,unknown,Ruhango,1,0.0014013613974951378,0.1,-2.22155,29.82658333,Rwanda,Ruhango
7.0,unknown,Borehole/Tubewell,unknown,Ruhango,1,0.48717735444785215,48.7,-2.214958,29.822085,Rwanda,Ruhango
12.0,Hand Pump - Afridev,Borehole/Tubewell,unknown,Ruhango,1,0.0014013613974951378,0.1,-2.213733333,29.83056667,Rwanda,Ruhango
7.0,unknown,Borehole/Tubewell,unknown,Ruhango,1,0.48717735444785215,48.7,-2.21076,29.839946,Rwanda,Ruhango
9.0,Hand Pump - Afridev,Borehole/Tubewell,unknown,Ruhango,1,0.03394699593777295,3.4,-2.208722,29.833215,Rwanda,Ruhango
7.0,unknown,Borehole/Tubewell,unknown,Ruhango,1,0.48717735444785215,48.7,-2.20817,29.84647,Rwanda,Ruhango
11.0,Hand Pump - India Mark,Borehole/Tubewell,unknown,Ruhango,1,0.6801952776448295,68.0,-2.2074,29.82515,Rwanda,Ruhango
11.0,Hand Pump - India Mark,Borehole/Tubewell,unknown,Ruhango,1,0.6801952776448295,68.0,-2.202316667,29.80133333,Rwanda,Ruhango
13.0,Hand Pump - India Mark,Borehole/Tubewell,unknown,Ruhango,1,0.0020853598464104506,0.2,-2.245133333,29.89346667,Rwanda,Ruhango
12.0,Hand Pump - India Mark,Borehole/Tubewell,unknown,Ruhango,1,0.004445887436635654,0.4,-2.222066667,29.85468333,Rwanda,Ruhango
6.0,unknown,Borehole/Tubewell,unknown,Ruhango,1,0.4164175432483329,41.6,-2.21766,29.874226,Rwanda,Ruhango
7.0,unknown,Borehole/Tubewell,unknown,Ruhango,1,0.48717735444785215,48.7,-2.219451,29.892721,Rwanda,Ruhango
13.0,Hand Pump - India Mark,Borehole/Tubewell,unknown,Ruhango,1,0.0020853598464104506,0.2,-2.21705,29.85996667,Rwanda,Ruhango
13.0,Hand Pump - India Mark,Borehole/Tubewell,unknown,Ruhango,1,0.0020853598464104506,0.2,-2.215166667,29.88543333,Rwanda,Ruhango
7.0,unknown,Borehole/Tubewell,unknown,Ruhango,1,0.48717735444785215,48.7,-2.217044,29.892036,Rwanda,Ruhango
5.0,Hand Pump,Borehole/Tubewell,unknown,Ruhango,1,0.25686652088903017,25.7,-2.212867,29.899183,Rwanda,Ruhango
7.0,unknown,Borehole/Tubewell,unknown,Ruhango,1,0.48717735444785215,48.7,-2.202254,29.890666,Rwanda,Ruhango
10.0,unknown,Borehole/Tubewell,unknown,Ruhango,1,0.5081032045294142,50.8,-2.231433,29.9079,Rwanda,Ruhango
13.0,Hand Pump - India Mark,Borehole/Tubewell,unknown,Ruhango,1,0.0020853598464104506,0.2,-2.222016667,29.90748333,Rwanda,Ruhango
7.0,unknown,Borehole/Tubewell,unknown,Ruhango,1,0.48717735444785215,48.7,-2.221037,29.907499,Rwanda,Ruhango
7.0,unknown,Borehole/Tubewell,unknown,Ruhango,1,0.48717735444785215,48.7,-2.21419,29.9267,Rwanda,Ruhango
8.0,unknown,Borehole/Tubewell,unknown,Ruhango,1,0.5254922320723927,52.5,-2.205394,29.90823,Rwanda,Ruhango
7.0,unknown,Borehole/Tubewell,unknown,Ruhango,1,0.48717735444785215,48.7,-2.20649,29.91779,Rwanda,Ruhango
12.0,Hand Pump - Afridev,Borehole/Tubewell,unknown,Karongi,1,0.0,0.0,-2.1755,29.49861667,Rwanda,Karongi
9.0,unknown,Borehole/Tubewell,unknown,Ruhango,1,0.07154885884147266,7.2,-2.199533,29.7348,Rwanda,Ruhango
9.0,unknown,Borehole/Tubewell,unknown,Ruhango,1,0.07154885884147266,7.2,-2.186633,29.746167,Rwanda,Ruhango
8.0,unknown,Borehole/Tubewell,unknown,Ruhango,1,0.5254922320723927,52.5,-2.1814,29.73071,Rwanda,Ruhango
8.0,unknown,Borehole/Tubewell,unknown,Ruhango,1,0.5254922320723927,52.5,-2.182051,29.737574,Rwanda,Ruhango
8.0,unknown,Borehole/Tubewell,unknown,Ruhango,1,0.5254922320723927,52.5,-2.1763011,29.7418522,Rwanda,Ruhango
8.0,unknown,Borehole/Tubewell,unknown,Ruhango,1,0.5254922320723927,52.5,-2.1714288,29.7372622,Rwanda,Ruhango
7.0,unknown,Borehole/Tubewell,unknown,Ruhango,1,0.48717735444785215,48.7,-2.162284,29.72998,Rwanda,Ruhango
5.0,Hand Pump,Borehole/Tubewell,unknown,Ruhango,1,0.25686652088903017,25.7,-2.157748,29.735045,Rwanda,Ruhango
8.0,unknown,Borehole/Tubewell,unknown,Ruhango,1,0.5254922320723927,52.5,-2.15201,29.73589,Rwanda,Ruhango
9.0,unknown,Borehole/Tubewell,unknown,Ruhango,1,0.07154885884147266,7.2,-2.197683,29.750917,Rwanda,Ruhango
10.0,Hand Pump - Afridev,Borehole/Tubewell,unknown,Ruhango,1,0.017070511585914105,1.7,-2.194763,29.763028,Rwanda,Ruhango
10.0,Hand Pump - Afridev,Borehole/Tubewell,unknown,Ruhango,1,0.017070511585914105,1.7,-2.19135,29.7648,Rwanda,Ruhango
7.0,unknown,Borehole/Tubewell,unknown,Ruhango,1,0.48717735444785215,48.7,-2.189624,29.771756,Rwanda,Ruhango
7.0,unknown,Borehole/Tubewell,unknown,Ruhango,1,0.48717735444785215,48.7,-2.187977,29.797132,Rwanda,Ruhango
10.0,unknown,Borehole/Tubewell,unknown,Ruhango,1,0.5081032045294142,50.8,-2.185417,29.757417,Rwanda,Ruhango
6.0,unknown,Borehole/Tubewell,unknown,Ruhango,1,0.4164175432483329,41.6,-2.1828311,29.7622022,Rwanda,Ruhango
7.0,unknown,Borehole/Tubewell,unknown,Ruhango,1,0.48717735444785215,48.7,-2.178479,29.763625,Rwanda,Ruhango
9.0,unknown,Borehole/Tubewell,unknown,Ruhango,1,0.07154885884147266,7.2,-2.168174,29.754728,Rwanda,Ruhango
5.0,Hand Pump,Borehole/Tubewell,unknown,Ruhango,1,0.25686652088903017,25.7,-2.165633,29.76585,Rwanda,Ruhango
5.0,Hand Pump,Borehole/Tubewell,unknown,Ruhango,1,0.25686652088903017,25.7,-2.1612,29.766267,Rwanda,Ruhango
6.0,unknown,Borehole/Tubewell,unknown,Ruhango,1,0.4164175432483329,41.6,-2.15968,29.76993,Rwanda,Ruhango
6.0,unknown,Borehole/Tubewell,unknown,Ruhango,1,0.4164175432483329,41.6,-2.157799,29.777903,Rwanda,Ruhango
8.0,unknown,Borehole/Tubewell,unknown,Ruhango,1,0.5254922320723927,52.5,-2.155687,29.764825,Rwanda,Ruhango
8.0,unknown,Borehole/Tubewell,unknown,Ruhango,1,0.5254922320723927,52.5,-2.197264,29.810778,Rwanda,Ruhango
11.0,Hand Pump - India Mark,Borehole/Tubewell,unknown,Ruhango,1,0.6801952776448295,68.0,-2.1954833,29.8286,Rwanda,Ruhango
10.0,unknown,Protected Well,unknown,Ruhango,1,0.11999911631718718,12.0,-2.190067,29.8018,Rwanda,Ruhango
13.0,Hand Pump - India Mark,Borehole/Tubewell,unknown,Ruhango,1,0.0020853598464104506,0.2,-2.18895,29.81645,Rwanda,Ruhango
12.0,Hand Pump - Afridev,Borehole/Tubewell,unknown,Ruhango,1,0.0014013613974951378,0.1,-2.185933333,29.8086,Rwanda,Ruhango
12.0,Hand Pump - India Mark,Borehole/Tubewell,unknown,Ruhango,1,0.004445887436635654,0.4,-2.184483333,29.84955,Rwanda,Ruhango
12.0,Hand Pump - Afridev,Borehole/Tubewell,unknown,Ruhango,1,0.0014013613974951378,0.1,-2.177633333,29.80955,Rwanda,Ruhango
12.0,Hand Pump - Afridev,Borehole/Tubewell,unknown,Ruhango,1,0.0014013613974951378,0.1,-2.1684,29.8227,Rwanda,Ruhango
12.0,Hand Pump - Afridev,Borehole/Tubewell,unknown,Ruhango,1,0.0014013613974951378,0.1,-2.167516667,29.82946667,Rwanda,Ruhango
12.0,Hand Pump - Afridev,Borehole/Tubewell,unknown,Ruhango,1,0.0014013613974951378,0.1,-2.151366667,29.82616667,Rwanda,Ruhango
11.0,Hand Pump - Afridev,Borehole/Tubewell,unknown,Ruhango,1,0.2665785707185879,26.7,-2.15005,29.8466333,Rwanda,Ruhango
13.0,Hand Pump - India Mark,Borehole/Tubewell,unknown,Ruhango,1,0.0020853598464104506,0.2,-2.19515,29.88523333,Rwanda,Ruhango
9.0,unknown,Protected Well,unknown,Ruhango,1,0.0836452118208928,8.4,-2.193183,29.892817,Rwanda,Ruhango
8.0,unknown,Borehole/Tubewell,unknown,Ruhango,1,0.5254922320723927,52.5,-2.193067,29.89475,Rwanda,Ruhango
8.0,unknown,Borehole/Tubewell,unknown,Ruhango,1,0.5254922320723927,52.5,-2.1900666,29.8802066,Rwanda,Ruhango
12.0,Hand Pump - Afridev,Borehole/Tubewell,unknown,Ruhango,1,0.0014013613974951378,0.1,-2.187683333,29.8987,Rwanda,Ruhango
12.0,Hand Pump - Afridev,Borehole/Tubewell,unknown,Ruhango,1,0.0014013613974951378,0.1,-2.168083333,29.86246667,Rwanda,Ruhango
12.0,Hand Pump - Afridev,Borehole/Tubewell,unknown,Ruhango,1,0.0014013613974951378,0.1,-2.16565,29.86553333,Rwanda,Ruhango
12.0,Hand Pump - India Mark,Borehole/Tubewell,unknown,Ruhango,1,0.004445887436635654,0.4,-2.161983333,29.86505,Rwanda,Ruhango
12.0,Hand Pump - India Mark,Borehole/Tubewell,unknown,Ruhango,1,0.004445887436635654,0.4,-2.16005,29.86665,Rwanda,Ruhango
11.0,Hand Pump - Afridev,Borehole/Tubewell,unknown,Ruhango,1,0.2665785707185879,26.7,-2.1590333,29.86155,Rwanda,Ruhango
8.0,unknown,Borehole/Tubewell,unknown,Ruhango,1,0.5254922320723927,52.5,-2.159955,29.86865,Rwanda,Ruhango
12.0,Hand Pump - India Mark,Borehole/Tubewell,unknown,Ruhango,1,0.004445887436635654,0.4,-2.15535,29.85546667,Rwanda,Ruhango
8.0,unknown,Borehole/Tubewell,unknown,Ruhango,1,0.5254922320723927,52.5,-2.155821,29.87482,Rwanda,Ruhango
8.0,unknown,Borehole/Tubewell,unknown,Ruhango,1,0.5254922320723927,52.5,-2.155597,29.882659,Rwanda,Ruhango
8.0,unknown,Borehole/Tubewell,unknown,Ruhango,1,0.5254922320723927,52.5,-2.1559955,29.8916744,Rwanda,Ruhango
11.0,Hand Pump - India Mark,Borehole/Tubewell,unknown,Ruhango,1,0.6801952776448295,68.0,-2.15265,29.8710167,Rwanda,Ruhango
11.0,Hand Pump - Afridev,Borehole/Tubewell,unknown,Ruhango,1,0.2665785707185879,26.7,-2.1524167,29.8672833,Rwanda,Ruhango
7.0,unknown,Borehole/Tubewell,unknown,Ruhango,1,0.48717735444785215,48.7,-2.195404,29.912148,Rwanda,Ruhango
7.0,unknown,Borehole/Tubewell,unknown,Ruhango,1,0.48717735444785215,48.7,-2.195027,29.930776,Rwanda,Ruhango
12.0,Hand Pump - Afridev,Borehole/Tubewell,unknown,Ruhango,1,0.0014013613974951378,0.1,-2.194966667,29.90311667,Rwanda,Ruhango
5.0,Public Tapstand,unknown,unknown,Kicukiro,1,0.4091365696229732,40.9,-1.9656194900000044,30.07908607,Rwanda,Kicukiro
7.0,unknown,Borehole/Tubewell,unknown,Ruhango,1,0.48717735444785215,48.7,-2.194611,29.923189,Rwanda,Ruhango
7.0,unknown,Borehole/Tubewell,unknown,Ruhango,1,0.48717735444785215,48.7,-2.194377,29.928092,Rwanda,Ruhango
7.0,unknown,Borehole/Tubewell,unknown,Ruhango,1,0.48717735444785215,48.7,-2.1948,29.945128,Rwanda,Ruhango
12.0,Hand Pump - India Mark,Borehole/Tubewell,unknown,Ruhango,1,0.004445887436635654,0.4,-2.1902,29.90631667,Rwanda,Ruhango
7.0,unknown,Borehole/Tubewell,unknown,Ruhango,1,0.48717735444785215,48.7,-2.191911,29.947602,Rwanda,Ruhango
7.0,unknown,Borehole/Tubewell,unknown,Ruhango,1,0.48717735444785215,48.7,-2.18596,29.94452,Rwanda,Ruhango
7.0,unknown,Borehole/Tubewell,unknown,Ruhango,1,0.48717735444785215,48.7,-2.187286,29.946887,Rwanda,Ruhango
6.0,unknown,Borehole/Tubewell,unknown,Ruhango,1,0.4164175432483329,41.6,-2.184214,29.912356,Rwanda,Ruhango
6.0,unknown,Borehole/Tubewell,unknown,Ruhango,1,0.4164175432483329,41.6,-2.182801,29.930564,Rwanda,Ruhango
6.0,unknown,Borehole/Tubewell,unknown,Ruhango,1,0.4164175432483329,41.6,-2.182025,29.930751,Rwanda,Ruhango
8.0,Public Tapstand,unknown,unknown,Rulindo,0,0.6088340195620978,60.9,-1.669221157,29.89577691,Rwanda,Rulindo
7.0,unknown,Borehole/Tubewell,unknown,Ruhango,1,0.48717735444785215,48.7,-2.178255,29.940013,Rwanda,Ruhango
4.0,Hand Pump,Borehole/Tubewell,unknown,Ruhango,1,0.044641913698391544,4.5,-2.176283,29.94085,Rwanda,Ruhango
12.0,Hand Pump - Afridev,Borehole/Tubewell,unknown,Ruhango,1,0.0014013613974951378,0.1,-2.171833333,29.90903333,Rwanda,Ruhango
12.0,Hand Pump - India Mark,Borehole/Tubewell,unknown,Ruhango,1,0.004445887436635654,0.4,-2.164433333,29.91551667,Rwanda,Ruhango
9.0,unknown,Borehole/Tubewell,unknown,Ruhango,1,0.07154885884147266,7.2,-2.161267,29.921183,Rwanda,Ruhango
9.0,unknown,Protected Well,unknown,Ruhango,1,0.0836452118208928,8.4,-2.161017,29.92495,Rwanda,Ruhango
8.0,unknown,Borehole/Tubewell,unknown,Ruhango,1,0.5254922320723927,52.5,-2.162167,29.930833,Rwanda,Ruhango
12.0,Hand Pump - Afridev,Borehole/Tubewell,unknown,Karongi,1,0.0,0.0,-2.1121,29.29006667,Rwanda,Karongi
8.0,unknown,Borehole/Tubewell,unknown,Karongi,1,0.08450049424618178,8.5,-2.12437,29.43867,Rwanda,Karongi
8.0,unknown,Borehole/Tubewell,unknown,Ruhango,1,0.5254922320723927,52.5,-2.147478,29.735018,Rwanda,Ruhango
9.0,unknown,Borehole/Tubewell,unknown,Ruhango,1,0.07154885884147266,7.2,-2.147333,29.73785,Rwanda,Ruhango
5.0,unknown,Borehole/Tubewell,unknown,Ruhango,1,0.11334314917362387,11.3,-2.146276,29.74183,Rwanda,Ruhango
5.0,Hand Pump,Borehole/Tubewell,unknown,Ruhango,1,0.25686652088903017,25.7,-2.143,29.728917,Rwanda,Ruhango
5.0,Hand Pump,Borehole/Tubewell,unknown,Ruhango,1,0.25686652088903017,25.7,-2.14331,29.732363,Rwanda,Ruhango
6.0,unknown,Borehole/Tubewell,unknown,Ruhango,1,0.4164175432483329,41.6,-2.14392,29.74226,Rwanda,Ruhango
4.0,Hand Pump,Borehole/Tubewell,unknown,Ruhango,1,0.044641913698391544,4.5,-2.143,29.740833,Rwanda,Ruhango
8.0,Public Tapstand,unknown,unknown,Rulindo,0,0.6088340195620978,60.9,-1.65415692,29.91066737,Rwanda,Rulindo
7.0,unknown,Borehole/Tubewell,unknown,Ruhango,1,0.48717735444785215,48.7,-2.144946,29.744336,Rwanda,Ruhango
6.0,unknown,Borehole/Tubewell,unknown,Ruhango,1,0.4164175432483329,41.6,-2.1445,29.74504,Rwanda,Ruhango
7.0,unknown,Borehole/Tubewell,unknown,Ruhango,1,0.48717735444785215,48.7,-2.141045,29.744963,Rwanda,Ruhango
9.0,unknown,Borehole/Tubewell,unknown,Ruhango,1,0.07154885884147266,7.2,-2.1396,29.736367,Rwanda,Ruhango
6.0,unknown,Borehole/Tubewell,unknown,Ruhango,1,0.4164175432483329,41.6,-2.139174,29.735067,Rwanda,Ruhango
9.0,unknown,Borehole/Tubewell,unknown,Ruhango,1,0.07154885884147266,7.2,-2.135167,29.725767,Rwanda,Ruhango
6.0,unknown,Borehole/Tubewell,unknown,Ruhango,1,0.4164175432483329,41.6,-2.136691,29.73921,Rwanda,Ruhango
6.0,unknown,Borehole/Tubewell,unknown,Ruhango,1,0.4164175432483329,41.6,-2.113781,29.724898,Rwanda,Ruhango
6.0,unknown,Borehole/Tubewell,unknown,Ruhango,1,0.4164175432483329,41.6,-2.144746,29.758311,Rwanda,Ruhango
9.0,unknown,Borehole/Tubewell,unknown,Ruhango,1,0.07154885884147266,7.2,-2.143727,29.820391,Rwanda,Ruhango
11.0,Hand Pump - India Mark,Borehole/Tubewell,unknown,Ruhango,1,0.6801952776448295,68.0,-2.1178833,29.8245667,Rwanda,Ruhango
11.0,Hand Pump - India Mark,Borehole/Tubewell,unknown,Ruhango,1,0.6801952776448295,68.0,-2.1129833,29.82485,Rwanda,Ruhango
11.0,Hand Pump - India Mark,Borehole/Tubewell,unknown,Ruhango,1,0.6801952776448295,68.0,-2.1149833,29.8298,Rwanda,Ruhango
11.0,Hand Pump - Afridev,Borehole/Tubewell,unknown,Ruhango,1,0.2665785707185879,26.7,-2.1453667,29.8816333,Rwanda,Ruhango
8.0,unknown,Borehole/Tubewell,unknown,Ruhango,1,0.5254922320723927,52.5,-2.14433,29.894002,Rwanda,Ruhango
8.0,unknown,Borehole/Tubewell,unknown,Ruhango,1,0.5254922320723927,52.5,-2.1416188,29.8770555,Rwanda,Ruhango
11.0,Hand Pump - Afridev,Borehole/Tubewell,unknown,Ruhango,1,0.2665785707185879,26.7,-2.1359,29.8782167,Rwanda,Ruhango
11.0,Hand Pump - Afridev,Borehole/Tubewell,unknown,Ruhango,1,0.2665785707185879,26.7,-2.1198,29.8922667,Rwanda,Ruhango
11.0,Hand Pump - Afridev,Borehole/Tubewell,unknown,Ruhango,1,0.2665785707185879,26.7,-2.1159667,29.8821833,Rwanda,Ruhango
8.0,unknown,Borehole/Tubewell,unknown,Ruhango,1,0.5254922320723927,52.5,-2.1490826,29.91587,Rwanda,Ruhango
5.0,Public Tapstand,unknown,unknown,Kicukiro,1,0.4091365696229732,40.9,-1.9739834000000076,30.12117789999999,Rwanda,Kicukiro
8.0,unknown,Borehole/Tubewell,unknown,Kamonyi,1,0.07854950399128657,7.9,-2.106207,29.937368,Rwanda,Kamonyi
8.0,unknown,Borehole/Tubewell,unknown,Kamonyi,1,0.07854950399128657,7.9,-2.10689,29.946406,Rwanda,Kamonyi
8.0,unknown,Protected Well,unknown,Kamonyi,1,0.14877103163129157,14.9,-2.10607,29.94574,Rwanda,Kamonyi
8.0,unknown,Borehole/Tubewell,unknown,Kamonyi,1,0.07854950399128657,7.9,-2.103008,29.95336,Rwanda,Kamonyi
13.0,unknown,Borehole/Tubewell,unknown,Karongi,1,0.020997728113257286,2.1,-2.07675,29.33168333,Rwanda,Karongi
13.0,unknown,Borehole/Tubewell,unknown,Karongi,1,0.020997728113257286,2.1,-2.072133333,29.34246667,Rwanda,Karongi
12.0,Hand Pump - India Mark,Borehole/Tubewell,unknown,Karongi,1,0.003938411475170933,0.4,-2.093583333,29.38576667,Rwanda,Karongi
12.0,Hand Pump - India Mark,Borehole/Tubewell,unknown,Karongi,1,0.003938411475170933,0.4,-2.087466667,29.38161667,Rwanda,Karongi
12.0,Hand Pump - India Mark,Borehole/Tubewell,unknown,Karongi,1,0.003938411475170933,0.4,-2.080566667,29.38486667,Rwanda,Karongi
12.0,Hand Pump - India Mark,Borehole/Tubewell,unknown,Karongi,1,0.003938411475170933,0.4,-2.078166667,29.36036667,Rwanda,Karongi
12.0,Hand Pump - India Mark,Borehole/Tubewell,unknown,Karongi,1,0.003938411475170933,0.4,-2.07955,29.3662,Rwanda,Karongi
13.0,unknown,Borehole/Tubewell,unknown,Karongi,1,0.020997728113257286,2.1,-2.075916667,29.36216667,Rwanda,Karongi
12.0,Hand Pump - India Mark,Borehole/Tubewell,unknown,Karongi,1,0.003938411475170933,0.4,-2.073083333,29.38526667,Rwanda,Karongi
12.0,Hand Pump - India Mark,Borehole/Tubewell,unknown,Karongi,1,0.003938411475170933,0.4,-2.065333333,29.38651667,Rwanda,Karongi
12.0,Hand Pump - India Mark,Borehole/Tubewell,unknown,Karongi,1,0.003938411475170933,0.4,-2.0608,29.38253333,Rwanda,Karongi
12.0,Hand Pump - Afridev,Borehole/Tubewell,unknown,Karongi,1,0.0,0.0,-2.0546,29.36686667,Rwanda,Karongi
12.0,Hand Pump - India Mark,Borehole/Tubewell,unknown,Karongi,1,0.003938411475170933,0.4,-2.0892,29.41693333,Rwanda,Karongi
12.0,Hand Pump - Afridev,Borehole/Tubewell,unknown,Karongi,1,0.0,0.0,-2.0861,29.40973333,Rwanda,Karongi
12.0,Hand Pump - Afridev,Borehole/Tubewell,unknown,Karongi,1,0.0,0.0,-2.083683333,29.40566667,Rwanda,Karongi
13.0,unknown,Borehole/Tubewell,unknown,Karongi,1,0.020997728113257286,2.1,-2.08315,29.41055,Rwanda,Karongi
5.0,Public Tapstand,unknown,unknown,Gicumbi,0,0.5911085120721807,59.1,-1.4499653000000068,29.996801910000016,Rwanda,Gicumbi
13.0,unknown,Borehole/Tubewell,unknown,Karongi,1,0.020997728113257286,2.1,-2.082833333,29.41076667,Rwanda,Karongi
12.0,Hand Pump - India Mark,Borehole/Tubewell,unknown,Karongi,1,0.003938411475170933,0.4,-2.075816667,29.42338333,Rwanda,Karongi
12.0,Hand Pump - Afridev,Borehole/Tubewell,unknown,Karongi,1,0.0,0.0,-2.075383333,29.43483333,Rwanda,Karongi
12.0,Hand Pump - India Mark,Borehole/Tubewell,unknown,Karongi,1,0.003938411475170933,0.4,-2.076616667,29.44161667,Rwanda,Karongi
12.0,Hand Pump - Afridev,Borehole/Tubewell,unknown,Karongi,1,0.0,0.0,-2.075,29.41756667,Rwanda,Karongi
12.0,Hand Pump - Afridev,Borehole/Tubewell,unknown,Karongi,1,0.0,0.0,-2.070016667,29.4003,Rwanda,Karongi
12.0,Hand Pump - India Mark,Borehole/Tubewell,unknown,Karongi,1,0.003938411475170933,0.4,-2.070716667,29.40543333,Rwanda,Karongi
12.0,Hand Pump - Afridev,Borehole/Tubewell,unknown,Karongi,1,0.0,0.0,-2.0721,29.42218333,Rwanda,Karongi
12.0,Hand Pump - India Mark,Borehole/Tubewell,unknown,Karongi,1,0.003938411475170933,0.4,-2.070766667,29.42606667,Rwanda,Karongi
12.0,Hand Pump - India Mark,Borehole/Tubewell,unknown,Karongi,1,0.003938411475170933,0.4,-2.066266667,29.41566667,Rwanda,Karongi
12.0,Hand Pump - Afridev,Borehole/Tubewell,unknown,Karongi,1,0.0,0.0,-2.0604,29.40361667,Rwanda,Karongi
12.0,Hand Pump - India Mark,Borehole/Tubewell,unknown,Karongi,1,0.003938411475170933,0.4,-2.06095,29.40918333,Rwanda,Karongi
12.0,Hand Pump - Afridev,Borehole/Tubewell,unknown,Karongi,1,0.0,0.0,-2.06015,29.42656667,Rwanda,Karongi
12.0,Hand Pump - India Mark,Borehole/Tubewell,unknown,Karongi,1,0.003938411475170933,0.4,-2.055666667,29.40573333,Rwanda,Karongi
12.0,Hand Pump - Afridev,Borehole/Tubewell,unknown,Karongi,1,0.0,0.0,-2.0552,29.40943333,Rwanda,Karongi
12.0,Hand Pump - Afridev,Borehole/Tubewell,unknown,Karongi,1,0.0,0.0,-2.055166667,29.41136667,Rwanda,Karongi
5.0,Public Tapstand,unknown,unknown,Kicukiro,0,0.4091365696229732,40.9,-1.9832462000000104,30.083780099999995,Rwanda,Kicukiro
13.0,Hand Pump - Afridev,Borehole/Tubewell,unknown,Kamonyi,1,0.01619296369367451,1.6,-2.063866667,29.9807,Rwanda,Kamonyi
13.0,Hand Pump - Afridev,Borehole/Tubewell,unknown,Nyarugenge,1,0.0003591531394124825,0.0,-2.055783333,29.99163333,Rwanda,Nyarugenge
12.0,Hand Pump - India Mark,Borehole/Tubewell,unknown,Karongi,1,0.003938411475170933,0.4,-2.049516667,29.3986,Rwanda,Karongi
12.0,Hand Pump - Afridev,Borehole/Tubewell,unknown,Karongi,1,0.0,0.0,-2.04845,29.40445,Rwanda,Karongi
12.0,Hand Pump - Afridev,Borehole/Tubewell,unknown,Karongi,1,0.0,0.0,-2.043866667,29.40471667,Rwanda,Karongi
12.0,Hand Pump - Afridev,Borehole/Tubewell,unknown,Karongi,1,0.0,0.0,-2.04205,29.40636667,Rwanda,Karongi
6.0,Hand Pump - Nira,Rainwater Harvesting,unknown,Bugesera,1,0.0,0.0,-2.354304000000015,30.062799999999992,Rwanda,Bugesera
10.0,Hand Pump - Afridev,Borehole/Tubewell,unknown,Bugesera,1,0.08254959822096963,8.3,-2.361417,30.289017,Rwanda,Bugesera
10.0,Hand Pump - Afridev,Borehole/Tubewell,unknown,Bugesera,1,0.08254959822096963,8.3,-2.3611,30.289833,Rwanda,Bugesera
14.0,Motorized Pump,Borehole/Tubewell,unknown,Bugesera,1,0.007992202643976598,0.8,-2.318901,30.017003,Rwanda,Bugesera
13.0,Hand Pump - India Mark,Borehole/Tubewell,unknown,Kirehe,1,0.0003591531394124825,0.0,-2.31825,30.76133333,Rwanda,Kirehe
6.0,unknown,Borehole/Tubewell,unknown,Bugesera,1,0.016562739379796243,1.7,-2.297579,30.046577,Rwanda,Bugesera
7.0,unknown,Borehole/Tubewell,unknown,Bugesera,1,0.0383367299490478,3.8,-2.29696,30.2588,Rwanda,Bugesera
11.0,Hand Pump - Afridev,Borehole/Tubewell,unknown,Kirehe,1,0.024076882159255297,2.4,-2.2996833,30.8271667,Rwanda,Kirehe
7.0,unknown,Borehole/Tubewell,unknown,Ngoma,1,0.4828641480339141,48.3,-2.20282,30.41744,Rwanda,Ngoma
7.0,unknown,Borehole/Tubewell,unknown,Ngoma,1,0.4828641480339141,48.3,-2.22154,30.47684,Rwanda,Ngoma
12.0,Hand Pump - India Mark,Borehole/Tubewell,unknown,Ngoma,1,0.00330455901090132,0.3,-2.2426,30.54711667,Rwanda,Ngoma
12.0,Hand Pump - India Mark,Borehole/Tubewell,unknown,Ngoma,1,0.00330455901090132,0.3,-2.232416667,30.54846667,Rwanda,Ngoma
5.0,unknown,Rainwater Harvesting,unknown,Bugesera,1,0.09890051196920358,9.9,-2.1853920000000144,30.095887999999977,Rwanda,Bugesera
9.0,unknown,Borehole/Tubewell,unknown,Bugesera,1,0.012116665306224905,1.2,-2.160517,30.072983,Rwanda,Bugesera
5.0,Hand Pump - Nira,Rainwater Harvesting,unknown,Bugesera,1,0.009113331997624874,0.9,-2.1596260000000154,30.102150999999985,Rwanda,Bugesera
7.0,unknown,Protected Well,unknown,Bugesera,1,0.00314843892803085,0.3,-2.198694,30.199084,Rwanda,Bugesera
17.0,Public Tapstand,Piped Water,unknown,Kicukiro,1,0.8604678470912204,86.0,-1.9987983333333332,30.191073333333332,Rwanda,Kicukiro
7.0,Hand Pump - Nira,Rainwater Harvesting,unknown,Bugesera,1,0.0,0.0,-2.199539,30.205523,Rwanda,Bugesera
6.0,Hand Pump - Nira,Rainwater Harvesting,unknown,Bugesera,1,0.0,0.0,-2.159523000000015,30.231496999999994,Rwanda,Bugesera
12.0,Hand Pump - Afridev,Borehole/Tubewell,unknown,Ngoma,1,0.0,0.0,-2.18835,30.2912,Rwanda,Ngoma
12.0,Hand Pump - India Mark,Borehole/Tubewell,unknown,Ngoma,1,0.00330455901090132,0.3,-2.191216667,30.30006667,Rwanda,Ngoma
8.0,Public Tapstand,unknown,unknown,Kicukiro,1,0.7232419717831573,72.3,-1.992771491,30.19262013,Rwanda,Kicukiro
12.0,Hand Pump - Afridev,Borehole/Tubewell,unknown,Ngoma,1,0.0,0.0,-2.16325,30.30793333,Rwanda,Ngoma
12.0,Hand Pump - India Mark,Borehole/Tubewell,unknown,Ngoma,1,0.00330455901090132,0.3,-2.158033333,30.5854,Rwanda,Ngoma
7.0,Hand Pump - Nira,Rainwater Harvesting,unknown,Bugesera,1,0.0,0.0,-2.109683,30.067292,Rwanda,Bugesera
8.0,unknown,Borehole/Tubewell,unknown,Bugesera,1,0.12114638721665472,12.1,-2.10147,30.0827,Rwanda,Bugesera
5.0,Public Tapstand,unknown,unknown,Kicukiro,1,0.4091365696229732,40.9,-1.9732129000000143,30.160996299999994,Rwanda,Kicukiro
7.0,Hand Pump - Nira,Rainwater Harvesting,unknown,Bugesera,1,0.0,0.0,-2.101375,30.189358,Rwanda,Bugesera
14.0,Motorized Pump,Borehole/Tubewell,unknown,Bugesera,1,0.007992202643976598,0.8,-2.145696,30.244337,Rwanda,Bugesera
14.0,Motorized Pump,Borehole/Tubewell,unknown,Bugesera,1,0.007992202643976598,0.8,-2.135597,30.23495,Rwanda,Bugesera
14.0,Motorized Pump,Borehole/Tubewell,unknown,Bugesera,1,0.007992202643976598,0.8,-2.107234,30.251365,Rwanda,Bugesera
12.0,Hand Pump - India Mark,Borehole/Tubewell,unknown,Ngoma,1,0.00330455901090132,0.3,-2.1401,30.59971667,Rwanda,Ngoma
12.0,Hand Pump - India Mark,Borehole/Tubewell,unknown,Ngoma,1,0.00330455901090132,0.3,-2.12625,30.59685,Rwanda,Ngoma
13.0,Hand Pump - India Mark,Borehole/Tubewell,unknown,Ngoma,1,0.0003591531394124825,0.0,-2.1245,30.56078333,Rwanda,Ngoma
13.0,Hand Pump - India Mark,Borehole/Tubewell,unknown,Ngoma,1,0.0003591531394124825,0.0,-2.14315,30.60703333,Rwanda,Ngoma
13.0,Hand Pump - Afridev,Borehole/Tubewell,unknown,Nyarugenge,1,0.0003591531394124825,0.0,-2.064333333,30.00745,Rwanda,Nyarugenge
13.0,Hand Pump - Afridev,Borehole/Tubewell,unknown,Nyarugenge,1,0.0003591531394124825,0.0,-2.06115,30.03233333,Rwanda,Nyarugenge
5.0,unknown,Rainwater Harvesting,unknown,Bugesera,1,0.09890051196920358,9.9,-2.078421000000014,30.092108999999997,Rwanda,Bugesera
13.0,Hand Pump - Afridev,Borehole/Tubewell,unknown,Nyarugenge,1,0.0003591531394124825,0.0,-2.05085,30.05575,Rwanda,Nyarugenge
12.0,Hand Pump - India Mark,Borehole/Tubewell,unknown,Bugesera,1,0.4222499478810636,42.2,-2.062,30.173879,Rwanda,Bugesera
12.0,Hand Pump - India Mark,Borehole/Tubewell,unknown,Bugesera,1,0.4222499478810636,42.2,-2.093,30.244,Rwanda,Bugesera
13.0,Hand Pump - India Mark,Borehole/Tubewell,unknown,Bugesera,1,0.17372739725538722,17.4,-2.079611,30.210109,Rwanda,Bugesera
8.0,unknown,Protected Well,unknown,Kicukiro,1,0.4930239632249813,49.3,-2.026390412,30.07909739,Rwanda,Kicukiro
36.0,unknown,Protected Well,unknown,Kicukiro,1,0.060929433457153404,6.1,-2.0220833333333332,30.096288333333337,Rwanda,Kicukiro
41.0,unknown,Protected Well,unknown,Kicukiro,1,0.03311966946186029,3.3,-2.022,30.09651666666667,Rwanda,Kicukiro
8.0,unknown,Rainwater Harvesting,unknown,Kicukiro,1,0.381386075365046,38.1,-2.042469939,30.11303974,Rwanda,Kicukiro
12.0,Hand Pump - Afridev,Borehole/Tubewell,unknown,Kicukiro,1,0.00099028737358553,0.1,-2.02725,30.13661667,Rwanda,Kicukiro
8.0,unknown,Rainwater Harvesting,unknown,Kicukiro,1,0.381386075365046,38.1,-2.023607213,30.11399074,Rwanda,Kicukiro
5.0,Hand Pump - Afridev,Protected Well,unknown,Kicukiro,1,0.005649229580696247,0.6,-2.024102280000017,30.13144786000001,Rwanda,Kicukiro
17.0,Hand Pump - Afridev,Protected Well,Community Management,Kicukiro,1,0.28109727253726824,28.1,-2.02403385,30.13158117,Rwanda,Kicukiro
13.0,unknown,Rainwater Harvesting,unknown,Kicukiro,1,0.6311558531407521,63.1,-2.0179898105479,30.1049128158343,Rwanda,Kicukiro
5.0,Hand Pump - Afridev,Protected Well,unknown,Kicukiro,1,0.005649229580696247,0.6,-2.0129127,30.1313097,Rwanda,Kicukiro
16.0,unknown,Protected Well,Private Operator/Delegated Management,Kicukiro,1,0.024111981442052843,2.4,-2.0120066666666667,30.128596666666667,Rwanda,Kicukiro
8.0,unknown,Protected Well,unknown,Kicukiro,1,0.4930239632249813,49.3,-2.008159911,30.11453016,Rwanda,Kicukiro
8.0,unknown,Rainwater Harvesting,unknown,Kicukiro,1,0.381386075365046,38.1,-2.009290868,30.14267523,Rwanda,Kicukiro
8.0,unknown,Protected Well,unknown,Kicukiro,1,0.4930239632249813,49.3,-2.006906342,30.12329098,Rwanda,Kicukiro
16.0,unknown,Protected Spring,unknown,Kicukiro,1,0.20418784542633595,20.4,-2.013233418918504,30.188369779530927,Rwanda,Kicukiro
5.0,Hand Pump - Afridev,Protected Well,unknown,Kicukiro,1,0.005649229580696247,0.6,-2.010316400000009,30.152598900000008,Rwanda,Kicukiro
11.0,Hand Pump - Afridev,Borehole/Tubewell,unknown,Rutsiro,1,0.09676231949766245,9.7,-1.9019167,29.3079667,Rwanda,Rutsiro
16.0,unknown,Protected Well,unknown,Nyarugenge,1,0.05677680492557613,5.7,-1.907311111111111,29.992463333333333,Rwanda,Nyarugenge
8.0,Public Tapstand,Protected Well,unknown,Rulindo,1,0.3043943914691625,30.4,-1.903670605,29.97246796,Rwanda,Rulindo
11.0,Hand Pump,Sand or Sub-surface Dam,No Management,Rulindo,1,0.7472183055906715,74.7,-1.9037155555555554,29.972458611111108,Rwanda,Rulindo
20.0,Hand Pump,Sand or Sub-surface Dam,Private Operator/Delegated Management,Rulindo,1,0.0653223755685749,6.5,-1.8781558333333335,29.9434075,Rwanda,Rulindo
13.0,Hand Pump,Sand or Sub-surface Dam,No Management,Rulindo,1,0.6537586543758231,65.4,-1.8703502777777778,29.941440555555555,Rwanda,Rulindo
11.0,Hand Pump,Sand or Sub-surface Dam,Private Operator/Delegated Management,Rulindo,1,0.5450262229463113,54.5,-1.8633466666666667,29.927489444444447,Rwanda,Rulindo
23.0,unknown,Protected Well,unknown,Rulindo,1,0.1487144157836966,14.9,-1.8565225,29.91185361111111,Rwanda,Rulindo
48.0,unknown,Protected Well,unknown,Rulindo,1,0.012336329645811328,1.2,-1.855870866,29.94149729,Rwanda,Rulindo
14.0,Hand Pump,Sand or Sub-surface Dam,Private Operator/Delegated Management,Rulindo,1,0.4605219678202912,46.1,-1.8522122222222224,29.935531944444445,Rwanda,Rulindo
48.0,unknown,Protected Well,unknown,Rulindo,1,0.012336329645811328,1.2,-1.8510911111111112,29.938175833333332,Rwanda,Rulindo
20.0,unknown,Protected Well,unknown,Rulindo,1,0.14215744950697362,14.2,-1.851478888888889,29.94817,Rwanda,Rulindo
16.0,unknown,Protected Well,unknown,Rulindo,1,0.08064445061676606,8.1,-1.8996502777777777,29.98745166666667,Rwanda,Rulindo
46.0,unknown,Protected Well,unknown,Rulindo,1,0.012336329645811328,1.2,-1.8926383333333332,29.9705725,Rwanda,Rulindo
13.0,Hand Pump,Sand or Sub-surface Dam,Private Operator/Delegated Management,Rulindo,1,0.2676316353010735,26.8,-1.8915955555555555,29.973768888888888,Rwanda,Rulindo
5.0,unknown,Protected Well,unknown,Rulindo,1,0.008564511579654988,0.9,-1.8874830000000062,29.957713599999998,Rwanda,Rulindo
5.0,unknown,Protected Well,unknown,Rulindo,1,0.008564511579654988,0.9,-1.885391999999995,29.952306399999994,Rwanda,Rulindo
23.0,unknown,Protected Well,unknown,Rulindo,1,0.1487144157836966,14.9,-1.8820230555555555,29.954375555555554,Rwanda,Rulindo
11.0,Hand Pump,Sand or Sub-surface Dam,Private Operator/Delegated Management,Rulindo,1,0.5450262229463113,54.5,-1.8732483333333334,29.974988611111108,Rwanda,Rulindo
13.0,Hand Pump,Sand or Sub-surface Dam,Private Operator/Delegated Management,Rulindo,1,0.2676316353010735,26.8,-1.8579886111111112,29.971815,Rwanda,Rulindo
48.0,unknown,Protected Well,unknown,Rulindo,1,0.012336329645811328,1.2,-1.8531169444444446,29.952155555555557,Rwanda,Rulindo
14.0,Hand Pump,Sand or Sub-surface Dam,No Management,Rulindo,1,0.6710059497889613,67.1,-1.852068888888889,29.982487499999998,Rwanda,Rulindo
23.0,unknown,Protected Well,unknown,Rulindo,1,0.1487144157836966,14.9,-1.8482997222222224,29.912095277777777,Rwanda,Rulindo
5.0,Public Tapstand,Protected Well,unknown,Rulindo,1,0.4668699370214914,46.7,-1.845423300000012,29.93750089999999,Rwanda,Rulindo
34.0,unknown,Protected Well,unknown,Rulindo,1,0.14135080463346295,14.1,-1.8435419444444445,29.91011861111111,Rwanda,Rulindo
5.0,Public Tapstand,Protected Well,Community Management,Rulindo,1,0.043711209128457384,4.4,-1.844159800000016,29.922506599999995,Rwanda,Rulindo
13.0,Hand Pump,Sand or Sub-surface Dam,Private Operator/Delegated Management,Rulindo,1,0.2676316353010735,26.8,-1.8426608333333334,29.93902361111111,Rwanda,Rulindo
20.0,Public Tapstand,Protected Well,unknown,Rulindo,1,0.02921950197893841,2.9,-1.84490361,29.94773226,Rwanda,Rulindo
34.0,unknown,Protected Well,unknown,Rulindo,1,0.14135080463346295,14.1,-1.8412180555555557,29.919631666666668,Rwanda,Rulindo
48.0,unknown,Protected Well,unknown,Rulindo,1,0.012336329645811328,1.2,-1.8410133333333334,29.928742500000002,Rwanda,Rulindo
41.0,unknown,Protected Well,unknown,Rulindo,1,0.480605676764294,48.1,-1.8422180555555556,29.931681944444446,Rwanda,Rulindo
20.0,unknown,Protected Well,unknown,Rulindo,1,0.14215744950697362,14.2,-1.8404544444444446,29.93621638888889,Rwanda,Rulindo
19.0,unknown,Protected Well,Community Management,Rulindo,1,0.04132275097534566,4.1,-1.840425112,29.93640198,Rwanda,Rulindo
30.0,unknown,Protected Well,unknown,Rulindo,1,0.03848969929514989,3.8,-1.8358469444444445,29.91634722222222,Rwanda,Rulindo
30.0,unknown,Protected Well,unknown,Rulindo,1,0.03848969929514989,3.8,-1.835506388888889,29.915143333333333,Rwanda,Rulindo
13.0,Hand Pump,Sand or Sub-surface Dam,Private Operator/Delegated Management,Rulindo,1,0.2676316353010735,26.8,-1.8356661111111112,29.93067166666667,Rwanda,Rulindo
30.0,unknown,Protected Well,unknown,Rulindo,1,0.03848969929514989,3.8,-1.82577575,29.91009845,Rwanda,Rulindo
8.0,unknown,Protected Well,unknown,Rulindo,1,0.3717300062976705,37.2,-1.82696016,29.91307328,Rwanda,Rulindo
29.0,unknown,Protected Well,unknown,Rulindo,1,0.04084628142368707,4.1,-1.8268725,29.912976666666665,Rwanda,Rulindo
30.0,unknown,Protected Well,unknown,Rulindo,1,0.03848969929514989,3.8,-1.8272777777777778,29.922046666666667,Rwanda,Rulindo
30.0,unknown,Protected Well,unknown,Rulindo,1,0.03848969929514989,3.8,-1.825863888888889,29.923186944444446,Rwanda,Rulindo
30.0,unknown,Protected Well,unknown,Rulindo,1,0.03848969929514989,3.8,-1.8251047222222223,29.925296944444444,Rwanda,Rulindo
30.0,unknown,Protected Well,unknown,Rulindo,1,0.03848969929514989,3.8,-1.82196145,29.9090449,Rwanda,Rulindo
34.0,unknown,Protected Well,unknown,Rulindo,1,0.14135080463346295,14.1,-1.822385,29.92652333333333,Rwanda,Rulindo
30.0,unknown,Protected Well,unknown,Rulindo,1,0.03848969929514989,3.8,-1.8223425,29.926328055555558,Rwanda,Rulindo
29.0,unknown,Protected Well,unknown,Rulindo,1,0.04084628142368707,4.1,-1.8179647222222222,29.915780555555553,Rwanda,Rulindo
27.0,unknown,Protected Well,unknown,Rulindo,1,0.11226564839472719,11.2,-1.8162069444444444,29.91889777777778,Rwanda,Rulindo
29.0,unknown,Protected Well,unknown,Rulindo,1,0.04084628142368707,4.1,-1.8157469444444445,29.91963,Rwanda,Rulindo
11.0,Hand Pump,Sand or Sub-surface Dam,Private Operator/Delegated Management,Rulindo,1,0.5450262229463113,54.5,-1.8122855555555557,29.938130833333332,Rwanda,Rulindo
8.0,Public Tapstand,Protected Well,unknown,Rulindo,1,0.3043943914691625,30.4,-1.80666043,29.9384123,Rwanda,Rulindo
30.0,unknown,Protected Well,unknown,Rulindo,1,0.03848969929514989,3.8,-1.8047,29.927841111111114,Rwanda,Rulindo
39.0,unknown,Protected Well,unknown,Rulindo,1,0.2844155712083617,28.4,-1.84413429,29.99619508,Rwanda,Rulindo
27.0,unknown,Protected Well,unknown,Rulindo,1,0.11226564839472719,11.2,-1.8410130555555557,29.982215555555555,Rwanda,Rulindo
5.0,Public Tapstand,Protected Well,unknown,Rulindo,1,0.4668699370214914,46.7,-1.8415403000000143,29.990385039999985,Rwanda,Rulindo
18.0,unknown,Protected Well,unknown,Rulindo,1,0.20925507995329984,20.9,-1.8414622222222223,29.990254444444446,Rwanda,Rulindo
27.0,unknown,Protected Well,unknown,Rulindo,1,0.11226564839472719,11.2,-1.83938681,29.96365365,Rwanda,Rulindo
8.0,Public Tapstand,unknown,unknown,Kicukiro,1,0.7232419717831573,72.3,-2.032673955,30.10794795,Rwanda,Kicukiro
8.0,Public Tapstand,unknown,unknown,Rulindo,1,0.6088340195620978,60.9,-1.79458539,30.04137655,Rwanda,Rulindo
33.0,unknown,Protected Well,unknown,Rulindo,1,0.039646258443852944,4.0,-1.8376000000000001,29.965453333333336,Rwanda,Rulindo
12.0,Hand Pump,Sand or Sub-surface Dam,Private Operator/Delegated Management,Rulindo,1,0.7183694442361668,71.8,-1.8388480555555557,29.985846666666667,Rwanda,Rulindo
16.0,unknown,Protected Well,unknown,Rulindo,1,0.08064445061676606,8.1,-1.83732134,29.96515762,Rwanda,Rulindo
11.0,Hand Pump,Sand or Sub-surface Dam,Private Operator/Delegated Management,Rulindo,1,0.5450262229463113,54.5,-1.8348075000000001,29.951355833333334,Rwanda,Rulindo
30.0,unknown,Protected Well,unknown,Rulindo,1,0.03848969929514989,3.8,-1.8326808333333333,29.96753,Rwanda,Rulindo
19.0,unknown,Protected Well,unknown,Rulindo,1,0.09997693633294313,10.0,-1.8343786111111113,29.986548055555556,Rwanda,Rulindo
26.0,unknown,Protected Well,unknown,Rulindo,1,0.15391247184019097,15.4,-1.8300233333333333,29.989778333333334,Rwanda,Rulindo
8.0,Public Tapstand,unknown,unknown,Rulindo,1,0.6088340195620978,60.9,-1.7795351,30.00016917,Rwanda,Rulindo
29.0,unknown,Protected Well,unknown,Rulindo,1,0.04084628142368707,4.1,-1.82983445,29.9904338,Rwanda,Rulindo
28.0,unknown,Protected Well,unknown,Rulindo,1,0.08387280796021801,8.4,-1.8262085464984884,29.97993944646862,Rwanda,Rulindo
19.0,unknown,Protected Well,unknown,Rulindo,1,0.09997693633294313,10.0,-1.8264955555555555,29.982080277777776,Rwanda,Rulindo
28.0,Public Tapstand,Protected Well,unknown,Rulindo,1,0.014404730561102141,1.4,-1.82695974,29.98434972,Rwanda,Rulindo
44.0,unknown,Protected Well,unknown,Rulindo,1,0.14916156994134644,14.9,-1.8269283333333335,29.98447,Rwanda,Rulindo
29.0,unknown,Protected Well,unknown,Rulindo,1,0.04084628142368707,4.1,-1.827146879494994,29.98524097856489,Rwanda,Rulindo
11.0,unknown,Protected Well,Private Operator/Delegated Management,Rulindo,1,0.13041540718765798,13.0,-1.8246916666666668,29.984234999999998,Rwanda,Rulindo
24.0,unknown,Protected Well,unknown,Rulindo,1,0.11161163644391181,11.2,-1.8219055519150842,29.962892699078584,Rwanda,Rulindo
8.0,Public Tapstand,unknown,unknown,Kicukiro,1,0.7232419717831573,72.3,-2.03679507,30.08569261,Rwanda,Kicukiro
22.0,unknown,Protected Well,unknown,Rulindo,1,0.10226495418795256,10.2,-1.8188544444444443,29.972928611111108,Rwanda,Rulindo
19.0,unknown,Protected Well,unknown,Rulindo,1,0.09997693633294313,10.0,-1.81969158,29.98294932,Rwanda,Rulindo
19.0,unknown,Protected Well,unknown,Rulindo,1,0.09997693633294313,10.0,-1.818056111111111,29.990312777777778,Rwanda,Rulindo
28.0,unknown,Protected Well,unknown,Rulindo,1,0.08387280796021801,8.4,-1.8165300000000002,29.991183333333332,Rwanda,Rulindo
30.0,unknown,Protected Well,unknown,Rulindo,1,0.03848969929514989,3.8,-1.81467591,29.95546167,Rwanda,Rulindo
28.0,unknown,Protected Well,unknown,Rulindo,1,0.08387280796021801,8.4,-1.8125680555555557,29.977774166666666,Rwanda,Rulindo
27.0,unknown,Protected Well,unknown,Rulindo,1,0.11226564839472719,11.2,-1.8087069444444446,29.964565,Rwanda,Rulindo
8.0,Public Tapstand,Protected Well,unknown,Rulindo,1,0.3043943914691625,30.4,-1.80847171,29.96444525,Rwanda,Rulindo
28.0,unknown,Protected Well,unknown,Rulindo,1,0.08387280796021801,8.4,-1.8092408333333334,29.998452500000003,Rwanda,Rulindo
5.0,Public Tapstand,unknown,unknown,Kicukiro,1,0.4091365696229732,40.9,-2.007842790000007,30.090643589999996,Rwanda,Kicukiro
29.0,unknown,Protected Well,unknown,Rulindo,1,0.04084628142368707,4.1,-1.80389242,29.99053011,Rwanda,Rulindo
22.0,unknown,Protected Well,unknown,Rulindo,1,0.10226495418795256,10.2,-1.7984155555555554,29.947277500000002,Rwanda,Rulindo
16.0,unknown,Protected Well,unknown,Rulindo,1,0.08064445061676606,8.1,-1.7951708333333332,29.930153333333333,Rwanda,Rulindo
16.0,unknown,Protected Well,unknown,Rulindo,1,0.08064445061676606,8.1,-1.7932994444444443,29.930086944444447,Rwanda,Rulindo
50.0,unknown,Protected Well,unknown,Rulindo,1,0.012336329645811328,1.2,-1.7928302119932533,29.94507719723655,Rwanda,Rulindo
28.0,unknown,Protected Well,unknown,Rulindo,1,0.08387280796021801,8.4,-1.790356048899261,29.93535408546599,Rwanda,Rulindo
27.0,unknown,Protected Well,unknown,Rulindo,1,0.11226564839472719,11.2,-1.783808456444809,29.93691012444781,Rwanda,Rulindo
5.0,unknown,Protected Well,unknown,Rulindo,1,0.008564511579654988,0.9,-1.7804950000000146,29.945595599999987,Rwanda,Rulindo
8.0,unknown,Protected Well,unknown,Rulindo,1,0.3717300062976705,37.2,-1.77810813,29.92241976,Rwanda,Rulindo
29.0,unknown,Protected Well,unknown,Rulindo,1,0.04084628142368707,4.1,-1.778064472213694,29.9326304402259,Rwanda,Rulindo
35.0,Public Tapstand,Protected Well,unknown,Rulindo,1,0.18158470277438554,18.2,-1.77634011,29.9294875,Rwanda,Rulindo
19.0,unknown,Protected Well,unknown,Rulindo,1,0.09997693633294313,10.0,-1.77163875,29.93101863,Rwanda,Rulindo
12.0,Public Tapstand,Sand or Sub-surface Dam,Private Operator/Delegated Management,Rulindo,1,0.23110417695356444,23.1,-1.77222692,29.94575363,Rwanda,Rulindo
16.0,unknown,Protected Well,unknown,Rulindo,1,0.08064445061676606,8.1,-1.7697183333333333,29.920556944444446,Rwanda,Rulindo
19.0,Public Tapstand,Protected Well,unknown,Rulindo,1,0.03722565315513293,3.7,-1.76872071,29.92935615,Rwanda,Rulindo
21.0,unknown,Protected Well,Community Management,Rulindo,1,0.046629626119719214,4.7,-1.7684387558032792,29.929036278131626,Rwanda,Rulindo
5.0,unknown,Protected Well,unknown,Rulindo,1,0.008564511579654988,0.9,-1.7683016000000038,29.9446695,Rwanda,Rulindo
28.0,unknown,Protected Well,unknown,Rulindo,1,0.08387280796021801,8.4,-1.76630896,29.93601175,Rwanda,Rulindo
28.0,unknown,Protected Well,unknown,Rulindo,1,0.08387280796021801,8.4,-1.764201111111111,29.92786027777778,Rwanda,Rulindo
28.0,unknown,Protected Well,unknown,Rulindo,1,0.08387280796021801,8.4,-1.7636952777777777,29.935564444444445,Rwanda,Rulindo
35.0,unknown,Protected Well,unknown,Rulindo,1,0.047816261762991585,4.8,-1.7616216666666669,29.918063333333333,Rwanda,Rulindo
28.0,unknown,Protected Well,unknown,Rulindo,1,0.08387280796021801,8.4,-1.7612041666666667,29.93200777777778,Rwanda,Rulindo
8.0,unknown,Protected Well,unknown,Rulindo,1,0.3717300062976705,37.2,-1.761189814,29.93208504,Rwanda,Rulindo
20.0,unknown,Protected Well,unknown,Rulindo,1,0.14215744950697362,14.2,-1.759243749,29.92974534,Rwanda,Rulindo
12.0,unknown,Protected Well,Private Operator/Delegated Management,Rulindo,1,0.09102227614445724,9.1,-1.7597066666666668,29.933753333333335,Rwanda,Rulindo
12.0,unknown,Protected Well,unknown,Rulindo,1,0.46556121466815137,46.6,-1.7582566666666666,29.933988333333332,Rwanda,Rulindo
19.0,unknown,Protected Well,unknown,Rulindo,1,0.09997693633294313,10.0,-1.7552386111111111,29.93042138888889,Rwanda,Rulindo
20.0,unknown,Protected Well,unknown,Rulindo,1,0.14215744950697362,14.2,-1.7531227777777778,29.921918611111114,Rwanda,Rulindo
20.0,unknown,Protected Well,unknown,Rulindo,1,0.14215744950697362,14.2,-1.7546694444444444,29.92361027777778,Rwanda,Rulindo
12.0,Hand Pump,Sand or Sub-surface Dam,Private Operator/Delegated Management,Rulindo,1,0.7183694442361668,71.8,-1.7522644444444444,29.908023333333333,Rwanda,Rulindo
5.0,Public Tapstand,unknown,unknown,Kicukiro,1,0.4091365696229732,40.9,-2.0312307000000023,30.214293200000004,Rwanda,Kicukiro
8.0,Public Tapstand,Protected Well,unknown,Rulindo,1,0.3043943914691625,30.4,-1.79776684,29.96043494,Rwanda,Rulindo
28.0,unknown,Protected Well,unknown,Rulindo,1,0.08387280796021801,8.4,-1.79425793,29.98639549,Rwanda,Rulindo
48.0,unknown,Protected Well,unknown,Rulindo,1,0.012336329645811328,1.2,-1.7923327777777776,29.971145277777776,Rwanda,Rulindo
38.0,unknown,Protected Well,unknown,Rulindo,1,0.2022139463148589,20.2,-1.79031073,29.97277088,Rwanda,Rulindo
56.0,unknown,Protected Spring,Community Management,Rulindo,1,0.6842656137035519,68.4,-1.7897883333333335,29.95975333333333,Rwanda,Rulindo
54.0,unknown,Protected Well,unknown,Rulindo,1,0.012336329645811328,1.2,-1.7891588888888887,29.972517777777774,Rwanda,Rulindo
22.0,unknown,Protected Well,unknown,Rulindo,1,0.10226495418795256,10.2,-1.786059867,29.95669644,Rwanda,Rulindo
28.0,unknown,Protected Well,unknown,Rulindo,1,0.08387280796021801,8.4,-1.7856166666666666,29.95624666666667,Rwanda,Rulindo
19.0,unknown,Protected Well,unknown,Rulindo,1,0.09997693633294313,10.0,-1.7873774999999998,29.968972777777775,Rwanda,Rulindo
66.0,unknown,Protected Well,unknown,Rulindo,1,0.008937167408904712,0.9,-1.786445,29.97459333333334,Rwanda,Rulindo
53.0,unknown,Protected Well,unknown,Rulindo,1,0.012336329645811328,1.2,-1.7874119444444443,29.985010000000003,Rwanda,Rulindo
33.0,unknown,Protected Well,unknown,Rulindo,1,0.039646258443852944,4.0,-1.7806691666666665,29.969392222222222,Rwanda,Rulindo
28.0,Public Tapstand,Protected Well,unknown,Rulindo,1,0.014404730561102141,1.4,-1.7750479,29.96472081,Rwanda,Rulindo
55.0,unknown,Protected Well,unknown,Rulindo,1,0.013513602916921497,1.4,-1.7771377777777777,29.96848194444444,Rwanda,Rulindo
8.0,Public Tapstand,unknown,unknown,Rulindo,0,0.6088340195620978,60.9,-1.796359952,30.00305997,Rwanda,Rulindo
29.0,unknown,Protected Well,unknown,Rulindo,1,0.04084628142368707,4.1,-1.777239766,29.98628267,Rwanda,Rulindo
8.0,unknown,Protected Well,unknown,Rulindo,1,0.3717300062976705,37.2,-1.77288627,29.96550975,Rwanda,Rulindo
30.0,unknown,Protected Well,Community Management,Rulindo,1,0.0125819441402929,1.3,-1.7733883333333333,29.995773333333332,Rwanda,Rulindo
21.0,unknown,Protected Well,unknown,Rulindo,1,0.10226495418795256,10.2,-1.77310308,29.9962708,Rwanda,Rulindo
8.0,unknown,Protected Well,unknown,Rulindo,1,0.3717300062976705,37.2,-1.77242685,29.96309173,Rwanda,Rulindo
19.0,unknown,Protected Well,unknown,Rulindo,1,0.09997693633294313,10.0,-1.7705093826047573,29.967237509495654,Rwanda,Rulindo
28.0,unknown,Protected Well,unknown,Rulindo,1,0.08387280796021801,8.4,-1.770876111111111,29.968642499999998,Rwanda,Rulindo
21.0,unknown,Protected Well,unknown,Rulindo,1,0.10226495418795256,10.2,-1.7709930555555555,29.99227888888889,Rwanda,Rulindo
42.0,unknown,Protected Well,unknown,Rulindo,1,0.2378962048862514,23.8,-1.765633888888889,29.962747222222223,Rwanda,Rulindo
19.0,unknown,Protected Well,unknown,Rulindo,1,0.09997693633294313,10.0,-1.7671755555555555,29.982571388888886,Rwanda,Rulindo
19.0,unknown,Protected Well,unknown,Rulindo,1,0.09997693633294313,10.0,-1.7670133333333333,29.982625,Rwanda,Rulindo
24.0,unknown,Protected Well,unknown,Rulindo,1,0.11161163644391181,11.2,-1.764666388888889,29.95995138888889,Rwanda,Rulindo
29.0,Public Tapstand,Protected Well,unknown,Rulindo,1,0.019024719867534623,1.9,-1.76484008,29.96018694,Rwanda,Rulindo
28.0,unknown,Protected Well,unknown,Rulindo,1,0.08387280796021801,8.4,-1.760850144,29.97163026,Rwanda,Rulindo
21.0,unknown,Protected Well,unknown,Rulindo,1,0.10226495418795256,10.2,-1.7615322114440037,29.990587788945966,Rwanda,Rulindo
16.0,unknown,Protected Well,Community Management,Rulindo,1,0.01952480576701232,2.0,-1.7612799999999997,29.990090000000002,Rwanda,Rulindo
50.0,unknown,Protected Well,unknown,Rulindo,1,0.012336329645811328,1.2,-1.7575075,29.95993972222222,Rwanda,Rulindo
43.0,unknown,Protected Well,unknown,Rulindo,1,0.08720836434409895,8.7,-1.759286111111111,29.966076388888887,Rwanda,Rulindo
29.0,unknown,Protected Well,unknown,Rulindo,1,0.04084628142368707,4.1,-1.7540780555555555,29.974881666666665,Rwanda,Rulindo
28.0,unknown,Protected Well,unknown,Rulindo,1,0.08387280796021801,8.4,-1.7524397222222223,29.95123138888889,Rwanda,Rulindo
28.0,unknown,Protected Well,unknown,Rulindo,1,0.08387280796021801,8.4,-1.7519277777777778,29.95142111111111,Rwanda,Rulindo
32.0,unknown,Protected Well,unknown,Rulindo,1,0.03848969929514989,3.8,-1.75195,29.960803055555555,Rwanda,Rulindo
8.0,unknown,Protected Well,unknown,Rulindo,1,0.3717300062976705,37.2,-1.75056334,29.98401082,Rwanda,Rulindo
8.0,unknown,Protected Well,unknown,Rulindo,1,0.3717300062976705,37.2,-1.75054434,29.9859645,Rwanda,Rulindo
16.0,unknown,Protected Well,unknown,Rulindo,1,0.08064445061676606,8.1,-1.7498133333333334,29.92781166666667,Rwanda,Rulindo
20.0,unknown,Protected Well,unknown,Rulindo,1,0.14215744950697362,14.2,-1.746376388888889,29.920456666666666,Rwanda,Rulindo
46.0,unknown,Protected Well,Community Management,Rulindo,1,0.06684732215621214,6.7,-1.74630885,29.92033765,Rwanda,Rulindo
28.0,unknown,Protected Well,unknown,Rulindo,1,0.08387280796021801,8.4,-1.7465499594601253,29.922719287442274,Rwanda,Rulindo
39.0,unknown,Protected Well,unknown,Rulindo,1,0.2844155712083617,28.4,-1.7474372222222223,29.943475,Rwanda,Rulindo
27.0,unknown,Protected Well,unknown,Rulindo,1,0.11226564839472719,11.2,-1.7435422222222223,29.919108333333334,Rwanda,Rulindo
8.0,Public Tapstand,unknown,unknown,Rulindo,1,0.6088340195620978,60.9,-1.82901703,29.92636325,Rwanda,Rulindo
8.0,Public Tapstand,unknown,unknown,Rulindo,1,0.6088340195620978,60.9,-1.749754842,30.07140774,Rwanda,Rulindo
48.0,unknown,Protected Well,unknown,Rulindo,1,0.012336329645811328,1.2,-1.7433183333333333,29.918725000000002,Rwanda,Rulindo
30.0,unknown,Protected Well,unknown,Rulindo,1,0.03848969929514989,3.8,-1.74319331,29.92091828,Rwanda,Rulindo
8.0,Public Tapstand,unknown,unknown,Rulindo,0,0.6088340195620978,60.9,-1.72849241,30.07309988,Rwanda,Rulindo
22.0,unknown,Protected Well,unknown,Rulindo,1,0.10226495418795256,10.2,-1.7410097222222223,29.93618222222222,Rwanda,Rulindo
27.0,unknown,Protected Well,unknown,Rulindo,1,0.11226564839472719,11.2,-1.7420036111111112,29.94994722222222,Rwanda,Rulindo
20.0,unknown,Protected Well,unknown,Rulindo,1,0.14215744950697362,14.2,-1.7383347222222223,29.91890666666667,Rwanda,Rulindo
10.0,Hand Pump,Sand or Sub-surface Dam,Private Operator/Delegated Management,Rulindo,1,0.5114512860658506,51.1,-1.7387844444444445,29.939417777777777,Rwanda,Rulindo
8.0,Public Tapstand,unknown,unknown,Gicumbi,0,0.6553695175834133,65.5,-1.735478459,30.2485799,Rwanda,Gicumbi
24.0,unknown,Protected Well,unknown,Rulindo,1,0.11161163644391181,11.2,-1.73989789,29.9466243,Rwanda,Rulindo
46.0,unknown,Protected Well,unknown,Rulindo,1,0.012336329645811328,1.2,-1.7359949999999997,29.921208333333333,Rwanda,Rulindo
28.0,unknown,Protected Well,unknown,Rulindo,1,0.08387280796021801,8.4,-1.7355166666666668,29.921345833333334,Rwanda,Rulindo
8.0,Public Tapstand,unknown,unknown,Gicumbi,1,0.6553695175834133,65.5,-1.705616136,30.13340301,Rwanda,Gicumbi
36.0,unknown,Protected Well,unknown,Rulindo,1,0.047816261762991585,4.8,-1.7353999999999998,29.921554999999998,Rwanda,Rulindo
20.0,unknown,Protected Well,unknown,Rulindo,1,0.14215744950697362,14.2,-1.735021666666667,29.921223333333334,Rwanda,Rulindo
36.0,unknown,Protected Well,unknown,Rulindo,1,0.047816261762991585,4.8,-1.7372,29.938388333333332,Rwanda,Rulindo
35.0,unknown,Protected Well,unknown,Rulindo,1,0.047816261762991585,4.8,-1.7358816666666663,29.942155000000003,Rwanda,Rulindo
28.0,unknown,Protected Well,unknown,Rulindo,1,0.08387280796021801,8.4,-1.7359077777777778,29.942335555555555,Rwanda,Rulindo
38.0,unknown,Protected Well,unknown,Rulindo,1,0.2022139463148589,20.2,-1.735253333333333,29.940364999999996,Rwanda,Rulindo
11.0,Hand Pump,Sand or Sub-surface Dam,Private Operator/Delegated Management,Rulindo,1,0.5450262229463113,54.5,-1.7339202777777778,29.91869527777778,Rwanda,Rulindo
20.0,unknown,Protected Well,unknown,Rulindo,1,0.14215744950697362,14.2,-1.73222,29.91842638888889,Rwanda,Rulindo
46.0,unknown,Protected Well,Community Management,Rulindo,1,0.06684732215621214,6.7,-1.732075,29.918549999999996,Rwanda,Rulindo
5.0,Public Tapstand,unknown,unknown,Rulindo,1,0.42941536887925813,42.9,-1.8239044100000046,29.976129670000006,Rwanda,Rulindo
34.0,unknown,Protected Well,Community Management,Rulindo,1,0.01601508401337237,1.6,-1.7303333333333333,29.91805,Rwanda,Rulindo
36.0,unknown,Protected Well,unknown,Rulindo,1,0.047816261762991585,4.8,-1.730071666666667,29.92594,Rwanda,Rulindo
36.0,unknown,Protected Well,unknown,Rulindo,1,0.047816261762991585,4.8,-1.730233333333333,29.94778833333333,Rwanda,Rulindo
28.0,unknown,Protected Well,unknown,Rulindo,1,0.08387280796021801,8.4,-1.73006061,29.947957,Rwanda,Rulindo
30.0,unknown,Protected Well,unknown,Rulindo,1,0.03848969929514989,3.8,-1.729482777777778,29.918147222222224,Rwanda,Rulindo
16.0,unknown,Protected Well,unknown,Rulindo,1,0.08064445061676606,8.1,-1.7277155555555557,29.92485166666667,Rwanda,Rulindo
5.0,unknown,Protected Well,Community Management,Rulindo,1,0.008101700571920722,0.8,-1.7286608000000092,29.929052400000003,Rwanda,Rulindo
30.0,unknown,Protected Well,unknown,Rulindo,1,0.03848969929514989,3.8,-1.7296344444444445,29.94250638888889,Rwanda,Rulindo
30.0,unknown,Protected Well,unknown,Rulindo,1,0.03848969929514989,3.8,-1.7284961111111112,29.945642222222222,Rwanda,Rulindo
30.0,unknown,Protected Well,unknown,Rulindo,1,0.03848969929514989,3.8,-1.7280475000000002,29.947018333333332,Rwanda,Rulindo
19.0,unknown,Protected Well,unknown,Rulindo,1,0.09997693633294313,10.0,-1.728042826306143,29.948030910939217,Rwanda,Rulindo
27.0,unknown,Protected Well,unknown,Rulindo,1,0.11226564839472719,11.2,-1.7255258333333334,29.906211666666664,Rwanda,Rulindo
13.0,unknown,Protected Well,unknown,Rulindo,1,0.14561150956700353,14.6,-1.7271858333333334,29.93670388888889,Rwanda,Rulindo
20.0,unknown,Protected Well,unknown,Rulindo,1,0.14215744950697362,14.2,-1.7225597222222224,29.920154166666666,Rwanda,Rulindo
16.0,unknown,Protected Well,unknown,Rulindo,1,0.08064445061676606,8.1,-1.7242341666666667,29.933507777777777,Rwanda,Rulindo
20.0,unknown,Protected Well,unknown,Rulindo,1,0.14215744950697362,14.2,-1.7216116666666668,29.912713888888888,Rwanda,Rulindo
30.0,unknown,Protected Well,unknown,Rulindo,1,0.03848969929514989,3.8,-1.7216336111111112,29.93330638888889,Rwanda,Rulindo
16.0,unknown,Protected Well,unknown,Rulindo,1,0.08064445061676606,8.1,-1.718743333333333,29.930169999999997,Rwanda,Rulindo
27.0,unknown,Protected Well,unknown,Rulindo,1,0.11226564839472719,11.2,-1.7186344444444446,29.930196666666667,Rwanda,Rulindo
30.0,unknown,Protected Well,unknown,Rulindo,1,0.03848969929514989,3.8,-1.718002777777778,29.94280861111111,Rwanda,Rulindo
16.0,unknown,Protected Well,unknown,Rulindo,1,0.08064445061676606,8.1,-1.7170111111111113,29.923923055555555,Rwanda,Rulindo
29.0,unknown,Protected Well,unknown,Rulindo,1,0.04084628142368707,4.1,-1.716424085664991,29.93757954000664,Rwanda,Rulindo
27.0,unknown,Protected Well,unknown,Rulindo,1,0.11226564839472719,11.2,-1.7166061027466277,29.94157392449848,Rwanda,Rulindo
8.0,Public Tapstand,unknown,unknown,Rulindo,1,0.6088340195620978,60.9,-1.668729669,30.04686509,Rwanda,Rulindo
27.0,unknown,Protected Well,unknown,Rulindo,1,0.11226564839472719,11.2,-1.7171036111111113,29.946986944444443,Rwanda,Rulindo
30.0,unknown,Protected Well,unknown,Rulindo,1,0.03848969929514989,3.8,-1.7145322222222221,29.907720555555553,Rwanda,Rulindo
27.0,unknown,Protected Well,unknown,Rulindo,1,0.11226564839472719,11.2,-1.71411,29.90911222222222,Rwanda,Rulindo
28.0,unknown,Protected Well,unknown,Rulindo,1,0.08387280796021801,8.4,-1.7128069444444445,29.91172472222222,Rwanda,Rulindo
24.0,unknown,Protected Well,unknown,Rulindo,1,0.11161163644391181,11.2,-1.7134775,29.914749444444443,Rwanda,Rulindo
15.0,unknown,Protected Well,Community Management,Rulindo,1,0.01952480576701232,2.0,-1.7130816666666666,29.91819333333334,Rwanda,Rulindo
24.0,unknown,Protected Well,unknown,Rulindo,1,0.11161163644391181,11.2,-1.714936111111111,29.924354444444447,Rwanda,Rulindo
27.0,unknown,Protected Well,unknown,Rulindo,1,0.11226564839472719,11.2,-1.7128213888888888,29.926759166666667,Rwanda,Rulindo
39.0,unknown,Protected Well,unknown,Rulindo,1,0.2844155712083617,28.4,-1.7134133333333335,29.932405000000003,Rwanda,Rulindo
28.0,unknown,Protected Well,unknown,Rulindo,1,0.08387280796021801,8.4,-1.7135419444444444,29.944599444444446,Rwanda,Rulindo
20.0,unknown,Protected Well,unknown,Rulindo,1,0.14215744950697362,14.2,-1.7088877777777778,29.914229166666665,Rwanda,Rulindo
43.0,unknown,Protected Well,Community Management,Rulindo,1,0.06641935457978998,6.6,-1.7089816666666668,29.914375000000003,Rwanda,Rulindo
16.0,unknown,Protected Well,unknown,Rulindo,1,0.08064445061676606,8.1,-1.707683611111111,29.924759166666668,Rwanda,Rulindo
27.0,unknown,Protected Well,unknown,Rulindo,1,0.11226564839472719,11.2,-1.7081172222222223,29.928427777777777,Rwanda,Rulindo
27.0,unknown,Protected Well,unknown,Rulindo,1,0.11226564839472719,11.2,-1.70745044,29.93054639,Rwanda,Rulindo
5.0,Public Tapstand,Protected Well,unknown,Rulindo,1,0.4668699370214914,46.7,-1.7073414100000146,29.928948960000003,Rwanda,Rulindo
11.0,unknown,Protected Well,unknown,Rulindo,1,0.5274148456124939,52.7,-1.704175,29.917295555555558,Rwanda,Rulindo
27.0,unknown,Protected Well,unknown,Rulindo,1,0.11226564839472719,11.2,-1.7048794444444444,29.922565555555558,Rwanda,Rulindo
11.0,unknown,Protected Well,unknown,Rulindo,1,0.5274148456124939,52.7,-1.702396388888889,29.91613472222222,Rwanda,Rulindo
27.0,unknown,Protected Well,unknown,Rulindo,1,0.11226564839472719,11.2,-1.7012275,29.936173333333333,Rwanda,Rulindo
19.0,unknown,Protected Well,unknown,Rulindo,1,0.09997693633294313,10.0,-1.701493611111111,29.9493125,Rwanda,Rulindo
66.0,unknown,Protected Well,Community Management,Rulindo,1,0.08813556520027344,8.8,-1.7472586111111112,29.9797925,Rwanda,Rulindo
36.0,unknown,Protected Well,unknown,Rulindo,1,0.047816261762991585,4.8,-1.74289413,29.95425682,Rwanda,Rulindo
5.0,Public Tapstand,unknown,unknown,Rulindo,1,0.42941536887925813,42.9,-1.7253739700000135,29.91714194,Rwanda,Rulindo
8.0,Public Tapstand,unknown,unknown,Gicumbi,1,0.6553695175834133,65.5,-1.670123362,30.18363753,Rwanda,Gicumbi
46.0,unknown,Protected Spring,Community Management,Rulindo,1,0.9543740822931037,95.4,-1.7436133333333337,29.96363666666667,Rwanda,Rulindo
8.0,unknown,Protected Well,unknown,Rulindo,1,0.3717300062976705,37.2,-1.743852192,29.96760223,Rwanda,Rulindo
39.0,unknown,Protected Well,unknown,Rulindo,1,0.2844155712083617,28.4,-1.7436594444444444,29.967630277777776,Rwanda,Rulindo
28.0,unknown,Protected Well,unknown,Rulindo,1,0.08387280796021801,8.4,-1.7441636111111112,29.973300555555554,Rwanda,Rulindo
16.0,unknown,Protected Well,unknown,Rulindo,1,0.08064445061676606,8.1,-1.74187,29.957796944444443,Rwanda,Rulindo
48.0,unknown,Protected Well,unknown,Rulindo,1,0.012336329645811328,1.2,-1.7410783333333333,29.97222083333333,Rwanda,Rulindo
27.0,unknown,Protected Well,unknown,Rulindo,1,0.11226564839472719,11.2,-1.74253189,29.98111955,Rwanda,Rulindo
8.0,Public Tapstand,unknown,unknown,Rulindo,1,0.6088340195620978,60.9,-1.71509452,29.93050036,Rwanda,Rulindo
27.0,unknown,Protected Well,unknown,Rulindo,1,0.11226564839472719,11.2,-1.735798238484965,29.97220546853974,Rwanda,Rulindo
21.0,unknown,Protected Well,unknown,Rulindo,1,0.10226495418795256,10.2,-1.7304191666666668,29.954634444444444,Rwanda,Rulindo
21.0,unknown,Protected Well,unknown,Rulindo,1,0.10226495418795256,10.2,-1.7306923344982295,29.98227657491168,Rwanda,Rulindo
14.0,unknown,Protected Well,unknown,Rulindo,1,0.10121371872576501,10.1,-1.7304766666666667,29.98198166666667,Rwanda,Rulindo
16.0,unknown,Protected Well,unknown,Rulindo,1,0.08064445061676606,8.1,-1.729691388888889,29.950827222222223,Rwanda,Rulindo
29.0,unknown,Protected Well,unknown,Rulindo,1,0.04084628142368707,4.1,-1.727907549846365,29.96950454649941,Rwanda,Rulindo
28.0,unknown,Protected Well,unknown,Rulindo,1,0.08387280796021801,8.4,-1.727937284009465,29.97321056485464,Rwanda,Rulindo
8.0,Public Tapstand,unknown,unknown,Rulindo,1,0.6088340195620978,60.9,-1.638895479,30.02768219,Rwanda,Rulindo
36.0,unknown,Protected Well,unknown,Rulindo,1,0.047816261762991585,4.8,-1.7297972222222224,29.9976325,Rwanda,Rulindo
27.0,unknown,Protected Well,unknown,Rulindo,1,0.11226564839472719,11.2,-1.727425546488096,29.95136921849426,Rwanda,Rulindo
5.0,unknown,Protected Well,unknown,Rulindo,1,0.008564511579654988,0.9,-1.726425999999997,29.956113099999992,Rwanda,Rulindo
30.0,unknown,Protected Well,unknown,Rulindo,1,0.03848969929514989,3.8,-1.7211544444444447,29.96348611111111,Rwanda,Rulindo
5.0,Public Tapstand,unknown,unknown,Rulindo,1,0.42941536887925813,42.9,-1.6279734199999942,30.04921597000001,Rwanda,Rulindo
36.0,unknown,Protected Well,unknown,Rulindo,1,0.047816261762991585,4.8,-1.7213100000000003,29.995145,Rwanda,Rulindo
30.0,unknown,Protected Well,unknown,Rulindo,1,0.03848969929514989,3.8,-1.7193730555555558,29.965533055555554,Rwanda,Rulindo
30.0,unknown,Protected Well,unknown,Rulindo,1,0.03848969929514989,3.8,-1.719815085664995,29.97035985466895,Rwanda,Rulindo
46.0,unknown,Protected Well,unknown,Rulindo,1,0.012336329645811328,1.2,-1.7189947222222224,29.97558944444444,Rwanda,Rulindo
8.0,Public Tapstand,unknown,unknown,Gicumbi,0,0.6553695175834133,65.5,-1.4552559,30.08901979,Rwanda,Gicumbi
28.0,unknown,Protected Well,unknown,Rulindo,1,0.08387280796021801,8.4,-1.71693324,29.96039026,Rwanda,Rulindo
30.0,unknown,Protected Well,unknown,Rulindo,1,0.03848969929514989,3.8,-1.7171897222222223,29.964497777777776,Rwanda,Rulindo
27.0,unknown,Protected Well,unknown,Rulindo,1,0.11226564839472719,11.2,-1.71540689,29.96298218,Rwanda,Rulindo
30.0,unknown,Protected Well,unknown,Rulindo,1,0.03848969929514989,3.8,-1.7141244444444443,29.969334444444442,Rwanda,Rulindo
28.0,unknown,Protected Well,unknown,Rulindo,1,0.08387280796021801,8.4,-1.711822333,29.96883428,Rwanda,Rulindo
28.0,unknown,Protected Well,unknown,Rulindo,1,0.08387280796021801,8.4,-1.710943135,29.96884586,Rwanda,Rulindo
5.0,unknown,Protected Well,unknown,Rulindo,1,0.008564511579654988,0.9,-1.7082235000000066,29.968667999999994,Rwanda,Rulindo
13.0,unknown,Protected Well,unknown,Rulindo,1,0.14561150956700353,14.6,-1.7081241666666667,29.968505277777776,Rwanda,Rulindo
8.0,Public Tapstand,unknown,unknown,Rulindo,1,0.6088340195620978,60.9,-1.701161545,29.95486736,Rwanda,Rulindo
30.0,unknown,Protected Well,unknown,Rulindo,1,0.03848969929514989,3.8,-1.7077730555555555,29.969010833333332,Rwanda,Rulindo
26.0,unknown,Protected Well,unknown,Rulindo,1,0.15391247184019097,15.4,-1.7096805600036464,29.98926700546439,Rwanda,Rulindo
31.0,unknown,Protected Well,unknown,Rulindo,1,0.03848969929514989,3.8,-1.7077705555555556,29.98784527777778,Rwanda,Rulindo
38.0,unknown,Protected Well,unknown,Rulindo,1,0.2022139463148589,20.2,-1.708088611111111,29.99404861111111,Rwanda,Rulindo
30.0,unknown,Protected Well,unknown,Rulindo,1,0.03848969929514989,3.8,-1.7042891666666666,29.966374444444444,Rwanda,Rulindo
56.0,unknown,Protected Well,unknown,Rulindo,1,0.013513602916921497,1.4,-1.7030302777777777,29.986433611111114,Rwanda,Rulindo
36.0,unknown,Protected Well,unknown,Rulindo,1,0.047816261762991585,4.8,-1.700628540999945,29.96554289488404,Rwanda,Rulindo
16.0,unknown,Protected Well,unknown,Rulindo,1,0.08064445061676606,8.1,-1.701365,29.96850138888889,Rwanda,Rulindo
27.0,unknown,Protected Well,unknown,Rulindo,1,0.11226564839472719,11.2,-1.7011450000000001,29.96869166666667,Rwanda,Rulindo
8.0,Public Tapstand,unknown,unknown,Rulindo,1,0.6088340195620978,60.9,-1.6671927,29.89228475,Rwanda,Rulindo
6.0,unknown,Rainwater Harvesting,unknown,Nyamagabe,1,0.0034436876647644388,0.3,-2.357505000000013,29.490757000000013,Rwanda,Nyamagabe
30.0,unknown,Protected Well,unknown,Rulindo,1,0.03848969929514989,3.8,-1.699803845666684,29.89695054588688,Rwanda,Rulindo
30.0,unknown,Protected Well,unknown,Rulindo,1,0.03848969929514989,3.8,-1.6991799999999997,29.898118333333333,Rwanda,Rulindo
16.0,unknown,Protected Well,unknown,Rulindo,1,0.08064445061676606,8.1,-1.6950533333333333,29.890919722222222,Rwanda,Rulindo
5.0,Public Tapstand,Protected Well,unknown,Rulindo,1,0.4668699370214914,46.7,-1.693945010000005,29.888098350000003,Rwanda,Rulindo
12.0,Hand Pump,Sand or Sub-surface Dam,Private Operator/Delegated Management,Rulindo,1,0.7183694442361668,71.8,-1.6939769444444444,29.888016666666665,Rwanda,Rulindo
19.0,unknown,Protected Well,unknown,Rulindo,1,0.09997693633294313,10.0,-1.6887011111111112,29.888065,Rwanda,Rulindo
28.0,unknown,Protected Well,unknown,Rulindo,1,0.08387280796021801,8.4,-1.6873422222222223,29.89071138888889,Rwanda,Rulindo
28.0,unknown,Protected Well,unknown,Rulindo,1,0.08387280796021801,8.4,-1.685993888888889,29.895806944444445,Rwanda,Rulindo
13.0,unknown,Protected Well,unknown,Rulindo,1,0.14561150956700353,14.6,-1.6859569444444444,29.899965555555553,Rwanda,Rulindo
8.0,Public Tapstand,Protected Well,unknown,Rulindo,1,0.3043943914691625,30.4,-1.68057952,29.8815606,Rwanda,Rulindo
12.0,unknown,Rainwater Harvesting,unknown,Rulindo,1,0.6985691537358112,69.9,-1.6787333333333332,29.888761666666664,Rwanda,Rulindo
19.0,unknown,Protected Well,unknown,Rulindo,1,0.09997693633294313,10.0,-1.6798099999999998,29.894906111111112,Rwanda,Rulindo
5.0,Public Tapstand,unknown,unknown,Rulindo,1,0.42941536887925813,42.9,-1.6898816000000094,29.9288949,Rwanda,Rulindo
20.0,unknown,Protected Well,unknown,Rulindo,1,0.14215744950697362,14.2,-1.6759602777777776,29.882795555555557,Rwanda,Rulindo
30.0,unknown,Protected Well,unknown,Rulindo,1,0.03848969929514989,3.8,-1.67360693,29.89692177,Rwanda,Rulindo
30.0,unknown,Protected Well,unknown,Rulindo,1,0.03848969929514989,3.8,-1.672815,29.895084999999998,Rwanda,Rulindo
5.0,Public Tapstand,unknown,unknown,Rulindo,1,0.42941536887925813,42.9,-1.685728400000017,29.944781300000013,Rwanda,Rulindo
28.0,unknown,Protected Well,unknown,Rulindo,1,0.08387280796021801,8.4,-1.670753333333333,29.87841722222222,Rwanda,Rulindo
28.0,unknown,Protected Well,unknown,Rulindo,1,0.08387280796021801,8.4,-1.6712530555555554,29.885077222222222,Rwanda,Rulindo
44.0,unknown,Protected Well,unknown,Rulindo,1,0.14916156994134644,14.9,-1.6686,29.88247666666667,Rwanda,Rulindo
27.0,unknown,Protected Well,unknown,Rulindo,1,0.11226564839472719,11.2,-1.6685105555555555,29.896554722222223,Rwanda,Rulindo
36.0,unknown,Protected Well,unknown,Rulindo,1,0.047816261762991585,4.8,-1.666236111111111,29.883188611111112,Rwanda,Rulindo
46.0,unknown,Protected Well,unknown,Rulindo,1,0.012336329645811328,1.2,-1.662821964345899,29.888487006394946,Rwanda,Rulindo
44.0,unknown,Protected Well,unknown,Rulindo,1,0.14916156994134644,14.9,-1.66010927,29.88486746,Rwanda,Rulindo
44.0,unknown,Protected Well,unknown,Rulindo,1,0.14916156994134644,14.9,-1.6614849999999999,29.891099999999998,Rwanda,Rulindo
8.0,Public Tapstand,Protected Well,unknown,Rulindo,1,0.3043943914691625,30.4,-1.65497468,29.89277336,Rwanda,Rulindo
29.0,unknown,Protected Well,unknown,Rulindo,1,0.04084628142368707,4.1,-1.698604,29.900087,Rwanda,Rulindo
16.0,unknown,Protected Well,unknown,Rulindo,1,0.08064445061676606,8.1,-1.6987330555555555,29.91160111111111,Rwanda,Rulindo
34.0,unknown,Protected Well,Community Management,Rulindo,1,0.01601508401337237,1.6,-1.6989699999999999,29.93605,Rwanda,Rulindo
27.0,unknown,Protected Well,unknown,Rulindo,1,0.11226564839472719,11.2,-1.6965122222222222,29.93301361111111,Rwanda,Rulindo
30.0,unknown,Protected Well,unknown,Rulindo,1,0.03848969929514989,3.8,-1.6935891666666667,29.94921638888889,Rwanda,Rulindo
30.0,unknown,Protected Well,unknown,Rulindo,1,0.03848969929514989,3.8,-1.6907247222222221,29.946150555555555,Rwanda,Rulindo
28.0,unknown,Protected Well,unknown,Rulindo,1,0.08387280796021801,8.4,-1.6907702777777778,29.949671666666667,Rwanda,Rulindo
27.0,unknown,Protected Well,unknown,Rulindo,1,0.11226564839472719,11.2,-1.6899580555555556,29.90837694444444,Rwanda,Rulindo
27.0,unknown,Protected Well,unknown,Rulindo,1,0.11226564839472719,11.2,-1.6855461111111112,29.903995,Rwanda,Rulindo
46.0,unknown,Protected Well,unknown,Rulindo,1,0.012336329645811328,1.2,-1.68543,29.90363333333333,Rwanda,Rulindo
46.0,unknown,Protected Well,unknown,Rulindo,1,0.012336329645811328,1.2,-1.6851933333333335,29.932855000000004,Rwanda,Rulindo
30.0,unknown,Protected Well,unknown,Rulindo,1,0.03848969929514989,3.8,-1.684728888888889,29.932326944444444,Rwanda,Rulindo
10.0,unknown,Protected Well,unknown,Rulindo,1,0.416422434863568,41.6,-1.6839980555555556,29.941998055555555,Rwanda,Rulindo
30.0,unknown,Protected Well,unknown,Rulindo,1,0.03848969929514989,3.8,-1.683601388888889,29.94205611111111,Rwanda,Rulindo
30.0,unknown,Protected Well,unknown,Rulindo,1,0.03848969929514989,3.8,-1.6808069444444442,29.922600555555558,Rwanda,Rulindo
8.0,Public Tapstand,unknown,unknown,Rulindo,1,0.6088340195620978,60.9,-1.69898598,29.95685575,Rwanda,Rulindo
30.0,unknown,Protected Well,unknown,Rulindo,1,0.03848969929514989,3.8,-1.6806597222222222,29.925798055555557,Rwanda,Rulindo
26.0,unknown,Protected Well,Community Management,Rulindo,1,0.41011051088794825,41.0,-1.6804616666666665,29.92579166666667,Rwanda,Rulindo
30.0,unknown,Protected Well,unknown,Rulindo,1,0.03848969929514989,3.8,-1.6819605555555555,29.936017777777778,Rwanda,Rulindo
16.0,unknown,Protected Well,unknown,Rulindo,1,0.08064445061676606,8.1,-1.6814741666666666,29.93501138888889,Rwanda,Rulindo
13.0,unknown,Protected Well,unknown,Rulindo,1,0.14561150956700353,14.6,-1.6800091666666666,29.936945833333333,Rwanda,Rulindo
27.0,unknown,Protected Well,unknown,Rulindo,1,0.11226564839472719,11.2,-1.679995,29.920785833333333,Rwanda,Rulindo
16.0,unknown,Protected Well,unknown,Rulindo,1,0.08064445061676606,8.1,-1.675851775,29.92053842,Rwanda,Rulindo
75.0,unknown,Protected Well,Community Management,Rulindo,1,0.08480223186694014,8.5,-1.675555,29.925135,Rwanda,Rulindo
25.0,unknown,Protected Well,unknown,Rulindo,1,0.11161163644391181,11.2,-1.6762755555555553,29.93080555555556,Rwanda,Rulindo
25.0,unknown,Protected Well,Community Management,Rulindo,1,0.16208160647980685,16.2,-1.67736722,29.9363817,Rwanda,Rulindo
30.0,unknown,Protected Well,unknown,Rulindo,1,0.03848969929514989,3.8,-1.6763099999999997,29.940400833333335,Rwanda,Rulindo
31.0,unknown,Protected Well,unknown,Rulindo,1,0.03848969929514989,3.8,-1.6771437688266067,29.94544579919326,Rwanda,Rulindo
30.0,unknown,Protected Well,unknown,Rulindo,1,0.03848969929514989,3.8,-1.6770574999999999,29.945451944444443,Rwanda,Rulindo
5.0,Public Tapstand,Protected Well,unknown,Rulindo,1,0.4668699370214914,46.7,-1.6748124100000037,29.920993720000006,Rwanda,Rulindo
11.0,Hand Pump,Sand or Sub-surface Dam,Private Operator/Delegated Management,Rulindo,1,0.5450262229463113,54.5,-1.6748699999999999,29.921100000000003,Rwanda,Rulindo
28.0,unknown,Protected Well,unknown,Rulindo,1,0.08387280796021801,8.4,-1.6740480555555555,29.925620833333333,Rwanda,Rulindo
36.0,unknown,Protected Well,unknown,Rulindo,1,0.047816261762991585,4.8,-1.6742983333333332,29.928209999999996,Rwanda,Rulindo
35.0,unknown,Protected Well,unknown,Rulindo,1,0.047816261762991585,4.8,-1.673778611111111,29.92875638888889,Rwanda,Rulindo
28.0,unknown,Protected Well,unknown,Rulindo,1,0.08387280796021801,8.4,-1.670085757,29.91632476,Rwanda,Rulindo
53.0,unknown,Protected Well,unknown,Rulindo,1,0.012336329645811328,1.2,-1.670040368,29.9164463,Rwanda,Rulindo
26.0,unknown,Protected Well,unknown,Rulindo,1,0.15391247184019097,15.4,-1.667525,29.92160833333333,Rwanda,Rulindo
30.0,unknown,Protected Well,unknown,Rulindo,1,0.03848969929514989,3.8,-1.6689016666666665,29.92367,Rwanda,Rulindo
44.0,unknown,Protected Well,unknown,Rulindo,1,0.14916156994134644,14.9,-1.6658233333333332,29.923993055555556,Rwanda,Rulindo
10.0,unknown,Protected Well,unknown,Rulindo,1,0.416422434863568,41.6,-1.66742,29.93025,Rwanda,Rulindo
5.0,Public Tapstand,unknown,unknown,Rulindo,1,0.42941536887925813,42.9,-1.6341127000000106,29.8899359,Rwanda,Rulindo
44.0,unknown,Protected Well,unknown,Rulindo,1,0.14916156994134644,14.9,-1.6670391666666666,29.933318611111112,Rwanda,Rulindo
44.0,unknown,Protected Well,unknown,Rulindo,1,0.14916156994134644,14.9,-1.6648427777777777,29.93702888888889,Rwanda,Rulindo
46.0,unknown,Protected Well,unknown,Rulindo,1,0.012336329645811328,1.2,-1.6646216666666667,29.936998333333335,Rwanda,Rulindo
5.0,unknown,Borehole/Tubewell,unknown,Ruhango,1,0.11334314917362387,11.3,-2.22383,29.75525,Rwanda,Ruhango
41.0,Hand Pump - Vergnet,Protected Well,unknown,Rulindo,1,0.22348979859552387,22.3,-1.661112222222222,29.912245833333333,Rwanda,Rulindo
5.0,unknown,Protected Well,unknown,Rulindo,1,0.008564511579654988,0.9,-1.6575992000000168,29.929043000000004,Rwanda,Rulindo
15.0,unknown,Protected Well,unknown,Rulindo,1,0.08297730069237863,8.3,-1.659722222222222,29.93559777777778,Rwanda,Rulindo
28.0,unknown,Protected Well,unknown,Rulindo,1,0.08387280796021801,8.4,-1.6556069444444443,29.900475277777776,Rwanda,Rulindo
28.0,unknown,Protected Well,unknown,Rulindo,1,0.08387280796021801,8.4,-1.655591111111111,29.900500833333332,Rwanda,Rulindo
49.0,unknown,Protected Well,unknown,Rulindo,1,0.012336329645811328,1.2,-1.6550894444444444,29.919208611111113,Rwanda,Rulindo
5.0,unknown,Protected Well,unknown,Rulindo,1,0.008564511579654988,0.9,-1.6572270999999985,29.922390200000002,Rwanda,Rulindo
19.0,unknown,Protected Well,unknown,Rulindo,1,0.09997693633294313,10.0,-1.655987222222222,29.92238777777778,Rwanda,Rulindo
44.0,unknown,Protected Well,unknown,Rulindo,1,0.14916156994134644,14.9,-1.6572638888888889,29.922514444444445,Rwanda,Rulindo
19.0,unknown,Protected Well,unknown,Rulindo,1,0.09997693633294313,10.0,-1.655339564,29.92546288,Rwanda,Rulindo
19.0,unknown,Protected Well,unknown,Rulindo,1,0.09997693633294313,10.0,-1.6572805555555554,29.934976388888888,Rwanda,Rulindo
19.0,unknown,Protected Well,unknown,Rulindo,1,0.09997693633294313,10.0,-1.6549933333333333,29.919287500000003,Rwanda,Rulindo
76.0,unknown,Protected Well,unknown,Rulindo,1,0.008937167408904712,0.9,-1.65327093,29.94279237,Rwanda,Rulindo
8.0,Public Tapstand,unknown,unknown,Gicumbi,1,0.6553695175834133,65.5,-1.505212477,30.00733936,Rwanda,Gicumbi
8.0,unknown,Protected Well,unknown,Rulindo,1,0.3717300062976705,37.2,-1.651763112,29.91008992,Rwanda,Rulindo
23.0,Public Tapstand,Protected Well,unknown,Rulindo,1,0.028531194730597398,2.9,-1.65189504,29.9122097,Rwanda,Rulindo
76.0,unknown,Protected Well,unknown,Rulindo,1,0.008937167408904712,0.9,-1.651606111111111,29.933434444444444,Rwanda,Rulindo
10.0,unknown,Protected Well,unknown,Rulindo,1,0.416422434863568,41.6,-1.6984691666666667,29.951524444444445,Rwanda,Rulindo
30.0,unknown,Protected Well,unknown,Rulindo,1,0.03848969929514989,3.8,-1.6987563888888888,29.96555777777778,Rwanda,Rulindo
66.0,unknown,Protected Well,unknown,Rulindo,1,0.008937167408904712,0.9,-1.6983837369639698,29.969024368850633,Rwanda,Rulindo
30.0,unknown,Protected Well,unknown,Rulindo,1,0.03848969929514989,3.8,-1.6983902777777777,29.96914722222222,Rwanda,Rulindo
28.0,unknown,Protected Well,Community Management,Rulindo,1,0.019142890074683283,1.9,-1.6982249999999999,29.96901666666667,Rwanda,Rulindo
10.0,unknown,Protected Well,unknown,Rulindo,1,0.416422434863568,41.6,-1.6964983333333334,29.951905555555555,Rwanda,Rulindo
30.0,unknown,Protected Well,unknown,Rulindo,1,0.03848969929514989,3.8,-1.69588,29.952323888888888,Rwanda,Rulindo
5.0,unknown,Protected Well,unknown,Rulindo,1,0.008564511579654988,0.9,-1.6974660000000017,29.962522400000008,Rwanda,Rulindo
29.0,unknown,Protected Well,unknown,Rulindo,1,0.04084628142368707,4.1,-1.6961622222222221,29.961060555555555,Rwanda,Rulindo
29.0,unknown,Protected Well,unknown,Rulindo,1,0.04084628142368707,4.1,-1.696592864599955,29.96920084646318,Rwanda,Rulindo
51.0,unknown,Protected Well,unknown,Rulindo,1,0.012336329645811328,1.2,-1.695173611111111,29.987950555555557,Rwanda,Rulindo
30.0,unknown,Protected Well,unknown,Rulindo,1,0.03848969929514989,3.8,-1.6926347222222222,29.963425833333332,Rwanda,Rulindo
66.0,unknown,Protected Well,unknown,Rulindo,1,0.008937167408904712,0.9,-1.694699445,29.99887511,Rwanda,Rulindo
30.0,unknown,Protected Well,unknown,Rulindo,1,0.03848969929514989,3.8,-1.6915541666666667,29.95103222222222,Rwanda,Rulindo
30.0,unknown,Protected Well,unknown,Rulindo,1,0.03848969929514989,3.8,-1.6912675,29.96352472222222,Rwanda,Rulindo
26.0,unknown,Protected Well,unknown,Rulindo,1,0.15391247184019097,15.4,-1.6919566666666668,29.967586666666662,Rwanda,Rulindo
30.0,unknown,Protected Well,unknown,Rulindo,1,0.03848969929514989,3.8,-1.69194805,29.9674663,Rwanda,Rulindo
30.0,unknown,Protected Well,unknown,Rulindo,1,0.03848969929514989,3.8,-1.6886608333333333,29.950666944444443,Rwanda,Rulindo
29.0,unknown,Protected Well,unknown,Rulindo,1,0.04084628142368707,4.1,-1.68816766,29.96403246,Rwanda,Rulindo
26.0,unknown,Protected Well,unknown,Rulindo,1,0.15391247184019097,15.4,-1.6881503546466464,29.970844085334647,Rwanda,Rulindo
44.0,unknown,Protected Well,unknown,Rulindo,1,0.14916156994134644,14.9,-1.6882002777777778,29.97311722222222,Rwanda,Rulindo
29.0,unknown,Protected Well,unknown,Rulindo,1,0.04084628142368707,4.1,-1.6855933333333333,29.95595361111111,Rwanda,Rulindo
36.0,unknown,Protected Well,unknown,Rulindo,1,0.047816261762991585,4.8,-1.6850383333333334,29.962223333333334,Rwanda,Rulindo
27.0,unknown,Protected Well,unknown,Rulindo,1,0.11226564839472719,11.2,-1.6865116666666666,29.973195277777776,Rwanda,Rulindo
41.0,unknown,Protected Well,unknown,Rulindo,1,0.480605676764294,48.1,-1.6847466666666,29.9630349999,Rwanda,Rulindo
27.0,unknown,Protected Well,unknown,Rulindo,1,0.11226564839472719,11.2,-1.681312486464965,29.95226709566489,Rwanda,Rulindo
5.0,Public Tapstand,unknown,unknown,Gicumbi,1,0.5911085120721807,59.1,-1.6018161800000137,29.988848930000007,Rwanda,Gicumbi
102.0,unknown,Protected Well,unknown,Rulindo,1,0.008937167408904712,0.9,-1.678525,29.973139999999997,Rwanda,Rulindo
10.0,unknown,Protected Well,unknown,Rulindo,1,0.416422434863568,41.6,-1.6740847222222222,29.958431944444445,Rwanda,Rulindo
10.0,unknown,Protected Well,unknown,Rulindo,1,0.416422434863568,41.6,-1.674558611111111,29.96251638888889,Rwanda,Rulindo
44.0,unknown,Protected Well,unknown,Rulindo,1,0.14916156994134644,14.9,-1.673243049,29.98402654,Rwanda,Rulindo
86.0,unknown,Protected Well,Direct Government Operation,Rulindo,1,0.044408673559778844,4.4,-1.673403111,29.98523301,Rwanda,Rulindo
11.0,unknown,Protected Well,unknown,Rulindo,1,0.5274148456124939,52.7,-1.670811111111111,29.97120083333333,Rwanda,Rulindo
44.0,unknown,Protected Well,unknown,Rulindo,1,0.14916156994134644,14.9,-1.6724791666666665,29.9890325,Rwanda,Rulindo
11.0,unknown,Protected Well,unknown,Rulindo,1,0.5274148456124939,52.7,-1.667074722222222,29.973195277777776,Rwanda,Rulindo
44.0,unknown,Protected Well,unknown,Rulindo,1,0.14916156994134644,14.9,-1.6658933333333332,29.978648333333332,Rwanda,Rulindo
11.0,unknown,Protected Well,unknown,Rulindo,1,0.5274148456124939,52.7,-1.6656783333333331,29.978298888888887,Rwanda,Rulindo
5.0,unknown,Protected Well,unknown,Rulindo,1,0.008564511579654988,0.9,-1.6647584000000124,29.952899199999997,Rwanda,Rulindo
5.0,unknown,Protected Well,unknown,Rulindo,1,0.008564511579654988,0.9,-1.663417900000017,29.99389509999999,Rwanda,Rulindo
11.0,unknown,Protected Well,unknown,Rulindo,1,0.5274148456124939,52.7,-1.6621805555555556,29.962066666666665,Rwanda,Rulindo
23.0,unknown,Protected Well,unknown,Rulindo,1,0.1487144157836966,14.9,-1.661323955,29.96755687,Rwanda,Rulindo
8.0,Public Tapstand,unknown,unknown,Gicumbi,1,0.6553695175834133,65.5,-1.5265321,29.98259424,Rwanda,Gicumbi
10.0,unknown,Protected Well,unknown,Rulindo,1,0.416422434863568,41.6,-1.6594888888888888,29.954985,Rwanda,Rulindo
86.0,unknown,Protected Well,unknown,Rulindo,1,0.008937167408904712,0.9,-1.6584744444444444,29.982964166666665,Rwanda,Rulindo
44.0,unknown,Protected Well,unknown,Rulindo,1,0.14916156994134644,14.9,-1.658005,29.985737222222223,Rwanda,Rulindo
54.0,unknown,Protected Spring,Community Management,Rulindo,1,0.31647334375228064,31.6,-1.6556760718780266,29.961806480197737,Rwanda,Rulindo
5.0,unknown,Protected Well,unknown,Rulindo,1,0.008564511579654988,0.9,-1.6564113000000118,29.990012500000002,Rwanda,Rulindo
44.0,unknown,Protected Well,unknown,Rulindo,1,0.14916156994134644,14.9,-1.6559663888888887,29.99173777777778,Rwanda,Rulindo
76.0,unknown,Protected Well,unknown,Rulindo,1,0.008937167408904712,0.9,-1.65494866,29.95022168,Rwanda,Rulindo
27.0,unknown,Protected Well,unknown,Rulindo,1,0.11226564839472719,11.2,-1.65436437,29.96716852,Rwanda,Rulindo
44.0,unknown,Protected Well,unknown,Rulindo,1,0.14916156994134644,14.9,-1.6530102777777778,29.983966666666667,Rwanda,Rulindo
10.0,unknown,Protected Well,unknown,Rulindo,1,0.416422434863568,41.6,-1.6536313888888887,29.992806666666667,Rwanda,Rulindo
10.0,Hand Pump,Sand or Sub-surface Dam,Private Operator/Delegated Management,Rulindo,1,0.5114512860658506,51.1,-1.6517741666666665,29.969770277777776,Rwanda,Rulindo
5.0,unknown,Protected Well,unknown,Rulindo,1,0.008564511579654988,0.9,-1.652269300000008,29.986850000000004,Rwanda,Rulindo
18.0,unknown,Protected Well,unknown,Rulindo,1,0.20925507995329984,20.9,-1.648827558796643,29.88601846464637,Rwanda,Rulindo
5.0,Public Tapstand,Protected Well,unknown,Rulindo,1,0.4668699370214914,46.7,-1.6497951000000006,29.89652759999999,Rwanda,Rulindo
22.0,unknown,Protected Well,unknown,Rulindo,1,0.10226495418795256,10.2,-1.6444939771695066,29.89228591069257,Rwanda,Rulindo
17.0,unknown,Protected Well,unknown,Rulindo,1,0.08064445061676606,8.1,-1.6316716666666664,29.893498333333334,Rwanda,Rulindo
18.0,unknown,Protected Well,unknown,Rulindo,1,0.20925507995329984,20.9,-1.6287610093348764,29.890978646430094,Rwanda,Rulindo
86.0,unknown,Protected Well,unknown,Rulindo,1,0.008937167408904712,0.9,-1.6283672222222223,29.89942361111111,Rwanda,Rulindo
46.0,unknown,Protected Well,unknown,Rulindo,1,0.012336329645811328,1.2,-1.6280886111111113,29.899510833333334,Rwanda,Rulindo
76.0,unknown,Protected Well,unknown,Rulindo,1,0.008937167408904712,0.9,-1.6255947222222222,29.896454166666665,Rwanda,Rulindo
36.0,unknown,Protected Well,unknown,Rulindo,1,0.047816261762991585,4.8,-1.6226411111111112,29.89270722222222,Rwanda,Rulindo
37.0,unknown,Protected Well,unknown,Rulindo,1,0.047816261762991585,4.8,-1.6207100000000003,29.891863333333337,Rwanda,Rulindo
5.0,Public Tapstand,Protected Spring,Community Management,Rulindo,1,0.30297138866252527,30.3,-1.620439250000014,29.891541040000007,Rwanda,Rulindo
36.0,unknown,Protected Well,unknown,Rulindo,1,0.047816261762991585,4.8,-1.6203975,29.891555555555556,Rwanda,Rulindo
46.0,unknown,Protected Well,unknown,Rulindo,1,0.012336329645811328,1.2,-1.6184892740284833,29.887706559446507,Rwanda,Rulindo
14.0,unknown,Protected Well,unknown,Rulindo,1,0.10121371872576501,10.1,-1.6183944444444445,29.887890833333334,Rwanda,Rulindo
22.0,Public Tapstand,Protected Well,unknown,Rulindo,1,0.027939461345882655,2.8,-1.61541623,29.86763459,Rwanda,Rulindo
36.0,unknown,Protected Well,unknown,Rulindo,1,0.047816261762991585,4.8,-1.6166752777777778,29.890115555555553,Rwanda,Rulindo
8.0,Public Tapstand,Protected Well,unknown,Rulindo,1,0.3043943914691625,30.4,-1.6114524,29.87791944,Rwanda,Rulindo
5.0,Public Tapstand,unknown,unknown,Kicukiro,1,0.4091365696229732,40.9,-1.9855543999999974,30.063832140000002,Rwanda,Kicukiro
76.0,unknown,Protected Well,unknown,Rulindo,1,0.008937167408904712,0.9,-1.61233866,29.89260077,Rwanda,Rulindo
26.0,unknown,Protected Well,unknown,Rulindo,1,0.15391247184019097,15.4,-1.6118375,29.89646972222222,Rwanda,Rulindo
36.0,unknown,Protected Well,unknown,Rulindo,1,0.047816261762991585,4.8,-1.6106844444444446,29.89503388888889,Rwanda,Rulindo
38.0,unknown,Protected Well,unknown,Rulindo,1,0.2022139463148589,20.2,-1.6483533333333333,29.91534111111111,Rwanda,Rulindo
36.0,unknown,Protected Well,unknown,Rulindo,1,0.047816261762991585,4.8,-1.6476286111111111,29.918178333333334,Rwanda,Rulindo
76.0,unknown,Protected Well,unknown,Rulindo,1,0.008937167408904712,0.9,-1.64861554,29.93444741,Rwanda,Rulindo
36.0,unknown,Protected Well,unknown,Rulindo,1,0.047816261762991585,4.8,-1.6489022222222223,29.939928055555555,Rwanda,Rulindo
28.0,unknown,Protected Well,unknown,Rulindo,1,0.08387280796021801,8.4,-1.6466838888888888,29.90690972222222,Rwanda,Rulindo
76.0,unknown,Protected Well,unknown,Rulindo,1,0.008937167408904712,0.9,-1.64614952,29.9366692,Rwanda,Rulindo
56.0,unknown,Protected Well,unknown,Rulindo,1,0.013513602916921497,1.4,-1.6432825,29.905034999999998,Rwanda,Rulindo
11.0,unknown,Protected Well,unknown,Rulindo,1,0.5274148456124939,52.7,-1.6446783333333332,29.911163333333334,Rwanda,Rulindo
51.0,unknown,Protected Well,unknown,Rulindo,1,0.012336329645811328,1.2,-1.641776111111111,29.900438333333334,Rwanda,Rulindo
38.0,Public Tapstand,Protected Well,unknown,Rulindo,1,0.2883619383618352,28.8,-1.64144707,29.90014896,Rwanda,Rulindo
36.0,unknown,Protected Well,unknown,Rulindo,1,0.047816261762991585,4.8,-1.642045214,29.92541123,Rwanda,Rulindo
31.0,unknown,Protected Well,unknown,Rulindo,1,0.03848969929514989,3.8,-1.64208,29.92592833333333,Rwanda,Rulindo
76.0,unknown,Protected Well,unknown,Rulindo,1,0.008937167408904712,0.9,-1.6405066666666666,29.94184472222222,Rwanda,Rulindo
76.0,unknown,Protected Well,unknown,Rulindo,1,0.008937167408904712,0.9,-1.640773611111111,29.944594444444444,Rwanda,Rulindo
46.0,unknown,Protected Well,unknown,Rulindo,1,0.012336329645811328,1.2,-1.639769008546434,29.926121875760966,Rwanda,Rulindo
11.0,unknown,Protected Spring,Private Operator/Delegated Management,Rulindo,1,0.28826991295568427,28.8,-1.6360694444444444,29.913406944444443,Rwanda,Rulindo
66.0,unknown,Protected Spring,Community Management,Rulindo,1,0.4965016873753373,49.7,-1.6361283333333332,29.929935,Rwanda,Rulindo
56.0,unknown,Protected Well,unknown,Rulindo,1,0.013513602916921497,1.4,-1.6358469444444443,29.93990527777778,Rwanda,Rulindo
76.0,unknown,Protected Well,unknown,Rulindo,1,0.008937167408904712,0.9,-1.6337205555555556,29.93657027777778,Rwanda,Rulindo
66.0,unknown,Protected Well,unknown,Rulindo,1,0.008937167408904712,0.9,-1.63433608,29.93851847,Rwanda,Rulindo
76.0,unknown,Protected Well,unknown,Rulindo,1,0.008937167408904712,0.9,-1.6345469444444445,29.94440416666667,Rwanda,Rulindo
76.0,unknown,Protected Well,unknown,Rulindo,1,0.008937167408904712,0.9,-1.632141543,29.93431989,Rwanda,Rulindo
66.0,unknown,Protected Well,unknown,Rulindo,1,0.008937167408904712,0.9,-1.6303083333333335,29.93742388888889,Rwanda,Rulindo
10.0,Hand Pump,Sand or Sub-surface Dam,Private Operator/Delegated Management,Rulindo,1,0.5114512860658506,51.1,-1.622598888888889,29.921745,Rwanda,Rulindo
5.0,Public Tapstand,Protected Well,unknown,Rulindo,1,0.4668699370214914,46.7,-1.6243803400000152,29.938104869999993,Rwanda,Rulindo
66.0,unknown,Protected Well,unknown,Rulindo,1,0.008937167408904712,0.9,-1.624892369,29.94305633,Rwanda,Rulindo
76.0,unknown,Protected Well,unknown,Rulindo,1,0.008937167408904712,0.9,-1.6168619444444445,29.925685555555557,Rwanda,Rulindo
52.0,unknown,Protected Well,unknown,Rulindo,1,0.012336329645811328,1.2,-1.643705,29.974113333333335,Rwanda,Rulindo
8.0,unknown,Protected Well,unknown,Rulindo,1,0.3717300062976705,37.2,-1.636605403,29.9703826,Rwanda,Rulindo
8.0,Hand Pump,Sand or Sub-surface Dam,Private Operator/Delegated Management,Gicumbi,1,0.008014484946845868,0.8,-1.6146712222222224,29.994577472222222,Rwanda,Gicumbi
8.0,Public Tapstand,Protected Well,unknown,Gicumbi,1,0.3107803640747633,31.1,-1.612070732,29.97769276,Rwanda,Gicumbi
5.0,unknown,Protected Well,unknown,Gicumbi,1,0.022444888892706905,2.2,-1.600845628,29.9590533,Rwanda,Gicumbi
8.0,unknown,Protected Well,unknown,Gicumbi,1,0.2297284038152635,23.0,-1.601630339,29.99455133,Rwanda,Gicumbi
62.0,unknown,Protected Well,unknown,Rulindo,1,0.008937167408904712,0.9,-1.590103841313919,29.90328805989608,Rwanda,Rulindo
74.0,unknown,Protected Well,unknown,Rulindo,1,0.008937167408904712,0.9,-1.5912758747066438,29.907935721410432,Rwanda,Rulindo
8.0,unknown,Protected Well,unknown,Gicumbi,1,0.2297284038152635,23.0,-1.597923742,29.95447578,Rwanda,Gicumbi
5.0,unknown,Protected Well,unknown,Gicumbi,1,0.022444888892706905,2.2,-1.5970369000000186,29.956571900000004,Rwanda,Gicumbi
8.0,unknown,Protected Well,unknown,Gicumbi,1,0.2297284038152635,23.0,-1.588589647,29.96328803,Rwanda,Gicumbi
8.0,Public Tapstand,Protected Well,unknown,Gicumbi,1,0.3107803640747633,31.1,-1.588959306,29.98641465,Rwanda,Gicumbi
5.0,Public Tapstand,Protected Well,unknown,Gicumbi,1,0.07707408005917082,7.7,-1.5844782700000097,29.979909479999982,Rwanda,Gicumbi
8.0,unknown,Protected Well,unknown,Gicumbi,1,0.2297284038152635,23.0,-1.582455,29.99915667,Rwanda,Gicumbi
5.0,unknown,Protected Well,unknown,Gicumbi,1,0.022444888892706905,2.2,-1.5782444000000106,29.954333199999997,Rwanda,Gicumbi
5.0,unknown,Protected Well,unknown,Gicumbi,1,0.022444888892706905,2.2,-1.5778874100000186,30.000025329999993,Rwanda,Gicumbi
5.0,unknown,Protected Well,unknown,Gicumbi,1,0.022444888892706905,2.2,-1.574895820000006,29.98684232,Rwanda,Gicumbi
8.0,unknown,Protected Well,unknown,Gicumbi,1,0.2297284038152635,23.0,-1.569160842,29.99232556,Rwanda,Gicumbi
8.0,unknown,Protected Well,unknown,Gicumbi,1,0.2297284038152635,23.0,-1.559980492,29.99333907,Rwanda,Gicumbi
5.0,unknown,Protected Well,unknown,Gicumbi,1,0.022444888892706905,2.2,-1.542460486,29.99666266,Rwanda,Gicumbi
8.0,unknown,Protected Well,unknown,Gicumbi,1,0.2297284038152635,23.0,-1.539521897,29.98019486,Rwanda,Gicumbi
8.0,unknown,Protected Well,unknown,Gicumbi,1,0.2297284038152635,23.0,-1.521458333,29.97991333,Rwanda,Gicumbi
8.0,unknown,Protected Well,unknown,Gicumbi,1,0.2297284038152635,23.0,-1.521306127,29.97987527,Rwanda,Gicumbi
8.0,unknown,Protected Well,unknown,Gicumbi,1,0.2297284038152635,23.0,-1.498975032,29.98886729,Rwanda,Gicumbi
5.0,unknown,Protected Well,unknown,Gicumbi,1,0.022444888892706905,2.2,-1.4972494499999989,29.984284179999992,Rwanda,Gicumbi
8.0,Public Tapstand,Protected Well,unknown,Gicumbi,1,0.3107803640747633,31.1,-1.495732577,29.99099602,Rwanda,Gicumbi
8.0,unknown,Protected Well,unknown,Gicumbi,1,0.2297284038152635,23.0,-1.494073578,29.99076316,Rwanda,Gicumbi
8.0,unknown,Protected Well,unknown,Gicumbi,1,0.2297284038152635,23.0,-1.494084678,29.9909479,Rwanda,Gicumbi
5.0,unknown,Protected Well,unknown,Gicumbi,1,0.022444888892706905,2.2,-1.4774243600000145,29.99495580999999,Rwanda,Gicumbi
8.0,unknown,Protected Well,unknown,Burera,1,0.026333864879949043,2.6,-1.474443412,29.9806026,Rwanda,Burera
5.0,Public Tapstand,Protected Well,unknown,Gicumbi,1,0.07707408005917082,7.7,-1.474594920000016,29.99599661999999,Rwanda,Gicumbi
5.0,unknown,Protected Well,unknown,Gicumbi,1,0.022444888892706905,2.2,-1.47408324000001,29.995092629999995,Rwanda,Gicumbi
8.0,unknown,Protected Well,unknown,Gicumbi,1,0.2297284038152635,23.0,-1.473986409,29.99507902,Rwanda,Gicumbi
5.0,unknown,Protected Well,unknown,Gicumbi,1,0.022444888892706905,2.2,-1.4721902200000163,29.995657619999996,Rwanda,Gicumbi
5.0,unknown,Protected Well,unknown,Gicumbi,1,0.022444888892706905,2.2,-1.4705027700000093,29.997463429999986,Rwanda,Gicumbi
8.0,Public Tapstand,Protected Well,unknown,Gicumbi,1,0.3107803640747633,31.1,-1.470541193,29.99752873,Rwanda,Gicumbi
8.0,unknown,Protected Well,unknown,Gicumbi,1,0.2297284038152635,23.0,-1.46795167,29.99869734,Rwanda,Gicumbi
8.0,unknown,Protected Well,unknown,Gicumbi,1,0.2297284038152635,23.0,-1.467253333,29.98974667,Rwanda,Gicumbi
8.0,unknown,Protected Well,unknown,Gicumbi,1,0.2297284038152635,23.0,-1.467338976,29.9897757,Rwanda,Gicumbi
5.0,unknown,Protected Well,unknown,Gicumbi,1,0.022444888892706905,2.2,-1.4667121600000033,29.99564032000001,Rwanda,Gicumbi
5.0,unknown,Protected Well,unknown,Gicumbi,1,0.022444888892706905,2.2,-1.4495127000000008,29.992956969999994,Rwanda,Gicumbi
8.0,Public Tapstand,Protected Well,unknown,Gicumbi,1,0.3107803640747633,31.1,-1.449435492,29.99292039,Rwanda,Gicumbi
8.0,unknown,Protected Well,unknown,Gicumbi,1,0.2297284038152635,23.0,-1.449364053,29.99303604,Rwanda,Gicumbi
5.0,unknown,Protected Well,unknown,Gicumbi,1,0.022444888892706905,2.2,-1.447951880000018,29.999550769999992,Rwanda,Gicumbi
5.0,unknown,Protected Well,unknown,Gicumbi,1,0.022444888892706905,2.2,-1.4461583000000042,29.999174409999988,Rwanda,Gicumbi
13.0,unknown,Rainwater Harvesting,Private Operator/Delegated Management,Kicukiro,1,0.31370015188038003,31.4,-1.9884183333333336,30.088718333333336,Rwanda,Kicukiro
13.0,unknown,Rainwater Harvesting,Private Operator/Delegated Management,Kicukiro,1,0.31370015188038003,31.4,-1.9893166666666668,30.09887833333333,Rwanda,Kicukiro
15.0,unknown,Protected Well,Private Operator/Delegated Management,Kicukiro,1,0.024111981442052843,2.4,-1.9867433333333333,30.093024999999997,Rwanda,Kicukiro
8.0,unknown,Protected Well,unknown,Kicukiro,1,0.4930239632249813,49.3,-1.981982604,30.09376453,Rwanda,Kicukiro
19.0,unknown,Protected Well,Private Operator/Delegated Management,Kicukiro,1,0.023785347795266976,2.4,-1.9791400000000001,30.090186666666668,Rwanda,Kicukiro
8.0,Public Tapstand,unknown,unknown,Kicukiro,1,0.7232419717831573,72.3,-1.979251996,30.10391726,Rwanda,Kicukiro
5.0,Public Tapstand,unknown,unknown,Rulindo,0,0.42941536887925813,42.9,-1.7196659999999973,29.9772907,Rwanda,Rulindo
25.0,unknown,Protected Well,Community Management,Kicukiro,1,0.21994339508906502,22.0,-1.9788199999999998,30.09020333333334,Rwanda,Kicukiro
12.0,Hand Pump - Afridev,Protected Well,Private Operator/Delegated Management,Kicukiro,1,0.6915808200003444,69.2,-1.9777199999999997,30.09892,Rwanda,Kicukiro
18.0,unknown,Protected Well,Community Management,Kicukiro,1,0.020108620233446617,2.0,-1.976163333333333,30.096355000000003,Rwanda,Kicukiro
5.0,Public Tapstand,Protected Well,unknown,Kicukiro,1,0.020025615323831736,2.0,-1.9754292000000042,30.095215099999987,Rwanda,Kicukiro
8.0,Hand Pump - Afridev,Protected Well,unknown,Kicukiro,1,0.524852267887464,52.5,-1.97665,30.09979,Rwanda,Kicukiro
12.0,Hand Pump - India Mark,Borehole/Tubewell,unknown,Kicukiro,1,0.00330455901090132,0.3,-1.976516667,30.09821667,Rwanda,Kicukiro
36.0,unknown,Protected Well,unknown,Kicukiro,1,0.060929433457153404,6.1,-1.9735633333333333,30.087506666666666,Rwanda,Kicukiro
21.0,Hand Pump - Afridev,Protected Well,unknown,Kicukiro,1,0.34981107492964025,35.0,-1.973936666666667,30.091965,Rwanda,Kicukiro
15.0,unknown,Protected Well,unknown,Kicukiro,1,0.1143242498111543,11.4,-1.9677680180112418,30.09897921987691,Rwanda,Kicukiro
8.0,unknown,Protected Well,unknown,Kicukiro,1,0.4930239632249813,49.3,-1.965885387,30.09039078,Rwanda,Kicukiro
26.0,unknown,Protected Well,unknown,Gasabo,1,0.02774511155502657,2.8,-1.96346,30.09855,Rwanda,Gasabo
5.0,Hand Pump - Afridev,Protected Well,unknown,Kicukiro,1,0.005649229580696247,0.6,-1.9910053999999993,30.135380200000004,Rwanda,Kicukiro
23.0,unknown,Protected Well,unknown,Kicukiro,1,0.134699906772356,13.5,-1.9889072222222224,30.11883277777778,Rwanda,Kicukiro
41.0,unknown,Protected Well,unknown,Kicukiro,1,0.03311966946186029,3.3,-1.9865136654846836,30.10287886622709,Rwanda,Kicukiro
46.0,unknown,Protected Well,unknown,Kicukiro,1,0.009466450657252268,0.9,-1.9863119444444446,30.102812222222223,Rwanda,Kicukiro
16.0,unknown,Rainwater Harvesting,unknown,Kicukiro,1,0.12813061000538994,12.8,-1.977695,30.11643333333333,Rwanda,Kicukiro
12.0,unknown,Protected Well,unknown,Kicukiro,1,0.22186492615302955,22.2,-1.9751566666666667,30.12945666666667,Rwanda,Kicukiro
13.0,unknown,Protected Well,Private Operator/Delegated Management,Kicukiro,1,0.048386713054541675,4.8,-1.9751133333333333,30.129635,Rwanda,Kicukiro
13.0,unknown,Protected Well,Community Management,Kicukiro,1,0.028979332158226567,2.9,-1.9735183333333333,30.136085,Rwanda,Kicukiro
24.0,unknown,Protected Well,unknown,Kicukiro,1,0.16116389311626478,16.1,-1.9724833333333331,30.113718333333335,Rwanda,Kicukiro
16.0,unknown,Rainwater Harvesting,unknown,Kicukiro,1,0.12813061000538994,12.8,-1.970965,30.122145,Rwanda,Kicukiro
15.0,unknown,Protected Well,Community Management,Kicukiro,1,0.0189114358530168,1.9,-1.969618743668846,30.109926220422025,Rwanda,Kicukiro
29.0,unknown,Protected Well,Community Management,Kicukiro,1,0.08089143004119059,8.1,-1.969168825,30.10961363,Rwanda,Kicukiro
29.0,unknown,Protected Well,Community Management,Kicukiro,1,0.08089143004119059,8.1,-1.969807943173535,30.110045439690897,Rwanda,Kicukiro
21.0,unknown,Protected Well,unknown,Kicukiro,1,0.11009003924559235,11.0,-1.9667033333333332,30.114868333333334,Rwanda,Kicukiro
8.0,unknown,Protected Well,unknown,Kicukiro,1,0.4930239632249813,49.3,-1.966683333,30.11477333,Rwanda,Kicukiro
8.0,unknown,Protected Well,unknown,Kicukiro,1,0.4930239632249813,49.3,-1.966306667,30.114875,Rwanda,Kicukiro
66.0,unknown,Protected Well,unknown,Kicukiro,1,0.009466450657252268,0.9,-1.966063333333333,30.113736666666668,Rwanda,Kicukiro
5.0,unknown,Protected Well,unknown,Kicukiro,1,0.006221467699414784,0.6,-1.9659806200000016,30.114013009999994,Rwanda,Kicukiro
8.0,unknown,Protected Well,unknown,Kicukiro,1,0.4930239632249813,49.3,-1.967148508,30.11601747,Rwanda,Kicukiro
14.0,unknown,Protected Well,Private Operator/Delegated Management,Kicukiro,1,0.04379615061346198,4.4,-1.967155,30.116218333333336,Rwanda,Kicukiro
8.0,unknown,Protected Well,unknown,Kicukiro,1,0.4930239632249813,49.3,-1.964604924,30.11255857,Rwanda,Kicukiro
8.0,unknown,Protected Well,unknown,Kicukiro,1,0.4930239632249813,49.3,-1.964498234,30.11315267,Rwanda,Kicukiro
29.0,unknown,Protected Well,unknown,Gasabo,1,0.09420133771064265,9.4,-1.9576716666666665,30.12829,Rwanda,Gasabo
5.0,Hand Pump - Afridev,Protected Well,unknown,Kicukiro,1,0.005649229580696247,0.6,-1.988274800000019,30.194126000000008,Rwanda,Kicukiro
5.0,Hand Pump - Afridev,Protected Well,unknown,Kicukiro,1,0.005649229580696247,0.6,-1.9881869999999975,30.20294969999999,Rwanda,Kicukiro
12.0,Hand Pump - India Mark,Borehole/Tubewell,unknown,Gasabo,1,0.22573377939159567,22.6,-1.963716667,30.20743333,Rwanda,Gasabo
13.0,Hand Pump - India Mark,Borehole/Tubewell,unknown,Gasabo,1,0.05963935160688738,6.0,-1.96355,30.20821667,Rwanda,Gasabo
6.0,Hand Pump - Nira,Rainwater Harvesting,unknown,Rwamagana,1,0.05114665304749455,5.1,-1.9684530000000073,30.275742999999984,Rwanda,Rwamagana
28.0,unknown,Protected Well,unknown,Gasabo,1,0.09451924069669493,9.5,-1.9266316666666665,30.052551666666666,Rwanda,Gasabo
44.0,unknown,Protected Well,unknown,Gasabo,1,0.010685828561975086,1.1,-1.9124019444444444,30.08519638888889,Rwanda,Gasabo
13.0,Hand Pump - Afridev,Borehole/Tubewell,unknown,Gasabo,1,0.002775163749691223,0.3,-1.942866667,30.13793333,Rwanda,Gasabo
13.0,Hand Pump - Afridev,Borehole/Tubewell,unknown,Rwamagana,1,0.0023199624677457953,0.2,-1.925733333,30.28283333,Rwanda,Rwamagana
6.0,Hand Pump - Nira,Rainwater Harvesting,unknown,Rwamagana,1,0.05114665304749455,5.1,-1.9007830000000134,30.314138,Rwanda,Rwamagana
12.0,Hand Pump - India Mark,Borehole/Tubewell,unknown,Kayonza,1,0.003938411475170933,0.4,-1.900966667,30.49691667,Rwanda,Kayonza
41.0,unknown,Protected Well,unknown,Rulindo,1,0.480605676764294,48.1,-1.8530311111111113,30.02359388888889,Rwanda,Rulindo
27.0,unknown,Protected Well,Community Management,Rulindo,1,0.341114648743161,34.1,-1.84600707,30.02189966,Rwanda,Rulindo
27.0,unknown,Protected Well,unknown,Rulindo,1,0.11226564839472719,11.2,-1.83326554,30.0037219,Rwanda,Rulindo
30.0,unknown,Protected Well,unknown,Rulindo,1,0.03848969929514989,3.8,-1.83357844,30.01312702,Rwanda,Rulindo
27.0,unknown,Protected Well,Private Operator/Delegated Management,Rulindo,1,0.04246917297147401,4.2,-1.83386859,30.01614033,Rwanda,Rulindo
35.0,unknown,Protected Well,unknown,Rulindo,1,0.047816261762991585,4.8,-1.829493502766868,30.03253245886685,Rwanda,Rulindo
28.0,unknown,Protected Well,unknown,Rulindo,1,0.08387280796021801,8.4,-1.82923241,30.0374845,Rwanda,Rulindo
8.0,unknown,Protected Well,unknown,Rulindo,1,0.3717300062976705,37.2,-1.829407345,30.03758971,Rwanda,Rulindo
28.0,unknown,Protected Well,unknown,Rulindo,1,0.08387280796021801,8.4,-1.8262633333333333,30.03376,Rwanda,Rulindo
35.0,unknown,Protected Well,unknown,Rulindo,1,0.047816261762991585,4.8,-1.8262266666666667,30.034248333333334,Rwanda,Rulindo
34.0,unknown,Protected Well,unknown,Rulindo,1,0.14135080463346295,14.1,-1.82338034,30.01260052,Rwanda,Rulindo
5.0,Public Tapstand,Protected Well,unknown,Rulindo,1,0.4668699370214914,46.7,-1.8213026199999989,30.01392110999999,Rwanda,Rulindo
23.0,unknown,Protected Well,unknown,Rulindo,1,0.1487144157836966,14.9,-1.8203788888888888,30.02485833333333,Rwanda,Rulindo
12.0,Hand Pump - India Mark,Borehole/Tubewell,unknown,Rutsiro,1,0.0030281615368471515,0.3,-1.935433333,29.3069,Rwanda,Rutsiro
38.0,unknown,Protected Well,unknown,Rulindo,1,0.2022139463148589,20.2,-1.8202627777777778,30.024811666666665,Rwanda,Rulindo
58.0,unknown,Protected Spring,Community Management,Rulindo,1,0.3518321923125586,35.2,-1.8207433333333332,30.029089999999997,Rwanda,Rulindo
40.0,unknown,Protected Well,unknown,Rulindo,1,0.416523601541422,41.7,-1.82228,30.032654444444443,Rwanda,Rulindo
40.0,unknown,Protected Well,unknown,Rulindo,1,0.416523601541422,41.7,-1.822125,30.033735,Rwanda,Rulindo
20.0,unknown,Protected Well,unknown,Rulindo,1,0.14215744950697362,14.2,-1.82166971,30.03644232,Rwanda,Rulindo
19.0,unknown,Protected Well,unknown,Rulindo,1,0.09997693633294313,10.0,-1.8170908333333333,30.00097638888889,Rwanda,Rulindo
29.0,unknown,Protected Well,unknown,Rulindo,1,0.04084628142368707,4.1,-1.8168333333333333,30.003186666666668,Rwanda,Rulindo
27.0,unknown,Protected Well,unknown,Rulindo,1,0.11226564839472719,11.2,-1.815046027,30.01016995,Rwanda,Rulindo
8.0,unknown,Protected Well,unknown,Rulindo,1,0.3717300062976705,37.2,-1.85121466,29.91252833,Rwanda,Rulindo
51.0,unknown,Protected Well,unknown,Rulindo,1,0.012336329645811328,1.2,-1.8170358333333334,30.043023333333334,Rwanda,Rulindo
9.0,Hand Pump,Sand or Sub-surface Dam,Private Operator/Delegated Management,Rulindo,1,0.6437685567939819,64.4,-1.8173991666666667,30.049983333333333,Rwanda,Rulindo
39.0,unknown,Protected Well,unknown,Rulindo,1,0.2844155712083617,28.4,-1.8104216666666668,30.013615277777777,Rwanda,Rulindo
41.0,unknown,Protected Well,unknown,Rulindo,1,0.480605676764294,48.1,-1.81146898,30.03002822,Rwanda,Rulindo
8.0,Public Tapstand,unknown,unknown,Rulindo,1,0.6088340195620978,60.9,-1.80204116,30.00757543,Rwanda,Rulindo
5.0,Public Tapstand,Protected Well,unknown,Rulindo,1,0.4668699370214914,46.7,-1.8913893999999971,29.95734600000001,Rwanda,Rulindo
18.0,unknown,Protected Well,unknown,Rulindo,1,0.20925507995329984,20.9,-1.807842765,30.00250559,Rwanda,Rulindo
13.0,unknown,Protected Well,unknown,Rulindo,1,0.14561150956700353,14.6,-1.8076933333333334,30.00261666666667,Rwanda,Rulindo
27.0,unknown,Protected Well,unknown,Rulindo,1,0.11226564839472719,11.2,-1.808371388888889,30.0107325,Rwanda,Rulindo
27.0,unknown,Protected Well,unknown,Rulindo,1,0.11226564839472719,11.2,-1.8082666666666667,30.010653333333334,Rwanda,Rulindo
27.0,unknown,Protected Well,unknown,Rulindo,1,0.11226564839472719,11.2,-1.805965,30.01503388888889,Rwanda,Rulindo
29.0,unknown,Protected Well,unknown,Rulindo,1,0.04084628142368707,4.1,-1.8029122222222222,30.010620555555555,Rwanda,Rulindo
28.0,unknown,Protected Well,unknown,Rulindo,1,0.08387280796021801,8.4,-1.80474226,30.03112395,Rwanda,Rulindo
34.0,unknown,Protected Well,unknown,Rulindo,1,0.14135080463346295,14.1,-1.8024883333333335,30.02715166666667,Rwanda,Rulindo
34.0,unknown,Protected Well,unknown,Gasabo,1,0.024588403158161687,2.5,-1.8457833333333336,30.051263333333335,Rwanda,Gasabo
38.0,unknown,Protected Well,unknown,Rulindo,1,0.2022139463148589,20.2,-1.84405741,30.05052404,Rwanda,Rulindo
44.0,Hand Pump,Sand or Sub-surface Dam,Private Operator/Delegated Management,Rulindo,1,0.034737504862005775,3.5,-1.829683611111111,30.059070833333333,Rwanda,Rulindo
8.0,unknown,Protected Well,unknown,Rulindo,1,0.3717300062976705,37.2,-1.82679866,30.06933892,Rwanda,Rulindo
13.0,unknown,Protected Well,unknown,Rulindo,1,0.14561150956700353,14.6,-1.8426299999999998,29.93181666666667,Rwanda,Rulindo
64.0,unknown,Protected Well,unknown,Rulindo,1,0.008937167408904712,0.9,-1.82658086,30.07256512,Rwanda,Rulindo
15.0,unknown,Protected Well,unknown,Gasabo,1,0.02570377338117913,2.6,-1.8259486111111112,30.078704166666668,Rwanda,Gasabo
35.0,unknown,Protected Well,unknown,Rulindo,1,0.047816261762991585,4.8,-1.80528694,30.05733676,Rwanda,Rulindo
10.0,unknown,Protected Well,unknown,Rulindo,1,0.416422434863568,41.6,-1.8069133333333334,30.086941944444444,Rwanda,Rulindo
8.0,unknown,Protected Well,unknown,Rulindo,1,0.3717300062976705,37.2,-1.80336613,30.06275776,Rwanda,Rulindo
35.0,unknown,Protected Well,unknown,Rulindo,1,0.047816261762991585,4.8,-1.8033122222222222,30.06285111111111,Rwanda,Rulindo
23.0,unknown,Protected Well,unknown,Rulindo,1,0.1487144157836966,14.9,-1.8046508333333333,30.09859222222222,Rwanda,Rulindo
58.0,unknown,Protected Well,unknown,Rulindo,1,0.010059893561482736,1.0,-1.80141904,30.06134408,Rwanda,Rulindo
46.0,unknown,Protected Well,unknown,Rulindo,1,0.012336329645811328,1.2,-1.8130036111111112,30.120607777777778,Rwanda,Rulindo
5.0,unknown,Protected Well,unknown,Rulindo,1,0.008564511579654988,0.9,-1.8129585000000081,30.120466500000003,Rwanda,Rulindo
46.0,unknown,Protected Well,unknown,Rulindo,1,0.012336329645811328,1.2,-1.812905,30.120536666666666,Rwanda,Rulindo
12.0,Hand Pump,Sand or Sub-surface Dam,Private Operator/Delegated Management,Rulindo,1,0.7183694442361668,71.8,-1.8050683333333333,30.120787777777778,Rwanda,Rulindo
12.0,unknown,Protected Well,Community Management,Rulindo,1,0.0401104904020112,4.0,-1.806941666666667,30.123755,Rwanda,Rulindo
8.0,Public Tapstand,unknown,unknown,Rulindo,1,0.6088340195620978,60.9,-1.8560167,30.03781041,Rwanda,Rulindo
29.0,unknown,Protected Well,unknown,Rulindo,1,0.04084628142368707,4.1,-1.8044216666666666,30.126503333333336,Rwanda,Rulindo
29.0,unknown,Protected Well,unknown,Rulindo,1,0.04084628142368707,4.1,-1.804325405,30.1265452,Rwanda,Rulindo
21.0,unknown,Protected Well,unknown,Rulindo,1,0.10226495418795256,10.2,-1.8041805555555557,30.126478333333335,Rwanda,Rulindo
14.0,Hand Pump,Sand or Sub-surface Dam,Private Operator/Delegated Management,Rulindo,1,0.4605219678202912,46.1,-1.80047,30.123544722222224,Rwanda,Rulindo
5.0,Public Tapstand,Protected Well,unknown,Gicumbi,1,0.07707408005917082,7.7,-1.838534400000009,30.242356100000002,Rwanda,Gicumbi
8.0,Hand Pump,Sand or Sub-surface Dam,Private Operator/Delegated Management,Gicumbi,1,0.008014484946845868,0.8,-1.8258333333333334,30.243055555555557,Rwanda,Gicumbi
8.0,unknown,Protected Well,unknown,Gicumbi,1,0.2297284038152635,23.0,-1.82472673,30.23041216,Rwanda,Gicumbi
8.0,Hand Pump,Sand or Sub-surface Dam,Private Operator/Delegated Management,Gicumbi,1,0.008014484946845868,0.8,-1.81940344,30.21621449,Rwanda,Gicumbi
5.0,Public Tapstand,Sand or Sub-surface Dam,Private Operator/Delegated Management,Gicumbi,1,0.07060083263289207,7.1,-1.815317200000004,30.22278420000001,Rwanda,Gicumbi
5.0,Public Tapstand,Protected Well,unknown,Gicumbi,1,0.07707408005917082,7.7,-1.8054504000000173,30.216968899999998,Rwanda,Gicumbi
5.0,Public Tapstand,Sand or Sub-surface Dam,Private Operator/Delegated Management,Gicumbi,1,0.07060083263289207,7.1,-1.8201215200000003,30.263931629999995,Rwanda,Gicumbi
8.0,Hand Pump,Sand or Sub-surface Dam,Private Operator/Delegated Management,Gicumbi,1,0.008014484946845868,0.8,-1.8147950555555556,30.257850805555556,Rwanda,Gicumbi
5.0,Public Tapstand,Protected Well,unknown,Gicumbi,1,0.07707408005917082,7.7,-1.8136247000000036,30.25793372999999,Rwanda,Gicumbi
8.0,Hand Pump,Sand or Sub-surface Dam,Private Operator/Delegated Management,Gicumbi,1,0.008014484946845868,0.8,-1.80924997,30.26921444,Rwanda,Gicumbi
8.0,unknown,Protected Well,unknown,Gicumbi,1,0.2297284038152635,23.0,-1.805008493,30.25231998,Rwanda,Gicumbi
9.0,Hand Pump,Sand or Sub-surface Dam,Private Operator/Delegated Management,Rulindo,1,0.6437685567939819,64.4,-1.7951577777777776,30.0389625,Rwanda,Rulindo
23.0,unknown,Protected Well,unknown,Rulindo,1,0.1487144157836966,14.9,-1.79199946,30.03085176,Rwanda,Rulindo
28.0,unknown,Protected Well,unknown,Rulindo,1,0.08387280796021801,8.4,-1.791153611111111,30.036595833333337,Rwanda,Rulindo
28.0,unknown,Protected Well,unknown,Rulindo,1,0.08387280796021801,8.4,-1.788010833333333,30.03103972222222,Rwanda,Rulindo
28.0,unknown,Protected Well,unknown,Rulindo,1,0.08387280796021801,8.4,-1.78540921,30.01371158,Rwanda,Rulindo
10.0,Hand Pump,Sand or Sub-surface Dam,Private Operator/Delegated Management,Rulindo,1,0.5114512860658506,51.1,-1.783686111111111,30.01949361111111,Rwanda,Rulindo
5.0,Public Tapstand,Protected Well,unknown,Rulindo,1,0.4668699370214914,46.7,-1.7836907099999941,30.019532800000004,Rwanda,Rulindo
5.0,Public Tapstand,unknown,unknown,Rulindo,1,0.42941536887925813,42.9,-1.8110948000000102,30.07381970000001,Rwanda,Rulindo
35.0,unknown,Protected Well,Community Management,Rulindo,1,0.01408030933199289,1.4,-1.78217315,30.01137452,Rwanda,Rulindo
26.0,unknown,Protected Well,Community Management,Rulindo,1,0.41011051088794825,41.0,-1.780018333333333,30.037766666666666,Rwanda,Rulindo
10.0,Hand Pump,Sand or Sub-surface Dam,Private Operator/Delegated Management,Rulindo,1,0.5114512860658506,51.1,-1.7815747222222222,30.046332777777778,Rwanda,Rulindo
26.0,unknown,Protected Well,unknown,Rulindo,1,0.15391247184019097,15.4,-1.7797683333333332,30.037581111111113,Rwanda,Rulindo
5.0,Public Tapstand,Protected Well,Community Management,Rulindo,1,0.043711209128457384,4.4,-1.777347900000003,30.01158562,Rwanda,Rulindo
11.0,unknown,Protected Well,unknown,Rulindo,1,0.5274148456124939,52.7,-1.7764033333333333,30.0209275,Rwanda,Rulindo
10.0,Hand Pump,Sand or Sub-surface Dam,Private Operator/Delegated Management,Rulindo,1,0.5114512860658506,51.1,-1.7766155555555554,30.048636944444446,Rwanda,Rulindo
44.0,unknown,Protected Well,unknown,Rulindo,1,0.14916156994134644,14.9,-1.7728699999999997,30.039295,Rwanda,Rulindo
5.0,Public Tapstand,Sand or Sub-surface Dam,Private Operator/Delegated Management,Rulindo,1,0.5983637238793291,59.8,-1.7717995700000089,30.033267739999996,Rwanda,Rulindo
26.0,unknown,Protected Well,unknown,Rulindo,1,0.15391247184019097,15.4,-1.7699166666666666,30.024175,Rwanda,Rulindo
66.0,unknown,Protected Well,unknown,Rulindo,1,0.008937167408904712,0.9,-1.7697041666666666,30.023687777777777,Rwanda,Rulindo
34.0,unknown,Protected Well,unknown,Rulindo,1,0.14135080463346295,14.1,-1.7693299999999998,30.032248333333335,Rwanda,Rulindo
36.0,unknown,Protected Well,unknown,Rulindo,1,0.047816261762991585,4.8,-1.7660466666666665,30.004448333333336,Rwanda,Rulindo
34.0,unknown,Protected Well,unknown,Rulindo,1,0.14135080463346295,14.1,-1.76515616,30.00427298,Rwanda,Rulindo
39.0,unknown,Protected Well,unknown,Rulindo,1,0.2844155712083617,28.4,-1.7658633333333333,30.012043333333335,Rwanda,Rulindo
31.0,unknown,Protected Well,unknown,Rulindo,1,0.03848969929514989,3.8,-1.7626166666666667,30.00604166666667,Rwanda,Rulindo
28.0,unknown,Protected Well,unknown,Rulindo,1,0.08387280796021801,8.4,-1.7566552777777777,30.04956277777778,Rwanda,Rulindo
28.0,unknown,Protected Well,unknown,Rulindo,1,0.08387280796021801,8.4,-1.7527916666666667,30.039424722222225,Rwanda,Rulindo
5.0,Public Tapstand,unknown,unknown,Gicumbi,1,0.5911085120721807,59.1,-1.8225884000000097,30.202650399999992,Rwanda,Gicumbi
66.0,unknown,Protected Spring,Community Management,Rulindo,1,0.4965016873753373,49.7,-1.8077416666666664,29.979901666666667,Rwanda,Rulindo
22.0,unknown,Protected Well,unknown,Rulindo,1,0.10226495418795256,10.2,-1.7527516666666667,30.047610000000002,Rwanda,Rulindo
28.0,Public Tapstand,Protected Well,unknown,Rulindo,1,0.014404730561102141,1.4,-1.75263808,30.04760615,Rwanda,Rulindo
34.0,unknown,Protected Well,unknown,Rulindo,1,0.14135080463346295,14.1,-1.7526283333333335,30.047794999999997,Rwanda,Rulindo
24.0,unknown,Protected Well,unknown,Rulindo,1,0.11161163644391181,11.2,-1.7521183333333337,30.00533666666667,Rwanda,Rulindo
28.0,unknown,Protected Well,unknown,Rulindo,1,0.08387280796021801,8.4,-1.7510094444444444,30.041333611111114,Rwanda,Rulindo
35.0,unknown,Protected Well,unknown,Rulindo,1,0.047816261762991585,4.8,-1.7983697222222221,30.06994111111111,Rwanda,Rulindo
23.0,unknown,Protected Well,unknown,Rulindo,1,0.1487144157836966,14.9,-1.7990266666666666,30.073136666666663,Rwanda,Rulindo
63.0,Public Tapstand,Protected Well,unknown,Rulindo,1,0.17038579616451732,17.0,-1.78849701,30.05979576,Rwanda,Rulindo
8.0,unknown,Protected Well,unknown,Rulindo,1,0.3717300062976705,37.2,-1.786640114,30.06199789,Rwanda,Rulindo
63.0,unknown,Protected Well,unknown,Rulindo,1,0.008937167408904712,0.9,-1.7864733333333331,30.0619875,Rwanda,Rulindo
10.0,Hand Pump,Sand or Sub-surface Dam,Private Operator/Delegated Management,Rulindo,1,0.5114512860658506,51.1,-1.787031111111111,30.067844444444443,Rwanda,Rulindo
66.0,unknown,Protected Well,unknown,Rulindo,1,0.008937167408904712,0.9,-1.782669467,30.06513497,Rwanda,Rulindo
66.0,unknown,Protected Well,unknown,Rulindo,1,0.008937167408904712,0.9,-1.7823352777777777,30.06114416666667,Rwanda,Rulindo
8.0,unknown,Protected Well,unknown,Rulindo,1,0.3717300062976705,37.2,-1.782199941,30.06111138,Rwanda,Rulindo
66.0,unknown,Protected Well,unknown,Rulindo,1,0.008937167408904712,0.9,-1.782099183,30.06729274,Rwanda,Rulindo
66.0,unknown,Protected Well,unknown,Rulindo,1,0.008937167408904712,0.9,-1.7800741666666666,30.069738055555554,Rwanda,Rulindo
66.0,unknown,Protected Well,unknown,Rulindo,1,0.008937167408904712,0.9,-1.7803605555555555,30.075308888888888,Rwanda,Rulindo
66.0,unknown,Protected Well,unknown,Rulindo,1,0.008937167408904712,0.9,-1.7802655555555555,30.07542,Rwanda,Rulindo
8.0,unknown,Protected Well,unknown,Rulindo,1,0.3717300062976705,37.2,-1.781840896,30.08715409,Rwanda,Rulindo
23.0,unknown,Protected Well,unknown,Rulindo,1,0.1487144157836966,14.9,-1.78173666666,30.08734666666,Rwanda,Rulindo
41.0,unknown,Protected Well,unknown,Rulindo,1,0.480605676764294,48.1,-1.7773022222222221,30.09497083333333,Rwanda,Rulindo
8.0,Public Tapstand,unknown,unknown,Rulindo,1,0.6088340195620978,60.9,-1.7766549,30.04839636,Rwanda,Rulindo
21.0,unknown,Protected Well,unknown,Rulindo,1,0.10226495418795256,10.2,-1.7761730555555555,30.09659222222222,Rwanda,Rulindo
72.0,unknown,Protected Well,unknown,Rulindo,1,0.008937167408904712,0.9,-1.7721336087320445,30.056567553246676,Rwanda,Rulindo
43.0,unknown,Protected Well,unknown,Rulindo,1,0.08720836434409895,8.7,-1.770946111111111,30.0670925,Rwanda,Rulindo
13.0,unknown,Protected Well,Private Operator/Delegated Management,Rulindo,1,0.025898012251453273,2.6,-1.77129,30.079463333333333,Rwanda,Rulindo
28.0,unknown,Protected Well,unknown,Rulindo,1,0.08387280796021801,8.4,-1.7656577777777778,30.05468777777778,Rwanda,Rulindo
38.0,unknown,Protected Well,unknown,Rulindo,1,0.2022139463148589,20.2,-1.7654783333333333,30.055130000000002,Rwanda,Rulindo
15.0,unknown,Protected Well,unknown,Rulindo,1,0.08297730069237863,8.3,-1.7633566666666667,30.07339,Rwanda,Rulindo
28.0,unknown,Protected Well,unknown,Rulindo,1,0.08387280796021801,8.4,-1.7601111111111112,30.052446944444444,Rwanda,Rulindo
46.0,unknown,Protected Well,unknown,Rulindo,1,0.012336329645811328,1.2,-1.7600430555555555,30.076383333333332,Rwanda,Rulindo
23.0,unknown,Protected Well,unknown,Rulindo,1,0.1487144157836966,14.9,-1.759286252,30.07820824,Rwanda,Rulindo
26.0,unknown,Protected Well,unknown,Rulindo,1,0.15391247184019097,15.4,-1.7515777777777777,30.06031861111111,Rwanda,Rulindo
5.0,unknown,Protected Well,unknown,Gicumbi,1,0.022444888892706905,2.2,-1.751935800000006,30.09328769999999,Rwanda,Gicumbi
46.0,unknown,Protected Well,unknown,Rulindo,1,0.012336329645811328,1.2,-1.7977880555555554,30.11037055555556,Rwanda,Rulindo
28.0,unknown,Protected Well,unknown,Rulindo,1,0.08387280796021801,8.4,-1.7965408333333333,30.10793388888889,Rwanda,Rulindo
23.0,unknown,Protected Well,unknown,Rulindo,1,0.1487144157836966,14.9,-1.7973330555555553,30.11133611111111,Rwanda,Rulindo
36.0,unknown,Protected Well,unknown,Rulindo,1,0.047816261762991585,4.8,-1.7973841666666666,30.11160138888889,Rwanda,Rulindo
46.0,unknown,Protected Well,unknown,Rulindo,1,0.012336329645811328,1.2,-1.7954180555555554,30.120584722222222,Rwanda,Rulindo
46.0,unknown,Protected Well,unknown,Rulindo,1,0.012336329645811328,1.2,-1.79497,30.11892638888889,Rwanda,Rulindo
16.0,Hand Pump,Sand or Sub-surface Dam,Private Operator/Delegated Management,Rulindo,1,0.22104142655232517,22.1,-1.7896352777777778,30.114973055555556,Rwanda,Rulindo
46.0,unknown,Protected Well,unknown,Rulindo,1,0.012336329645811328,1.2,-1.784839774,30.10156444,Rwanda,Rulindo
28.0,unknown,Protected Well,unknown,Rulindo,1,0.08387280796021801,8.4,-1.7845083333333331,30.110793611111113,Rwanda,Rulindo
5.0,unknown,Protected Well,unknown,Rulindo,1,0.008564511579654988,0.9,-1.7840742000000145,30.130089900000012,Rwanda,Rulindo
33.0,unknown,Protected Well,unknown,Rulindo,1,0.039646258443852944,4.0,-1.7838516666666668,30.130086666666664,Rwanda,Rulindo
23.0,unknown,Protected Well,unknown,Rulindo,1,0.1487144157836966,14.9,-1.7822400000000003,30.11287666666666,Rwanda,Rulindo
5.0,Public Tapstand,Protected Well,unknown,Gicumbi,1,0.07707408005917082,7.7,-1.7690666999999984,30.1054908,Rwanda,Gicumbi
8.0,unknown,Protected Well,unknown,Gicumbi,1,0.2297284038152635,23.0,-1.768355333,30.11711011,Rwanda,Gicumbi
8.0,Public Tapstand,Protected Well,unknown,Gicumbi,1,0.3107803640747633,31.1,-1.767593655,30.12249909,Rwanda,Gicumbi
8.0,unknown,Protected Well,unknown,Gicumbi,1,0.2297284038152635,23.0,-1.76589,30.111705,Rwanda,Gicumbi
8.0,unknown,Protected Well,unknown,Gicumbi,1,0.2297284038152635,23.0,-1.763207937,30.12379212,Rwanda,Gicumbi
8.0,unknown,Protected Well,unknown,Gicumbi,1,0.2297284038152635,23.0,-1.761076186,30.12410535,Rwanda,Gicumbi
8.0,Public Tapstand,unknown,unknown,Rulindo,1,0.6088340195620978,60.9,-1.758924639,30.07079757,Rwanda,Rulindo
8.0,unknown,Protected Well,unknown,Gicumbi,1,0.2297284038152635,23.0,-1.758052809,30.12707005,Rwanda,Gicumbi
8.0,unknown,Protected Well,unknown,Gicumbi,1,0.2297284038152635,23.0,-1.757193908,30.12030275,Rwanda,Gicumbi
8.0,unknown,Protected Well,unknown,Gicumbi,1,0.2297284038152635,23.0,-1.754014479,30.12992382,Rwanda,Gicumbi
8.0,Hand Pump,Sand or Sub-surface Dam,Private Operator/Delegated Management,Gicumbi,1,0.008014484946845868,0.8,-1.7903686,30.17939474,Rwanda,Gicumbi
8.0,Hand Pump,Sand or Sub-surface Dam,Private Operator/Delegated Management,Gicumbi,1,0.008014484946845868,0.8,-1.7922604999999998,30.197838916666665,Rwanda,Gicumbi
8.0,unknown,Protected Well,unknown,Gicumbi,1,0.2297284038152635,23.0,-1.785984362,30.15606979,Rwanda,Gicumbi
8.0,unknown,Protected Spring,Private Operator/Delegated Management,Gicumbi,1,0.5679118054134966,56.8,-1.78611061,30.19177787,Rwanda,Gicumbi
8.0,Public Tapstand,Protected Spring,Private Operator/Delegated Management,Gicumbi,1,0.20026034466568854,20.0,-1.785610462,30.19595134,Rwanda,Gicumbi
8.0,unknown,Rainwater Harvesting,Private Operator/Delegated Management,Gicumbi,1,0.6265764438090262,62.7,-1.77755098,30.17609746,Rwanda,Gicumbi
5.0,Public Tapstand,Sand or Sub-surface Dam,Private Operator/Delegated Management,Gicumbi,1,0.07060083263289207,7.1,-1.767875400000003,30.198918399999993,Rwanda,Gicumbi
8.0,Hand Pump,Sand or Sub-surface Dam,Private Operator/Delegated Management,Gicumbi,1,0.008014484946845868,0.8,-1.75803662,30.18585453,Rwanda,Gicumbi
8.0,Public Tapstand,Protected Well,unknown,Gicumbi,1,0.3107803640747633,31.1,-1.757102269,30.17248437,Rwanda,Gicumbi
5.0,unknown,Protected Well,unknown,Gicumbi,1,0.022444888892706905,2.2,-1.7960133000000071,30.242264299999984,Rwanda,Gicumbi
8.0,Hand Pump,Sand or Sub-surface Dam,Private Operator/Delegated Management,Gicumbi,1,0.008014484946845868,0.8,-1.79392892,30.21734811,Rwanda,Gicumbi
8.0,Hand Pump,Sand or Sub-surface Dam,Private Operator/Delegated Management,Gicumbi,1,0.008014484946845868,0.8,-1.7941265833333333,30.22950686111111,Rwanda,Gicumbi
8.0,Hand Pump,Sand or Sub-surface Dam,Private Operator/Delegated Management,Gicumbi,1,0.008014484946845868,0.8,-1.7905531388888887,30.219848666666664,Rwanda,Gicumbi
8.0,Hand Pump,Sand or Sub-surface Dam,Private Operator/Delegated Management,Gicumbi,1,0.008014484946845868,0.8,-1.7867143333333333,30.224338694444445,Rwanda,Gicumbi
5.0,unknown,Protected Well,unknown,Gicumbi,1,0.022444888892706905,2.2,-1.7852801000000016,30.237133999999994,Rwanda,Gicumbi
8.0,unknown,Protected Well,unknown,Gicumbi,1,0.2297284038152635,23.0,-1.781497375,30.24557807,Rwanda,Gicumbi
8.0,unknown,Protected Well,unknown,Gicumbi,1,0.2297284038152635,23.0,-1.77989888,30.22121802,Rwanda,Gicumbi
5.0,Public Tapstand,unknown,unknown,Gicumbi,1,0.5911085120721807,59.1,-1.7556101999999958,30.1817952,Rwanda,Gicumbi
8.0,unknown,Protected Well,unknown,Gicumbi,1,0.2297284038152635,23.0,-1.77979297,30.22151418,Rwanda,Gicumbi
8.0,unknown,Protected Well,unknown,Gicumbi,1,0.2297284038152635,23.0,-1.778483137,30.23134956,Rwanda,Gicumbi
8.0,unknown,Protected Well,unknown,Gicumbi,1,0.2297284038152635,23.0,-1.778366064,30.23112316,Rwanda,Gicumbi
8.0,unknown,Protected Well,unknown,Gicumbi,1,0.2297284038152635,23.0,-1.775136667,30.21893167,Rwanda,Gicumbi
8.0,unknown,Protected Well,unknown,Gicumbi,1,0.2297284038152635,23.0,-1.775115892,30.21859829,Rwanda,Gicumbi
8.0,unknown,Protected Well,unknown,Gicumbi,1,0.2297284038152635,23.0,-1.77431821,30.22375949,Rwanda,Gicumbi
8.0,unknown,Protected Well,unknown,Gicumbi,1,0.2297284038152635,23.0,-1.770238756,30.21752133,Rwanda,Gicumbi
8.0,unknown,Protected Well,unknown,Gicumbi,1,0.2297284038152635,23.0,-1.768186667,30.21556667,Rwanda,Gicumbi
8.0,Hand Pump,Sand or Sub-surface Dam,Private Operator/Delegated Management,Gicumbi,1,0.008014484946845868,0.8,-1.7510208333333332,30.24879741666667,Rwanda,Gicumbi
66.0,unknown,Protected Well,unknown,Rulindo,1,0.008937167408904712,0.9,-1.74896062,30.02281537,Rwanda,Rulindo
28.0,unknown,Protected Well,unknown,Rulindo,1,0.08387280796021801,8.4,-1.7474218,30.0355458,Rwanda,Rulindo
21.0,Public Tapstand,Protected Well,unknown,Rulindo,1,0.024958750074032032,2.5,-1.74714823,30.04078813,Rwanda,Rulindo
28.0,unknown,Protected Well,unknown,Rulindo,1,0.08387280796021801,8.4,-1.74455875,30.01616032,Rwanda,Rulindo
14.0,unknown,Protected Well,unknown,Rulindo,1,0.10121371872576501,10.1,-1.7441716666666665,30.02002333333333,Rwanda,Rulindo
28.0,unknown,Protected Well,unknown,Rulindo,1,0.08387280796021801,8.4,-1.7304950000000001,30.033383333333337,Rwanda,Rulindo
5.0,Public Tapstand,unknown,unknown,Gicumbi,1,0.5911085120721807,59.1,-1.7738570000000011,30.20591380000001,Rwanda,Gicumbi
23.0,unknown,Protected Well,unknown,Rulindo,1,0.1487144157836966,14.9,-1.7249116666666668,30.01947722222222,Rwanda,Rulindo
46.0,unknown,Protected Well,unknown,Rulindo,1,0.012336329645811328,1.2,-1.718717009464345,30.002735693008464,Rwanda,Rulindo
28.0,unknown,Protected Well,unknown,Rulindo,1,0.08387280796021801,8.4,-1.7184975,30.005823333333332,Rwanda,Rulindo
5.0,unknown,Protected Well,unknown,Rulindo,1,0.008564511579654988,0.9,-1.7187475000000167,30.040357399999994,Rwanda,Rulindo
20.0,unknown,Protected Well,unknown,Rulindo,1,0.14215744950697362,14.2,-1.7158620085464394,30.049689846400664,Rwanda,Rulindo
18.0,unknown,Protected Well,Community Management,Rulindo,1,0.0482024440543144,4.8,-1.71393556,30.02433556,Rwanda,Rulindo
26.0,unknown,Protected Well,unknown,Rulindo,1,0.15391247184019097,15.4,-1.7116829433054643,30.007226845464397,Rwanda,Rulindo
5.0,Public Tapstand,Protected Well,unknown,Rulindo,1,0.4668699370214914,46.7,-1.7104224500000131,30.005799619999998,Rwanda,Rulindo
29.0,unknown,Protected Well,unknown,Rulindo,1,0.04084628142368707,4.1,-1.7123833333333334,30.025405,Rwanda,Rulindo
8.0,Public Tapstand,unknown,unknown,Rulindo,1,0.6088340195620978,60.9,-1.74110923,30.00795985,Rwanda,Rulindo
12.0,unknown,Rainwater Harvesting,Private Operator/Delegated Management,Rulindo,1,0.216161926543596,21.6,-1.7081333333333333,30.016213333333333,Rwanda,Rulindo
25.0,unknown,Protected Well,unknown,Rulindo,1,0.11161163644391181,11.2,-1.7077569444444445,30.027426666666667,Rwanda,Rulindo
28.0,unknown,Protected Well,Community Management,Rulindo,1,0.019142890074683283,1.9,-1.7075633333333333,30.027354999999996,Rwanda,Rulindo
28.0,unknown,Protected Well,unknown,Rulindo,1,0.08387280796021801,8.4,-1.7099816666666667,30.036273611111113,Rwanda,Rulindo
5.0,unknown,Protected Well,unknown,Rulindo,1,0.008564511579654988,0.9,-1.7079888000000123,30.041324200000005,Rwanda,Rulindo
24.0,unknown,Protected Well,unknown,Rulindo,1,0.11161163644391181,11.2,-1.7074083333333334,30.01580666666667,Rwanda,Rulindo
51.0,unknown,Protected Well,unknown,Rulindo,1,0.012336329645811328,1.2,-1.7061752777777777,30.01678861111111,Rwanda,Rulindo
36.0,unknown,Protected Well,unknown,Rulindo,1,0.047816261762991585,4.8,-1.70604704923124,30.01686851192913,Rwanda,Rulindo
13.0,Hand Pump,Sand or Sub-surface Dam,Private Operator/Delegated Management,Rulindo,1,0.2676316353010735,26.8,-1.7020783333333334,30.028765,Rwanda,Rulindo
76.0,unknown,Protected Well,unknown,Rulindo,1,0.008937167408904712,0.9,-1.700291468396343,30.034616976434864,Rwanda,Rulindo
46.0,unknown,Protected Well,unknown,Rulindo,1,0.012336329645811328,1.2,-1.700676976730093,30.042666876434993,Rwanda,Rulindo
46.0,unknown,Protected Well,unknown,Rulindo,1,0.012336329645811328,1.2,-1.7471402777777778,30.066683333333334,Rwanda,Rulindo
18.0,unknown,Protected Well,unknown,Rulindo,1,0.20925507995329984,20.9,-1.7449672222222223,30.050055,Rwanda,Rulindo
5.0,unknown,Protected Well,unknown,Rulindo,1,0.008564511579654988,0.9,-1.7392620000000016,30.06982579999999,Rwanda,Rulindo
18.0,unknown,Protected Well,unknown,Rulindo,1,0.20925507995329984,20.9,-1.734076517,30.05839053,Rwanda,Rulindo
5.0,unknown,Protected Well,unknown,Gicumbi,1,0.022444888892706905,2.2,-1.7324061000000146,30.085782500000015,Rwanda,Gicumbi
34.0,unknown,Protected Well,unknown,Rulindo,1,0.14135080463346295,14.1,-1.73219,30.067183333333332,Rwanda,Rulindo
28.0,unknown,Protected Well,unknown,Rulindo,1,0.08387280796021801,8.4,-1.728511666666667,30.0513625,Rwanda,Rulindo
28.0,unknown,Protected Well,unknown,Rulindo,1,0.08387280796021801,8.4,-1.7267047222222223,30.057435833333333,Rwanda,Rulindo
5.0,unknown,Protected Well,unknown,Rulindo,1,0.008564511579654988,0.9,-1.7240096000000071,30.05339899999999,Rwanda,Rulindo
22.0,unknown,Protected Well,unknown,Rulindo,1,0.10226495418795256,10.2,-1.723305,30.05449,Rwanda,Rulindo
5.0,unknown,Protected Well,unknown,Rulindo,1,0.008564511579654988,0.9,-1.722849969999995,30.07066568999998,Rwanda,Rulindo
66.0,unknown,Protected Well,unknown,Rulindo,1,0.008937167408904712,0.9,-1.7228183333333333,30.070445000000003,Rwanda,Rulindo
11.0,Hand Pump,Sand or Sub-surface Dam,No Management,Rulindo,1,0.7472183055906715,74.7,-1.7208147222222223,30.065293055555557,Rwanda,Rulindo
36.0,unknown,Protected Well,unknown,Rulindo,1,0.047816261762991585,4.8,-1.7151302777777777,30.057231944444446,Rwanda,Rulindo
5.0,unknown,Protected Well,unknown,Gicumbi,1,0.022444888892706905,2.2,-1.7153399000000058,30.087416800000007,Rwanda,Gicumbi
5.0,Public Tapstand,Protected Well,Private Operator/Delegated Management,Rulindo,1,0.21161894133972325,21.2,-1.712560790000017,30.063183240000004,Rwanda,Rulindo
8.0,unknown,Protected Well,unknown,Rulindo,1,0.3717300062976705,37.2,-1.709265005,30.07589457,Rwanda,Rulindo
5.0,Public Tapstand,Protected Well,unknown,Gicumbi,1,0.07707408005917082,7.7,-1.7075351000000045,30.086376199999997,Rwanda,Gicumbi
5.0,unknown,Protected Well,unknown,Gicumbi,1,0.022444888892706905,2.2,-1.7087628000000066,30.093473000000003,Rwanda,Gicumbi
8.0,unknown,Protected Well,unknown,Gicumbi,1,0.2297284038152635,23.0,-1.705455654,30.07992103,Rwanda,Gicumbi
5.0,Public Tapstand,Protected Well,unknown,Gicumbi,1,0.07707408005917082,7.7,-1.7056341000000068,30.09152980000001,Rwanda,Gicumbi
42.0,unknown,Protected Well,unknown,Rulindo,1,0.2378962048862514,23.8,-1.7033300000000002,30.051635,Rwanda,Rulindo
5.0,unknown,Protected Well,unknown,Gicumbi,1,0.022444888892706905,2.2,-1.7033956000000106,30.0839586,Rwanda,Gicumbi
8.0,unknown,Protected Well,unknown,Gicumbi,1,0.2297284038152635,23.0,-1.703115873,30.09355389,Rwanda,Gicumbi
5.0,unknown,Protected Well,unknown,Gicumbi,1,0.022444888892706905,2.2,-1.7004467000000143,30.079914199999997,Rwanda,Gicumbi
5.0,unknown,Protected Well,unknown,Gicumbi,1,0.022444888892706905,2.2,-1.7487114500000136,30.136498699999986,Rwanda,Gicumbi
8.0,unknown,Protected Well,unknown,Gicumbi,1,0.2297284038152635,23.0,-1.748952831,30.14076597,Rwanda,Gicumbi
5.0,unknown,Protected Well,unknown,Gicumbi,1,0.022444888892706905,2.2,-1.7451088600000022,30.13176292,Rwanda,Gicumbi
8.0,unknown,Protected Well,unknown,Gicumbi,1,0.2297284038152635,23.0,-1.741564331,30.11217416,Rwanda,Gicumbi
5.0,Public Tapstand,Protected Well,unknown,Gicumbi,1,0.07707408005917082,7.7,-1.742297400000009,30.128368999999996,Rwanda,Gicumbi
8.0,unknown,Protected Well,unknown,Gicumbi,1,0.2297284038152635,23.0,-1.742441914,30.13179558,Rwanda,Gicumbi
8.0,unknown,Protected Well,unknown,Gicumbi,1,0.2297284038152635,23.0,-1.738949212,30.13812703,Rwanda,Gicumbi
8.0,unknown,Protected Well,unknown,Gicumbi,1,0.2297284038152635,23.0,-1.737253154,30.10716201,Rwanda,Gicumbi
8.0,unknown,Protected Well,unknown,Gicumbi,1,0.2297284038152635,23.0,-1.730520266,30.14781176,Rwanda,Gicumbi
8.0,unknown,Protected Well,unknown,Gicumbi,1,0.2297284038152635,23.0,-1.728107128,30.13248018,Rwanda,Gicumbi
8.0,unknown,Protected Well,unknown,Gicumbi,1,0.2297284038152635,23.0,-1.729525,30.149665,Rwanda,Gicumbi
8.0,unknown,Protected Well,unknown,Gicumbi,1,0.2297284038152635,23.0,-1.723698869,30.13575759,Rwanda,Gicumbi
8.0,Public Tapstand,unknown,unknown,Gicumbi,0,0.6553695175834133,65.5,-1.70273798,30.12138708,Rwanda,Gicumbi
5.0,unknown,Protected Well,unknown,Gicumbi,1,0.022444888892706905,2.2,-1.7199432800000025,30.12846985999999,Rwanda,Gicumbi
5.0,unknown,Protected Well,unknown,Gicumbi,1,0.022444888892706905,2.2,-1.719668000000018,30.13076370000001,Rwanda,Gicumbi
8.0,unknown,Protected Well,unknown,Gicumbi,1,0.2297284038152635,23.0,-1.716510098,30.11162278,Rwanda,Gicumbi
8.0,unknown,Protected Well,unknown,Gicumbi,1,0.2297284038152635,23.0,-1.716723289,30.14732614,Rwanda,Gicumbi
5.0,Public Tapstand,unknown,unknown,Gicumbi,0,0.5911085120721807,59.1,-1.7382374000000114,30.241749299999984,Rwanda,Gicumbi
30.0,unknown,Protected Well,unknown,Rulindo,1,0.03848969929514989,3.8,-1.7022286111111111,29.933431666666667,Rwanda,Rulindo
8.0,unknown,Protected Well,unknown,Gicumbi,1,0.2297284038152635,23.0,-1.709316426,30.12608771,Rwanda,Gicumbi
8.0,unknown,Protected Well,unknown,Gicumbi,1,0.2297284038152635,23.0,-1.705892816,30.13347379,Rwanda,Gicumbi
8.0,unknown,Protected Well,unknown,Gicumbi,1,0.2297284038152635,23.0,-1.748267855,30.17373534,Rwanda,Gicumbi
8.0,unknown,Protected Well,unknown,Gicumbi,1,0.2297284038152635,23.0,-1.745893333,30.17775167,Rwanda,Gicumbi
8.0,unknown,Protected Well,unknown,Gicumbi,1,0.2297284038152635,23.0,-1.743885502,30.18329002,Rwanda,Gicumbi
5.0,unknown,Protected Well,unknown,Gicumbi,1,0.022444888892706905,2.2,-1.721147690000004,30.161855169999992,Rwanda,Gicumbi
8.0,unknown,Protected Well,unknown,Gicumbi,1,0.2297284038152635,23.0,-1.721732961,30.18955458,Rwanda,Gicumbi
5.0,unknown,Protected Well,unknown,Gicumbi,1,0.022444888892706905,2.2,-1.7157944400000005,30.15759597000001,Rwanda,Gicumbi
8.0,unknown,Protected Well,unknown,Gicumbi,1,0.2297284038152635,23.0,-1.714517834,30.15524314,Rwanda,Gicumbi
8.0,unknown,Protected Well,unknown,Gicumbi,1,0.2297284038152635,23.0,-1.706885941,30.17854281,Rwanda,Gicumbi
8.0,Public Tapstand,Protected Well,unknown,Gicumbi,1,0.3107803640747633,31.1,-1.703046696,30.15359088,Rwanda,Gicumbi
5.0,Public Tapstand,Protected Well,unknown,Gicumbi,1,0.07707408005917082,7.7,-1.7443517000000073,30.238036099999995,Rwanda,Gicumbi
5.0,Public Tapstand,Protected Well,unknown,Gicumbi,1,0.07707408005917082,7.7,-1.7429999999999986,30.240542699999985,Rwanda,Gicumbi
8.0,unknown,Protected Well,unknown,Gicumbi,1,0.2297284038152635,23.0,-1.725601072,30.2037836,Rwanda,Gicumbi
8.0,Public Tapstand,Protected Well,unknown,Gicumbi,1,0.3107803640747633,31.1,-1.721666081,30.24675312,Rwanda,Gicumbi
8.0,unknown,Protected Well,unknown,Gicumbi,1,0.2297284038152635,23.0,-1.715434409,30.2209739,Rwanda,Gicumbi
8.0,unknown,Protected Well,unknown,Gicumbi,1,0.2297284038152635,23.0,-1.712691667,30.21545667,Rwanda,Gicumbi
8.0,unknown,Protected Well,unknown,Gicumbi,1,0.2297284038152635,23.0,-1.712651667,30.21577667,Rwanda,Gicumbi
5.0,Public Tapstand,Protected Well,unknown,Gicumbi,1,0.07707408005917082,7.7,-1.7149755,30.220011099999986,Rwanda,Gicumbi
8.0,unknown,Protected Well,unknown,Gicumbi,1,0.2297284038152635,23.0,-1.713388885,30.21840923,Rwanda,Gicumbi
5.0,Public Tapstand,unknown,unknown,Gicumbi,1,0.5911085120721807,59.1,-1.6868948999999986,30.087582500000007,Rwanda,Gicumbi
8.0,unknown,Protected Well,unknown,Gicumbi,1,0.2297284038152635,23.0,-1.713471902,30.21850658,Rwanda,Gicumbi
8.0,unknown,Protected Well,unknown,Gicumbi,1,0.2297284038152635,23.0,-1.712956432,30.22018535,Rwanda,Gicumbi
8.0,unknown,Protected Well,unknown,Gicumbi,1,0.2297284038152635,23.0,-1.711557332,30.21653596,Rwanda,Gicumbi
8.0,unknown,Protected Well,unknown,Gicumbi,1,0.2297284038152635,23.0,-1.711480076,30.21640888,Rwanda,Gicumbi
5.0,unknown,Protected Well,unknown,Gicumbi,1,0.022444888892706905,2.2,-1.711850499999997,30.223989600000014,Rwanda,Gicumbi
8.0,unknown,Protected Well,unknown,Gicumbi,1,0.2297284038152635,23.0,-1.708363333,30.20991,Rwanda,Gicumbi
8.0,unknown,Protected Well,unknown,Gicumbi,1,0.2297284038152635,23.0,-1.706531667,30.21218,Rwanda,Gicumbi
8.0,unknown,Protected Well,unknown,Gicumbi,1,0.2297284038152635,23.0,-1.706486473,30.21203444,Rwanda,Gicumbi
8.0,unknown,Protected Well,unknown,Gicumbi,1,0.2297284038152635,23.0,-1.706415553,30.21215658,Rwanda,Gicumbi
8.0,unknown,Protected Well,unknown,Gicumbi,1,0.2297284038152635,23.0,-1.705916897,30.23132365,Rwanda,Gicumbi
5.0,unknown,Protected Well,unknown,Gicumbi,1,0.022444888892706905,2.2,-1.7040218000000005,30.210749199999984,Rwanda,Gicumbi
5.0,unknown,Protected Well,unknown,Gicumbi,1,0.022444888892706905,2.2,-1.700270300000014,30.207315299999983,Rwanda,Gicumbi
8.0,unknown,Protected Well,unknown,Gicumbi,1,0.2297284038152635,23.0,-1.701838574,30.21067199,Rwanda,Gicumbi
7.0,unknown,Borehole/Tubewell,unknown,Kayonza,1,0.053501099371009664,5.4,-1.73058,30.45958,Rwanda,Kayonza
5.0,Public Tapstand,Protected Well,Private Operator/Delegated Management,Rulindo,1,0.21161894133972325,21.2,-1.6978216700000068,30.028094489999997,Rwanda,Rulindo
26.0,unknown,Protected Well,unknown,Rulindo,1,0.15391247184019097,15.4,-1.6986602777777777,30.037172222222225,Rwanda,Rulindo
40.0,unknown,Protected Well,unknown,Rulindo,1,0.416523601541422,41.7,-1.69855057,30.03732923,Rwanda,Rulindo
26.0,unknown,Protected Well,unknown,Rulindo,1,0.15391247184019097,15.4,-1.695608546430063,30.046522876737096,Rwanda,Rulindo
9.0,Hand Pump,Sand or Sub-surface Dam,Private Operator/Delegated Management,Rulindo,1,0.6437685567939819,64.4,-1.69034,30.015598611111113,Rwanda,Rulindo
39.0,unknown,Protected Well,unknown,Rulindo,1,0.2844155712083617,28.4,-1.692136727874054,30.02146392212493,Rwanda,Rulindo
46.0,unknown,Protected Well,unknown,Rulindo,1,0.012336329645811328,1.2,-1.6908633333333332,30.035543333333333,Rwanda,Rulindo
8.0,Public Tapstand,unknown,unknown,Gicumbi,1,0.6553695175834133,65.5,-1.680786221,30.16789475,Rwanda,Gicumbi
46.0,unknown,Protected Well,unknown,Rulindo,1,0.012336329645811328,1.2,-1.6858716666666667,30.026981666666664,Rwanda,Rulindo
12.0,Hand Pump,Sand or Sub-surface Dam,Private Operator/Delegated Management,Rulindo,1,0.7183694442361668,71.8,-1.686911388888889,30.031214166666665,Rwanda,Rulindo
34.0,unknown,Protected Well,unknown,Rulindo,1,0.14135080463346295,14.1,-1.6803700000000001,30.00951,Rwanda,Rulindo
12.0,Hand Pump,Sand or Sub-surface Dam,Private Operator/Delegated Management,Rulindo,1,0.7183694442361668,71.8,-1.6777655555555555,30.030978055555554,Rwanda,Rulindo
28.0,unknown,Protected Well,unknown,Rulindo,1,0.08387280796021801,8.4,-1.6753566666666666,30.004305,Rwanda,Rulindo
28.0,unknown,Protected Well,unknown,Rulindo,1,0.08387280796021801,8.4,-1.6712727777777776,30.025601944444443,Rwanda,Rulindo
28.0,unknown,Protected Well,unknown,Rulindo,1,0.08387280796021801,8.4,-1.6714108333333333,30.029441388888888,Rwanda,Rulindo
28.0,unknown,Protected Well,unknown,Rulindo,1,0.08387280796021801,8.4,-1.6714747222222222,30.02956777777778,Rwanda,Rulindo
28.0,unknown,Protected Well,unknown,Rulindo,1,0.08387280796021801,8.4,-1.6713116666666665,30.029275,Rwanda,Rulindo
5.0,Public Tapstand,unknown,unknown,Gicumbi,0,0.5911085120721807,59.1,-1.5823942999999976,30.066916539999994,Rwanda,Gicumbi
5.0,Public Tapstand,Protected Well,unknown,Rulindo,1,0.4668699370214914,46.7,-1.672420559999995,30.043303400000006,Rwanda,Rulindo
12.0,Hand Pump,Sand or Sub-surface Dam,Private Operator/Delegated Management,Rulindo,1,0.7183694442361668,71.8,-1.6697377777777775,30.01842611111111,Rwanda,Rulindo
5.0,Public Tapstand,Protected Well,unknown,Rulindo,1,0.4668699370214914,46.7,-1.6697266500000074,30.01840595,Rwanda,Rulindo
28.0,unknown,Protected Well,unknown,Rulindo,1,0.08387280796021801,8.4,-1.6688574999999999,30.035254722222223,Rwanda,Rulindo
5.0,Public Tapstand,Protected Well,unknown,Rulindo,1,0.4668699370214914,46.7,-1.6684836400000087,30.04683288999999,Rwanda,Rulindo
5.0,unknown,Protected Well,unknown,Rulindo,1,0.008564511579654988,0.9,-1.6662151799999996,30.001632349999998,Rwanda,Rulindo
28.0,unknown,Protected Well,unknown,Rulindo,1,0.08387280796021801,8.4,-1.6665938888888887,30.02826361111111,Rwanda,Rulindo
28.0,unknown,Protected Well,unknown,Rulindo,1,0.08387280796021801,8.4,-1.660116613,30.00552815,Rwanda,Rulindo
5.0,Public Tapstand,unknown,unknown,Gicumbi,1,0.5911085120721807,59.1,-1.6297556999999963,30.009986599999994,Rwanda,Gicumbi
28.0,unknown,Protected Well,unknown,Rulindo,1,0.08387280796021801,8.4,-1.6611097222222222,30.023465555555553,Rwanda,Rulindo
5.0,unknown,Protected Well,unknown,Rulindo,1,0.008564511579654988,0.9,-1.6618334400000156,30.0446337,Rwanda,Rulindo
28.0,unknown,Protected Well,unknown,Rulindo,1,0.08387280796021801,8.4,-1.660003445,30.01419878,Rwanda,Rulindo
28.0,unknown,Protected Well,unknown,Rulindo,1,0.08387280796021801,8.4,-1.6583863888888888,30.012978611111112,Rwanda,Rulindo
28.0,unknown,Protected Well,unknown,Rulindo,1,0.08387280796021801,8.4,-1.658329377,30.01281854,Rwanda,Rulindo
5.0,unknown,Protected Well,unknown,Gicumbi,1,0.022444888892706905,2.2,-1.652521200000014,30.005367400000008,Rwanda,Gicumbi
28.0,unknown,Protected Well,unknown,Rulindo,1,0.08387280796021801,8.4,-1.654883611111111,30.007670833333332,Rwanda,Rulindo
38.0,unknown,Protected Well,unknown,Rulindo,1,0.2022139463148589,20.2,-1.6527941666666666,30.020822777777777,Rwanda,Rulindo
38.0,unknown,Protected Well,unknown,Rulindo,1,0.2022139463148589,20.2,-1.6530869444444443,30.028015555555555,Rwanda,Rulindo
28.0,unknown,Protected Well,unknown,Rulindo,1,0.08387280796021801,8.4,-1.6530219444444443,30.049376666666667,Rwanda,Rulindo
19.0,unknown,Protected Well,unknown,Rulindo,1,0.09997693633294313,10.0,-1.6524897222222221,30.0288175,Rwanda,Rulindo
28.0,unknown,Protected Well,unknown,Rulindo,1,0.08387280796021801,8.4,-1.6504991666666666,30.047517222222226,Rwanda,Rulindo
8.0,unknown,Protected Well,unknown,Gicumbi,1,0.2297284038152635,23.0,-1.695199016,30.07247718,Rwanda,Gicumbi
8.0,unknown,Protected Well,unknown,Gicumbi,1,0.2297284038152635,23.0,-1.693450737,30.07651088,Rwanda,Gicumbi
8.0,Public Tapstand,Protected Well,unknown,Gicumbi,1,0.3107803640747633,31.1,-1.691743354,30.07135625,Rwanda,Gicumbi
8.0,unknown,Protected Well,unknown,Gicumbi,1,0.2297284038152635,23.0,-1.690113309,30.08099008,Rwanda,Gicumbi
8.0,unknown,Protected Well,unknown,Gicumbi,1,0.2297284038152635,23.0,-1.687537716,30.06624187,Rwanda,Gicumbi
8.0,unknown,Protected Well,unknown,Gicumbi,1,0.2297284038152635,23.0,-1.689925,30.07600333,Rwanda,Gicumbi
8.0,unknown,Protected Well,unknown,Gicumbi,1,0.2297284038152635,23.0,-1.688044414,30.07576826,Rwanda,Gicumbi
5.0,Public Tapstand,unknown,unknown,Gicumbi,1,0.5911085120721807,59.1,-1.6452582999999954,30.1208933,Rwanda,Gicumbi
5.0,Public Tapstand,Protected Well,unknown,Gicumbi,1,0.07707408005917082,7.7,-1.6858943000000142,30.07352840000001,Rwanda,Gicumbi
5.0,unknown,Protected Well,unknown,Gicumbi,1,0.022444888892706905,2.2,-1.6858620999999936,30.078752400000006,Rwanda,Gicumbi
8.0,unknown,Protected Well,unknown,Gicumbi,1,0.2297284038152635,23.0,-1.686705134,30.08778498,Rwanda,Gicumbi
5.0,unknown,Protected Well,unknown,Gicumbi,1,0.022444888892706905,2.2,-1.6831135000000057,30.067317300000006,Rwanda,Gicumbi
8.0,Public Tapstand,unknown,unknown,Gicumbi,1,0.6553695175834133,65.5,-1.612373757,30.1228815,Rwanda,Gicumbi
8.0,unknown,Protected Well,unknown,Gicumbi,1,0.2297284038152635,23.0,-1.682996659,30.08259815,Rwanda,Gicumbi
5.0,unknown,Protected Well,unknown,Gicumbi,1,0.022444888892706905,2.2,-1.6788067000000066,30.081052199999995,Rwanda,Gicumbi
8.0,unknown,Protected Well,unknown,Gicumbi,1,0.2297284038152635,23.0,-1.678241432,30.09688699,Rwanda,Gicumbi
5.0,Public Tapstand,Protected Well,unknown,Gicumbi,1,0.07707408005917082,7.7,-1.6688314799999937,30.09601573999999,Rwanda,Gicumbi
8.0,unknown,Protected Well,unknown,Gicumbi,1,0.2297284038152635,23.0,-1.66581439,30.06234604,Rwanda,Gicumbi
5.0,Public Tapstand,Protected Well,unknown,Gicumbi,1,0.07707408005917082,7.7,-1.6649209000000187,30.072423599999983,Rwanda,Gicumbi
28.0,unknown,Protected Well,unknown,Rulindo,1,0.08387280796021801,8.4,-1.6602319444444444,30.05741861111111,Rwanda,Rulindo
12.0,Hand Pump,Sand or Sub-surface Dam,No Management,Gicumbi,1,0.28569762685533007,28.6,-1.6615877777777777,30.06195472222222,Rwanda,Gicumbi
37.0,unknown,Protected Well,unknown,Rulindo,1,0.047816261762991585,4.8,-1.6587866666666664,30.05191,Rwanda,Rulindo
28.0,unknown,Protected Well,unknown,Rulindo,1,0.08387280796021801,8.4,-1.659534722222222,30.053699166666668,Rwanda,Rulindo
28.0,unknown,Protected Well,unknown,Rulindo,1,0.08387280796021801,8.4,-1.6596666666666666,30.058633055555557,Rwanda,Rulindo
28.0,unknown,Protected Well,unknown,Rulindo,1,0.08387280796021801,8.4,-1.6555566666666666,30.051465,Rwanda,Rulindo
28.0,unknown,Protected Well,unknown,Rulindo,1,0.08387280796021801,8.4,-1.6535141666666666,30.06925222222222,Rwanda,Rulindo
5.0,unknown,Protected Well,unknown,Gicumbi,1,0.022444888892706905,2.2,-1.6996652000000156,30.119969899999994,Rwanda,Gicumbi
8.0,unknown,Protected Well,unknown,Gicumbi,1,0.2297284038152635,23.0,-1.699672289,30.14522315,Rwanda,Gicumbi
5.0,Public Tapstand,unknown,unknown,Gicumbi,0,0.5911085120721807,59.1,-1.440971800000005,30.08633169999999,Rwanda,Gicumbi
5.0,unknown,Protected Well,unknown,Gicumbi,1,0.022444888892706905,2.2,-1.6945175000000097,30.115963299999994,Rwanda,Gicumbi
8.0,unknown,Protected Well,unknown,Gicumbi,1,0.2297284038152635,23.0,-1.693341639,30.14109563,Rwanda,Gicumbi
8.0,unknown,Protected Well,unknown,Gicumbi,1,0.2297284038152635,23.0,-1.693955416,30.14826378,Rwanda,Gicumbi
8.0,unknown,Protected Well,unknown,Gicumbi,1,0.2297284038152635,23.0,-1.690624061,30.11809762,Rwanda,Gicumbi
8.0,unknown,Protected Well,unknown,Gicumbi,1,0.2297284038152635,23.0,-1.688564343,30.1087185,Rwanda,Gicumbi
8.0,unknown,Protected Well,unknown,Gicumbi,1,0.2297284038152635,23.0,-1.687547871,30.1159243,Rwanda,Gicumbi
5.0,unknown,Protected Well,unknown,Gicumbi,1,0.022444888892706905,2.2,-1.6878309999999952,30.133330700000005,Rwanda,Gicumbi
8.0,Public Tapstand,Protected Well,unknown,Gicumbi,1,0.3107803640747633,31.1,-1.683995262,30.10681271,Rwanda,Gicumbi
5.0,unknown,Protected Well,unknown,Gicumbi,1,0.022444888892706905,2.2,-1.6846413000000087,30.136001199999992,Rwanda,Gicumbi
8.0,unknown,Protected Well,unknown,Gicumbi,1,0.2297284038152635,23.0,-1.677534383,30.10528895,Rwanda,Gicumbi
5.0,unknown,Protected Well,unknown,Gicumbi,1,0.022444888892706905,2.2,-1.678532999999998,30.13951440000001,Rwanda,Gicumbi
5.0,unknown,Protected Well,unknown,Gicumbi,1,0.022444888892706905,2.2,-1.6789426999999972,30.140677400000005,Rwanda,Gicumbi
5.0,unknown,Protected Well,unknown,Gicumbi,1,0.022444888892706905,2.2,-1.6788306000000017,30.14283019999999,Rwanda,Gicumbi
8.0,unknown,Protected Well,unknown,Gicumbi,1,0.2297284038152635,23.0,-1.675697451,30.11392024,Rwanda,Gicumbi
8.0,unknown,Protected Well,unknown,Gicumbi,1,0.2297284038152635,23.0,-1.675670749,30.11417578,Rwanda,Gicumbi
5.0,Public Tapstand,Protected Well,unknown,Gicumbi,1,0.07707408005917082,7.7,-1.6769599999999996,30.136069899999992,Rwanda,Gicumbi
8.0,unknown,Protected Well,unknown,Gicumbi,1,0.2297284038152635,23.0,-1.674917598,30.14737384,Rwanda,Gicumbi
8.0,unknown,Protected Well,unknown,Gicumbi,1,0.2297284038152635,23.0,-1.674312564,30.14963315,Rwanda,Gicumbi
8.0,unknown,Protected Well,unknown,Gicumbi,1,0.2297284038152635,23.0,-1.670716238,30.14232781,Rwanda,Gicumbi
5.0,unknown,Protected Well,unknown,Gicumbi,1,0.022444888892706905,2.2,-1.6670445000000036,30.10219139999998,Rwanda,Gicumbi
8.0,unknown,Protected Well,unknown,Gicumbi,1,0.2297284038152635,23.0,-1.661419615,30.12026794,Rwanda,Gicumbi
8.0,unknown,Protected Well,unknown,Gicumbi,1,0.2297284038152635,23.0,-1.662145267,30.14469057,Rwanda,Gicumbi
5.0,unknown,Protected Well,unknown,Gicumbi,1,0.022444888892706905,2.2,-1.6616659999999959,30.148165799999987,Rwanda,Gicumbi
8.0,Public Tapstand,Protected Well,unknown,Gicumbi,1,0.3107803640747633,31.1,-1.659394903,30.11408607,Rwanda,Gicumbi
8.0,unknown,Protected Well,unknown,Gicumbi,1,0.2297284038152635,23.0,-1.658284764,30.11879417,Rwanda,Gicumbi
8.0,unknown,Protected Well,unknown,Gicumbi,1,0.2297284038152635,23.0,-1.65569177,30.11462738,Rwanda,Gicumbi
8.0,unknown,Protected Well,unknown,Gicumbi,1,0.2297284038152635,23.0,-1.656653333,30.12407667,Rwanda,Gicumbi
5.0,unknown,Protected Well,unknown,Gicumbi,1,0.022444888892706905,2.2,-1.6564915000000058,30.124102600000008,Rwanda,Gicumbi
8.0,unknown,Protected Well,unknown,Gicumbi,1,0.2297284038152635,23.0,-1.657227259,30.1250869,Rwanda,Gicumbi
8.0,unknown,Protected Well,unknown,Gicumbi,1,0.2297284038152635,23.0,-1.656806416,30.12534732,Rwanda,Gicumbi
8.0,Public Tapstand,unknown,unknown,Gicumbi,1,0.6553695175834133,65.5,-1.58613664,30.0584197,Rwanda,Gicumbi
5.0,Public Tapstand,Protected Well,unknown,Gicumbi,1,0.07707408005917082,7.7,-1.6555690999999946,30.143666199999988,Rwanda,Gicumbi
8.0,unknown,Protected Well,unknown,Gicumbi,1,0.2297284038152635,23.0,-1.654947584,30.11952243,Rwanda,Gicumbi
8.0,unknown,Protected Well,unknown,Gicumbi,1,0.2297284038152635,23.0,-1.653086667,30.141195,Rwanda,Gicumbi
8.0,unknown,Protected Well,unknown,Gicumbi,1,0.2297284038152635,23.0,-1.651103333,30.135375,Rwanda,Gicumbi
5.0,unknown,Protected Well,unknown,Gicumbi,1,0.022444888892706905,2.2,-1.699587100000002,30.190449700000002,Rwanda,Gicumbi
8.0,Public Tapstand,unknown,unknown,Gicumbi,1,0.6553695175834133,65.5,-1.580045567,30.07007845,Rwanda,Gicumbi
8.0,unknown,Protected Well,unknown,Gicumbi,1,0.2297284038152635,23.0,-1.695779723,30.18045969,Rwanda,Gicumbi
8.0,unknown,Protected Well,unknown,Gicumbi,1,0.2297284038152635,23.0,-1.692999125,30.15037245,Rwanda,Gicumbi
8.0,unknown,Protected Well,unknown,Gicumbi,1,0.2297284038152635,23.0,-1.693371255,30.18253294,Rwanda,Gicumbi
5.0,unknown,Protected Well,unknown,Gicumbi,1,0.022444888892706905,2.2,-1.6905540900000149,30.16845770999999,Rwanda,Gicumbi
5.0,Public Tapstand,Protected Well,unknown,Gicumbi,1,0.07707408005917082,7.7,-1.6902655000000033,30.182164640000003,Rwanda,Gicumbi
10.0,unknown,Borehole/Tubewell,unknown,Ruhango,1,0.5081032045294142,50.8,-2.265783,29.76795,Rwanda,Ruhango
5.0,unknown,Protected Well,unknown,Gicumbi,1,0.022444888892706905,2.2,-1.6882455100000004,30.17283870999998,Rwanda,Gicumbi
8.0,unknown,Protected Well,unknown,Gicumbi,1,0.2297284038152635,23.0,-1.685072209,30.15961023,Rwanda,Gicumbi
8.0,unknown,Protected Well,unknown,Gicumbi,1,0.2297284038152635,23.0,-1.68679362,30.16258211,Rwanda,Gicumbi
5.0,unknown,Protected Well,unknown,Gicumbi,1,0.022444888892706905,2.2,-1.6865948000000104,30.168743,Rwanda,Gicumbi
5.0,Public Tapstand,unknown,unknown,Gicumbi,1,0.5911085120721807,59.1,-1.590441700000014,30.142013000000002,Rwanda,Gicumbi
5.0,unknown,Protected Well,unknown,Gicumbi,1,0.022444888892706905,2.2,-1.6870983000000166,30.17951999999999,Rwanda,Gicumbi
8.0,unknown,Protected Well,unknown,Gicumbi,1,0.2297284038152635,23.0,-1.685092029,30.19181118,Rwanda,Gicumbi
8.0,unknown,Protected Well,unknown,Gicumbi,1,0.2297284038152635,23.0,-1.683878402,30.1600132,Rwanda,Gicumbi
5.0,unknown,Protected Well,unknown,Gicumbi,1,0.022444888892706905,2.2,-1.6807605000000145,30.173300700000013,Rwanda,Gicumbi
5.0,unknown,Protected Well,unknown,Gicumbi,1,0.022444888892706905,2.2,-1.6786148999999937,30.171433299999993,Rwanda,Gicumbi
5.0,unknown,Protected Well,unknown,Gicumbi,1,0.022444888892706905,2.2,-1.6776764000000104,30.193896199999987,Rwanda,Gicumbi
8.0,unknown,Protected Well,unknown,Gicumbi,1,0.2297284038152635,23.0,-1.67730626,30.15541035,Rwanda,Gicumbi
8.0,unknown,Protected Well,unknown,Gicumbi,1,0.2297284038152635,23.0,-1.677207205,30.15544492,Rwanda,Gicumbi
8.0,Public Tapstand,Protected Well,unknown,Gicumbi,1,0.3107803640747633,31.1,-1.675764085,30.18842729,Rwanda,Gicumbi
8.0,unknown,Protected Well,unknown,Gicumbi,1,0.2297284038152635,23.0,-1.675858722,30.19048845,Rwanda,Gicumbi
8.0,unknown,Protected Well,unknown,Gicumbi,1,0.2297284038152635,23.0,-1.674477611,30.15308315,Rwanda,Gicumbi
8.0,unknown,Protected Well,unknown,Gicumbi,1,0.2297284038152635,23.0,-1.67476365,30.15779308,Rwanda,Gicumbi
5.0,unknown,Protected Well,unknown,Gicumbi,1,0.022444888892706905,2.2,-1.6645900000000056,30.1538862,Rwanda,Gicumbi
5.0,unknown,Protected Well,unknown,Gicumbi,1,0.022444888892706905,2.2,-1.664080500000001,30.178554099999985,Rwanda,Gicumbi
8.0,unknown,Protected Well,unknown,Gicumbi,1,0.2297284038152635,23.0,-1.66431556,30.1947427,Rwanda,Gicumbi
8.0,unknown,Protected Well,unknown,Gicumbi,1,0.2297284038152635,23.0,-1.661984095,30.15348663,Rwanda,Gicumbi
5.0,unknown,Protected Well,unknown,Gicumbi,1,0.022444888892706905,2.2,-1.6583693000000188,30.150010999999992,Rwanda,Gicumbi
5.0,Public Tapstand,unknown,unknown,Gicumbi,1,0.5911085120721807,59.1,-1.5727251799999966,30.152425290000004,Rwanda,Gicumbi
5.0,unknown,Protected Well,unknown,Gicumbi,1,0.022444888892706905,2.2,-1.6588887000000139,30.173618200000007,Rwanda,Gicumbi
8.0,unknown,Protected Well,unknown,Gicumbi,1,0.2297284038152635,23.0,-1.659519632,30.19275032,Rwanda,Gicumbi
8.0,unknown,Protected Well,unknown,Gicumbi,1,0.2297284038152635,23.0,-1.657159549,30.15212924,Rwanda,Gicumbi
8.0,unknown,Protected Well,unknown,Gicumbi,1,0.2297284038152635,23.0,-1.656323333,30.15059,Rwanda,Gicumbi
8.0,unknown,Protected Well,unknown,Gicumbi,1,0.2297284038152635,23.0,-1.654551175,30.15316316,Rwanda,Gicumbi
8.0,unknown,Protected Well,unknown,Gicumbi,1,0.2297284038152635,23.0,-1.65439,30.15307333,Rwanda,Gicumbi
8.0,unknown,Protected Well,unknown,Gicumbi,1,0.2297284038152635,23.0,-1.651568333,30.15086333,Rwanda,Gicumbi
5.0,Public Tapstand,Protected Well,unknown,Gicumbi,1,0.07707408005917082,7.7,-1.6502753000000114,30.177311300000003,Rwanda,Gicumbi
8.0,unknown,Protected Well,unknown,Gicumbi,1,0.2297284038152635,23.0,-1.650354085,30.19078054,Rwanda,Gicumbi
8.0,unknown,Protected Well,unknown,Gicumbi,1,0.2297284038152635,23.0,-1.697813333,30.20702833,Rwanda,Gicumbi
5.0,unknown,Protected Well,unknown,Gicumbi,1,0.022444888892706905,2.2,-1.6925060000000074,30.202163000000002,Rwanda,Gicumbi
5.0,unknown,Protected Well,unknown,Gicumbi,1,0.022444888892706905,2.2,-1.694392200000018,30.2046225,Rwanda,Gicumbi
5.0,unknown,Protected Well,unknown,Gicumbi,1,0.022444888892706905,2.2,-1.6941879000000066,30.211049299999992,Rwanda,Gicumbi
8.0,unknown,Protected Well,unknown,Gicumbi,1,0.2297284038152635,23.0,-1.694077759,30.21109378,Rwanda,Gicumbi
5.0,unknown,Protected Well,unknown,Gicumbi,1,0.022444888892706905,2.2,-1.6835377000000114,30.200958999999997,Rwanda,Gicumbi
8.0,unknown,Protected Well,unknown,Gicumbi,1,0.2297284038152635,23.0,-1.673171862,30.21294645,Rwanda,Gicumbi
8.0,unknown,Protected Well,unknown,Gicumbi,1,0.2297284038152635,23.0,-1.673643317,30.21735939,Rwanda,Gicumbi
5.0,unknown,Protected Well,unknown,Gicumbi,1,0.022444888892706905,2.2,-1.6727451000000102,30.22338230000001,Rwanda,Gicumbi
8.0,unknown,Protected Well,unknown,Gicumbi,1,0.2297284038152635,23.0,-1.668763324,30.21293649,Rwanda,Gicumbi
5.0,unknown,Protected Well,unknown,Gicumbi,1,0.022444888892706905,2.2,-1.6657013000000156,30.22654429999999,Rwanda,Gicumbi
8.0,unknown,Protected Well,unknown,Gicumbi,1,0.2297284038152635,23.0,-1.660930573,30.20248524,Rwanda,Gicumbi
8.0,unknown,Protected Well,unknown,Gicumbi,1,0.2297284038152635,23.0,-1.661815683,30.20747763,Rwanda,Gicumbi
5.0,unknown,Protected Well,unknown,Gicumbi,1,0.022444888892706905,2.2,-1.6602906000000128,30.225353099999996,Rwanda,Gicumbi
5.0,unknown,Protected Well,unknown,Gicumbi,1,0.022444888892706905,2.2,-1.6966710999999985,30.250443600000004,Rwanda,Gicumbi
8.0,unknown,Protected Well,unknown,Gicumbi,1,0.2297284038152635,23.0,-1.696406561,30.25571463,Rwanda,Gicumbi
12.0,Hand Pump - India Mark,Borehole/Tubewell,unknown,Gatsibo,1,0.6330738677879628,63.3,-1.677,30.389,Rwanda,Gatsibo
9.0,unknown,Protected Well,unknown,Rulindo,1,0.23667746560656744,23.7,-1.647605,30.0183625,Rwanda,Rulindo
23.0,unknown,Protected Well,unknown,Rulindo,1,0.1487144157836966,14.9,-1.6468705555555556,30.01650777777778,Rwanda,Rulindo
28.0,unknown,Protected Well,unknown,Rulindo,1,0.08387280796021801,8.4,-1.6454199999999999,30.043314444444444,Rwanda,Rulindo
28.0,unknown,Protected Well,unknown,Rulindo,1,0.08387280796021801,8.4,-1.64371125,30.03793012,Rwanda,Rulindo
8.0,unknown,Protected Well,unknown,Gicumbi,1,0.2297284038152635,23.0,-1.64235397,30.01060752,Rwanda,Gicumbi
5.0,Public Tapstand,Protected Well,unknown,Gicumbi,1,0.07707408005917082,7.7,-1.642319699999994,30.011023699999996,Rwanda,Gicumbi
38.0,unknown,Protected Well,unknown,Rulindo,1,0.2022139463148589,20.2,-1.6422947222222222,30.014408333333332,Rwanda,Rulindo
38.0,unknown,Protected Well,unknown,Rulindo,1,0.2022139463148589,20.2,-1.6398125,30.014127777777777,Rwanda,Rulindo
5.0,Public Tapstand,unknown,unknown,Gicumbi,1,0.5911085120721807,59.1,-1.5174980000000122,30.051134139999995,Rwanda,Gicumbi
38.0,unknown,Protected Well,unknown,Rulindo,1,0.2022139463148589,20.2,-1.6379583333333334,30.013359722222223,Rwanda,Rulindo
13.0,Hand Pump,Sand or Sub-surface Dam,Private Operator/Delegated Management,Rulindo,1,0.2676316353010735,26.8,-1.6393766666666667,30.022258333333333,Rwanda,Rulindo
37.0,unknown,Protected Well,unknown,Rulindo,1,0.047816261762991585,4.8,-1.6381816666666666,30.032313055555555,Rwanda,Rulindo
28.0,unknown,Protected Well,unknown,Rulindo,1,0.08387280796021801,8.4,-1.635831111111111,30.047109722222224,Rwanda,Rulindo
10.0,unknown,Protected Well,unknown,Rulindo,1,0.416422434863568,41.6,-1.6300105555555555,30.01862611111111,Rwanda,Rulindo
8.0,Public Tapstand,Protected Well,unknown,Gicumbi,1,0.3107803640747633,31.1,-1.629605174,30.00705202,Rwanda,Gicumbi
5.0,unknown,Protected Well,unknown,Gicumbi,1,0.022444888892706905,2.2,-1.6246841000000085,30.007275899999986,Rwanda,Gicumbi
21.0,unknown,Protected Well,unknown,Rulindo,1,0.10226495418795256,10.2,-1.6231191666666667,30.014970833333333,Rwanda,Rulindo
23.0,unknown,Protected Well,unknown,Rulindo,1,0.1487144157836966,14.9,-1.6229547222222223,30.023879722222222,Rwanda,Rulindo
17.0,unknown,Protected Well,Community Management,Rulindo,1,0.01952480576701232,2.0,-1.623000076,30.04180245,Rwanda,Rulindo
8.0,unknown,Protected Well,unknown,Rulindo,1,0.3717300062976705,37.2,-1.62209448,30.01509952,Rwanda,Rulindo
38.0,unknown,Protected Well,unknown,Rulindo,1,0.2022139463148589,20.2,-1.6211544444444446,30.0183025,Rwanda,Rulindo
5.0,Public Tapstand,Protected Well,unknown,Rulindo,1,0.4668699370214914,46.7,-1.622505839999995,30.044019280000008,Rwanda,Rulindo
28.0,unknown,Protected Well,unknown,Rulindo,1,0.08387280796021801,8.4,-1.6198730555555556,30.022343055555556,Rwanda,Rulindo
8.0,unknown,Protected Well,unknown,Rulindo,1,0.3717300062976705,37.2,-1.6494108,29.8818983,Rwanda,Rulindo
5.0,Public Tapstand,Protected Well,unknown,Rulindo,1,0.4668699370214914,46.7,-1.6195315400000103,30.046206660000006,Rwanda,Rulindo
28.0,unknown,Protected Well,unknown,Rulindo,1,0.08387280796021801,8.4,-1.6121997,30.03917332,Rwanda,Rulindo
8.0,unknown,Protected Well,unknown,Gicumbi,1,0.2297284038152635,23.0,-1.609513689,30.00607968,Rwanda,Gicumbi
8.0,unknown,Protected Well,unknown,Gicumbi,1,0.2297284038152635,23.0,-1.609334016,30.00640036,Rwanda,Gicumbi
8.0,unknown,Protected Well,unknown,Gicumbi,1,0.2297284038152635,23.0,-1.608954699,30.00664764,Rwanda,Gicumbi
5.0,Public Tapstand,Protected Well,unknown,Rulindo,1,0.4668699370214914,46.7,-1.6074669999999984,30.038196399999997,Rwanda,Rulindo
8.0,unknown,Protected Well,unknown,Gicumbi,1,0.2297284038152635,23.0,-1.605410663,30.03094229,Rwanda,Gicumbi
8.0,unknown,Protected Well,unknown,Gicumbi,1,0.2297284038152635,23.0,-1.605921667,30.04347167,Rwanda,Gicumbi
8.0,unknown,Protected Well,unknown,Gicumbi,1,0.2297284038152635,23.0,-1.603331786,30.03408017,Rwanda,Gicumbi
8.0,unknown,Protected Well,unknown,Gicumbi,1,0.2297284038152635,23.0,-1.601141775,30.01933843,Rwanda,Gicumbi
28.0,unknown,Protected Well,unknown,Rulindo,1,0.08387280796021801,8.4,-1.6466219444444443,30.05821,Rwanda,Rulindo
28.0,unknown,Protected Well,unknown,Rulindo,1,0.08387280796021801,8.4,-1.6449433333333332,30.06192861111111,Rwanda,Rulindo
28.0,unknown,Protected Well,unknown,Rulindo,1,0.08387280796021801,8.4,-1.6450080555555555,30.0641775,Rwanda,Rulindo
11.0,unknown,Protected Well,unknown,Rulindo,1,0.5274148456124939,52.7,-1.6430266666666669,30.064543333333337,Rwanda,Rulindo
28.0,unknown,Protected Well,unknown,Rulindo,1,0.08387280796021801,8.4,-1.642117566,30.05236223,Rwanda,Rulindo
8.0,unknown,Protected Well,unknown,Gicumbi,1,0.2297284038152635,23.0,-1.638253333,30.08426833,Rwanda,Gicumbi
8.0,unknown,Protected Well,unknown,Gicumbi,1,0.2297284038152635,23.0,-1.637550985,30.08410728,Rwanda,Gicumbi
11.0,unknown,Protected Well,unknown,Rulindo,1,0.5274148456124939,52.7,-1.6361949999999998,30.06058666666667,Rwanda,Rulindo
8.0,unknown,Protected Well,unknown,Gicumbi,1,0.2297284038152635,23.0,-1.6345046,30.09429621,Rwanda,Gicumbi
8.0,unknown,Protected Well,unknown,Gicumbi,1,0.2297284038152635,23.0,-1.630749848,30.06419529,Rwanda,Gicumbi
8.0,unknown,Protected Well,unknown,Gicumbi,1,0.2297284038152635,23.0,-1.631201269,30.06510096,Rwanda,Gicumbi
8.0,unknown,Protected Well,unknown,Gicumbi,1,0.2297284038152635,23.0,-1.625079083,30.06503445,Rwanda,Gicumbi
8.0,unknown,Protected Well,unknown,Gicumbi,1,0.2297284038152635,23.0,-1.62539985,30.07280862,Rwanda,Gicumbi
5.0,unknown,Protected Well,unknown,Gicumbi,1,0.022444888892706905,2.2,-1.6262049800000051,30.076312799999986,Rwanda,Gicumbi
8.0,unknown,Protected Well,unknown,Gicumbi,1,0.2297284038152635,23.0,-1.620157022,30.06654774,Rwanda,Gicumbi
8.0,unknown,Protected Well,unknown,Gicumbi,1,0.2297284038152635,23.0,-1.621697572,30.08579539,Rwanda,Gicumbi
8.0,Public Tapstand,Protected Well,unknown,Gicumbi,1,0.3107803640747633,31.1,-1.6193399,30.0842289,Rwanda,Gicumbi
8.0,unknown,Protected Well,unknown,Gicumbi,1,0.2297284038152635,23.0,-1.61767219,30.09555993,Rwanda,Gicumbi
8.0,unknown,Protected Well,unknown,Gicumbi,1,0.2297284038152635,23.0,-1.613778622,30.06675285,Rwanda,Gicumbi
8.0,unknown,Protected Well,unknown,Gicumbi,1,0.2297284038152635,23.0,-1.610787642,30.06923165,Rwanda,Gicumbi
5.0,unknown,Protected Well,unknown,Gicumbi,1,0.022444888892706905,2.2,-1.6109425000000135,30.076143539999997,Rwanda,Gicumbi
5.0,unknown,Protected Well,unknown,Gicumbi,1,0.022444888892706905,2.2,-1.6101717200000032,30.07775617,Rwanda,Gicumbi
5.0,Public Tapstand,Protected Well,unknown,Gicumbi,1,0.07707408005917082,7.7,-1.6085470300000038,30.055187740000004,Rwanda,Gicumbi
8.0,Public Tapstand,unknown,unknown,Gicumbi,1,0.6553695175834133,65.5,-1.443618543,30.08196503,Rwanda,Gicumbi
66.0,unknown,Protected Well,unknown,Rulindo,1,0.008937167408904712,0.9,-1.6441436111111112,29.943083333333334,Rwanda,Rulindo
8.0,unknown,Protected Well,unknown,Gicumbi,1,0.2297284038152635,23.0,-1.601886555,30.05467383,Rwanda,Gicumbi
5.0,Public Tapstand,Protected Well,unknown,Gicumbi,1,0.07707408005917082,7.7,-1.6024160300000103,30.0817917,Rwanda,Gicumbi
8.0,Public Tapstand,Protected Well,unknown,Gicumbi,1,0.3107803640747633,31.1,-1.60162075,30.08302453,Rwanda,Gicumbi
8.0,Public Tapstand,Protected Well,unknown,Gicumbi,1,0.3107803640747633,31.1,-1.646268742,30.11740042,Rwanda,Gicumbi
8.0,unknown,Protected Well,unknown,Gicumbi,1,0.2297284038152635,23.0,-1.643021623,30.12626861,Rwanda,Gicumbi
8.0,unknown,Protected Well,unknown,Gicumbi,1,0.2297284038152635,23.0,-1.636800522,30.11058507,Rwanda,Gicumbi
8.0,Public Tapstand,Protected Well,unknown,Gicumbi,1,0.3107803640747633,31.1,-1.637512888,30.11490317,Rwanda,Gicumbi
8.0,unknown,Protected Well,unknown,Gicumbi,1,0.2297284038152635,23.0,-1.63674838,30.1278382,Rwanda,Gicumbi
8.0,unknown,Protected Well,unknown,Gicumbi,1,0.2297284038152635,23.0,-1.636671893,30.1342209,Rwanda,Gicumbi
8.0,unknown,Protected Well,unknown,Gicumbi,1,0.2297284038152635,23.0,-1.632846716,30.10365681,Rwanda,Gicumbi
5.0,Public Tapstand,Protected Well,unknown,Gicumbi,1,0.07707408005917082,7.7,-1.6334581000000075,30.13162440000001,Rwanda,Gicumbi
8.0,unknown,Protected Well,unknown,Gicumbi,1,0.2297284038152635,23.0,-1.634552976,30.13509645,Rwanda,Gicumbi
8.0,unknown,Protected Well,unknown,Gicumbi,1,0.2297284038152635,23.0,-1.630495956,30.14172077,Rwanda,Gicumbi
5.0,Public Tapstand,Protected Well,unknown,Gicumbi,1,0.07707408005917082,7.7,-1.6285975000000146,30.110653800000005,Rwanda,Gicumbi
8.0,unknown,Protected Well,unknown,Gicumbi,1,0.2297284038152635,23.0,-1.62895892,30.14721657,Rwanda,Gicumbi
8.0,unknown,Protected Well,unknown,Gicumbi,1,0.2297284038152635,23.0,-1.625315739,30.10897995,Rwanda,Gicumbi
5.0,Public Tapstand,Protected Well,unknown,Gicumbi,1,0.07707408005917082,7.7,-1.6254985000000126,30.111373999999998,Rwanda,Gicumbi
8.0,unknown,Protected Well,unknown,Gicumbi,1,0.2297284038152635,23.0,-1.625922416,30.14411981,Rwanda,Gicumbi
8.0,unknown,Protected Well,unknown,Gicumbi,1,0.2297284038152635,23.0,-1.622531673,30.10299303,Rwanda,Gicumbi
5.0,Public Tapstand,Protected Well,unknown,Gicumbi,1,0.07707408005917082,7.7,-1.6248253000000148,30.113932200000008,Rwanda,Gicumbi
8.0,Public Tapstand,Protected Well,unknown,Gicumbi,1,0.3107803640747633,31.1,-1.623138466,30.14184046,Rwanda,Gicumbi
8.0,unknown,Protected Well,unknown,Gicumbi,1,0.2297284038152635,23.0,-1.622130866,30.10384235,Rwanda,Gicumbi
8.0,unknown,Protected Well,unknown,Gicumbi,1,0.2297284038152635,23.0,-1.620370736,30.14183516,Rwanda,Gicumbi
8.0,unknown,Protected Well,unknown,Gicumbi,1,0.2297284038152635,23.0,-1.618626398,30.13885884,Rwanda,Gicumbi
5.0,unknown,Protected Well,unknown,Gicumbi,1,0.022444888892706905,2.2,-1.618594199999997,30.14570210000001,Rwanda,Gicumbi
5.0,unknown,Protected Well,unknown,Gicumbi,1,0.022444888892706905,2.2,-1.6163103000000094,30.13220309999999,Rwanda,Gicumbi
8.0,unknown,Protected Well,unknown,Gicumbi,1,0.2297284038152635,23.0,-1.615824258,30.1330844,Rwanda,Gicumbi
8.0,unknown,Protected Well,unknown,Gicumbi,1,0.2297284038152635,23.0,-1.614139288,30.12333471,Rwanda,Gicumbi
8.0,unknown,Protected Well,unknown,Gicumbi,1,0.2297284038152635,23.0,-1.610349807,30.11911709,Rwanda,Gicumbi
8.0,Public Tapstand,Protected Well,unknown,Gicumbi,1,0.3107803640747633,31.1,-1.609747112,30.10181117,Rwanda,Gicumbi
8.0,unknown,Protected Well,unknown,Gicumbi,1,0.2297284038152635,23.0,-1.609617226,30.10185204,Rwanda,Gicumbi
8.0,Public Tapstand,Protected Well,unknown,Gicumbi,1,0.3107803640747633,31.1,-1.609393576,30.10652319,Rwanda,Gicumbi
8.0,unknown,Protected Well,unknown,Gicumbi,1,0.2297284038152635,23.0,-1.60814165,30.10791252,Rwanda,Gicumbi
8.0,unknown,Protected Well,unknown,Gicumbi,1,0.2297284038152635,23.0,-1.648581352,30.15461154,Rwanda,Gicumbi
8.0,unknown,Protected Well,unknown,Gicumbi,1,0.2297284038152635,23.0,-1.6493232,30.15723316,Rwanda,Gicumbi
8.0,unknown,Protected Well,unknown,Gicumbi,1,0.2297284038152635,23.0,-1.647147107,30.16635489,Rwanda,Gicumbi
8.0,unknown,Protected Well,unknown,Gicumbi,1,0.2297284038152635,23.0,-1.64717,30.166525,Rwanda,Gicumbi
8.0,unknown,Protected Well,unknown,Gicumbi,1,0.2297284038152635,23.0,-1.647448809,30.19290167,Rwanda,Gicumbi
5.0,unknown,Protected Well,unknown,Gicumbi,1,0.022444888892706905,2.2,-1.6474091000000062,30.1927163,Rwanda,Gicumbi
8.0,unknown,Protected Well,unknown,Gicumbi,1,0.2297284038152635,23.0,-1.642081338,30.16810803,Rwanda,Gicumbi
8.0,Public Tapstand,Protected Well,unknown,Gicumbi,1,0.3107803640747633,31.1,-1.640330166,30.18447613,Rwanda,Gicumbi
8.0,unknown,Protected Well,unknown,Gicumbi,1,0.2297284038152635,23.0,-1.64196,30.190575,Rwanda,Gicumbi
5.0,unknown,Protected Well,unknown,Gicumbi,1,0.022444888892706905,2.2,-1.6418640000000038,30.190488599999988,Rwanda,Gicumbi
5.0,unknown,Protected Well,unknown,Gicumbi,1,0.022444888892706905,2.2,-1.6404895999999993,30.190842600000007,Rwanda,Gicumbi
8.0,unknown,Protected Well,unknown,Gicumbi,1,0.2297284038152635,23.0,-1.639382969,30.15633789,Rwanda,Gicumbi
8.0,unknown,Protected Well,unknown,Gicumbi,1,0.2297284038152635,23.0,-1.560190273,29.99317022,Rwanda,Gicumbi
5.0,unknown,Protected Well,unknown,Gicumbi,1,0.022444888892706905,2.2,-1.6382536,30.175088500000005,Rwanda,Gicumbi
8.0,unknown,Protected Well,unknown,Gicumbi,1,0.2297284038152635,23.0,-1.639772292,30.17840399,Rwanda,Gicumbi
5.0,Public Tapstand,Protected Well,unknown,Gicumbi,1,0.07707408005917082,7.7,-1.639640400000018,30.181963299999993,Rwanda,Gicumbi
8.0,Public Tapstand,Protected Well,unknown,Gicumbi,1,0.3107803640747633,31.1,-1.633191904,30.1806055,Rwanda,Gicumbi
5.0,unknown,Protected Well,unknown,Gicumbi,1,0.022444888892706905,2.2,-1.6320437000000103,30.151094000000008,Rwanda,Gicumbi
8.0,unknown,Protected Well,unknown,Gicumbi,1,0.2297284038152635,23.0,-1.631679126,30.15942775,Rwanda,Gicumbi
8.0,unknown,Protected Well,unknown,Gicumbi,1,0.2297284038152635,23.0,-1.631790953,30.16795174,Rwanda,Gicumbi
8.0,unknown,Protected Well,unknown,Gicumbi,1,0.2297284038152635,23.0,-1.630093074,30.19671031,Rwanda,Gicumbi
8.0,unknown,Protected Well,unknown,Gicumbi,1,0.2297284038152635,23.0,-1.629969109,30.15231828,Rwanda,Gicumbi
5.0,Public Tapstand,Protected Well,unknown,Gicumbi,1,0.07707408005917082,7.7,-1.6290556000000167,30.170016999999998,Rwanda,Gicumbi
5.0,Public Tapstand,Protected Well,unknown,Gicumbi,1,0.07707408005917082,7.7,-1.627974800000013,30.17216300000001,Rwanda,Gicumbi
5.0,Public Tapstand,Protected Well,unknown,Gicumbi,1,0.07707408005917082,7.7,-1.625951300000014,30.170137999999987,Rwanda,Gicumbi
8.0,unknown,Protected Well,unknown,Gicumbi,1,0.2297284038152635,23.0,-1.622329569,30.16884148,Rwanda,Gicumbi
8.0,unknown,Protected Well,unknown,Gicumbi,1,0.2297284038152635,23.0,-1.618903337,30.1622149,Rwanda,Gicumbi
8.0,unknown,Protected Well,unknown,Gicumbi,1,0.2297284038152635,23.0,-1.616556176,30.15749046,Rwanda,Gicumbi
5.0,unknown,Protected Well,unknown,Gicumbi,1,0.022444888892706905,2.2,-1.6169458000000032,30.1589857,Rwanda,Gicumbi
5.0,unknown,Protected Well,unknown,Gicumbi,1,0.022444888892706905,2.2,-1.6165481000000006,30.15783149999999,Rwanda,Gicumbi
8.0,unknown,Protected Well,unknown,Gicumbi,1,0.2297284038152635,23.0,-1.61291224,30.15571349,Rwanda,Gicumbi
5.0,unknown,Protected Well,unknown,Gicumbi,1,0.022444888892706905,2.2,-1.6068282999999972,30.164001399999986,Rwanda,Gicumbi
8.0,unknown,Protected Well,unknown,Gicumbi,1,0.2297284038152635,23.0,-1.600770434,30.15898403,Rwanda,Gicumbi
8.0,unknown,Protected Well,unknown,Gicumbi,1,0.2297284038152635,23.0,-1.646838,30.20235598,Rwanda,Gicumbi
8.0,unknown,Protected Well,unknown,Gicumbi,1,0.2297284038152635,23.0,-1.646624023,30.20302519,Rwanda,Gicumbi
8.0,Public Tapstand,unknown,unknown,Rulindo,0,0.6088340195620978,60.9,-1.83705671,29.93440312,Rwanda,Rulindo
8.0,unknown,Protected Well,unknown,Gicumbi,1,0.2297284038152635,23.0,-1.632074238,30.20981345,Rwanda,Gicumbi
5.0,Hand Pump - Blue,Borehole/Tubewell,unknown,Kayonza,1,0.006440083834833299,0.6,-1.641157,30.561464,Rwanda,Kayonza
8.0,unknown,Protected Well,unknown,Gicumbi,1,0.2297284038152635,23.0,-1.59766454,30.01102161,Rwanda,Gicumbi
8.0,unknown,Protected Well,unknown,Gicumbi,1,0.2297284038152635,23.0,-1.59943331,30.02065682,Rwanda,Gicumbi
8.0,Public Tapstand,Protected Well,unknown,Gicumbi,1,0.3107803640747633,31.1,-1.592856174,30.03401223,Rwanda,Gicumbi
8.0,unknown,Protected Well,unknown,Gicumbi,1,0.2297284038152635,23.0,-1.594455705,30.03556162,Rwanda,Gicumbi
5.0,Public Tapstand,Protected Well,unknown,Gicumbi,1,0.07707408005917082,7.7,-1.5945045700000036,30.03592114999999,Rwanda,Gicumbi
8.0,unknown,Protected Well,unknown,Gicumbi,1,0.2297284038152635,23.0,-1.590769615,30.01667549,Rwanda,Gicumbi
8.0,Public Tapstand,Protected Well,unknown,Gicumbi,1,0.3107803640747633,31.1,-1.591675042,30.0270962,Rwanda,Gicumbi
8.0,unknown,Protected Well,unknown,Gicumbi,1,0.2297284038152635,23.0,-1.590136933,30.02739313,Rwanda,Gicumbi
8.0,unknown,Protected Well,unknown,Gicumbi,1,0.2297284038152635,23.0,-1.588391667,30.01368833,Rwanda,Gicumbi
5.0,unknown,Protected Well,unknown,Gicumbi,1,0.022444888892706905,2.2,-1.5881696900000177,30.01360368000001,Rwanda,Gicumbi
8.0,unknown,Protected Well,unknown,Gicumbi,1,0.2297284038152635,23.0,-1.587908071,30.01338418,Rwanda,Gicumbi
8.0,unknown,Protected Well,unknown,Gicumbi,1,0.2297284038152635,23.0,-1.586621813,30.03044837,Rwanda,Gicumbi
8.0,unknown,Protected Well,unknown,Gicumbi,1,0.2297284038152635,23.0,-1.58654239,30.03371536,Rwanda,Gicumbi
8.0,unknown,Protected Well,unknown,Gicumbi,1,0.2297284038152635,23.0,-1.586394445,30.03381867,Rwanda,Gicumbi
8.0,unknown,Protected Well,unknown,Gicumbi,1,0.2297284038152635,23.0,-1.585688324,30.03332611,Rwanda,Gicumbi
8.0,Public Tapstand,unknown,unknown,Rulindo,0,0.6088340195620978,60.9,-1.75596122,29.93400381,Rwanda,Rulindo
8.0,unknown,Protected Well,unknown,Kicukiro,1,0.4930239632249813,49.3,-1.976125154,30.09639289,Rwanda,Kicukiro
8.0,unknown,Protected Well,unknown,Gicumbi,1,0.2297284038152635,23.0,-1.586541825,30.04129742,Rwanda,Gicumbi
5.0,unknown,Protected Well,unknown,Gicumbi,1,0.022444888892706905,2.2,-1.5839875000000072,30.010282530000012,Rwanda,Gicumbi
8.0,unknown,Protected Well,unknown,Gicumbi,1,0.2297284038152635,23.0,-1.584950774,30.01424917,Rwanda,Gicumbi
8.0,unknown,Protected Well,unknown,Gicumbi,1,0.2297284038152635,23.0,-1.58214,30.01271667,Rwanda,Gicumbi
5.0,Public Tapstand,Protected Well,unknown,Gicumbi,1,0.07707408005917082,7.7,-1.5814087100000036,30.02760601000001,Rwanda,Gicumbi
5.0,Public Tapstand,Protected Well,unknown,Gicumbi,1,0.07707408005917082,7.7,-1.5784854700000106,30.01365676,Rwanda,Gicumbi
8.0,Public Tapstand,Protected Well,unknown,Gicumbi,1,0.3107803640747633,31.1,-1.577772827,30.01486761,Rwanda,Gicumbi
8.0,unknown,Protected Well,unknown,Gicumbi,1,0.2297284038152635,23.0,-1.578656667,30.02593833,Rwanda,Gicumbi
8.0,unknown,Protected Well,unknown,Gicumbi,1,0.2297284038152635,23.0,-1.576443333,30.01549667,Rwanda,Gicumbi
8.0,unknown,Protected Well,unknown,Kicukiro,1,0.4930239632249813,49.3,-1.990321071,30.1192191,Rwanda,Kicukiro
8.0,unknown,Protected Well,unknown,Gicumbi,1,0.2297284038152635,23.0,-1.576300819,30.01550193,Rwanda,Gicumbi
5.0,Public Tapstand,Protected Well,unknown,Gicumbi,1,0.07707408005917082,7.7,-1.575668250000019,30.02542897999999,Rwanda,Gicumbi
5.0,Public Tapstand,Protected Well,unknown,Gicumbi,1,0.07707408005917082,7.7,-1.5741542800000088,30.016413230000012,Rwanda,Gicumbi
8.0,unknown,Protected Well,unknown,Gicumbi,1,0.2297284038152635,23.0,-1.574069987,30.01736042,Rwanda,Gicumbi
8.0,unknown,Protected Well,unknown,Gicumbi,1,0.2297284038152635,23.0,-1.570908924,30.02423921,Rwanda,Gicumbi
8.0,unknown,Protected Well,unknown,Gicumbi,1,0.2297284038152635,23.0,-1.568749984,30.00100897,Rwanda,Gicumbi
8.0,unknown,Protected Well,unknown,Gicumbi,1,0.2297284038152635,23.0,-1.568985778,30.00406172,Rwanda,Gicumbi
5.0,Public Tapstand,Protected Well,unknown,Gicumbi,1,0.07707408005917082,7.7,-1.5677116799999944,30.018951540000003,Rwanda,Gicumbi
5.0,Public Tapstand,Protected Well,unknown,Gicumbi,1,0.07707408005917082,7.7,-1.5659498200000013,30.00824135,Rwanda,Gicumbi
8.0,Public Tapstand,Protected Well,unknown,Gicumbi,1,0.3107803640747633,31.1,-1.56637803,30.02764391,Rwanda,Gicumbi
8.0,unknown,Protected Well,unknown,Kicukiro,1,0.4930239632249813,49.3,-1.965911944,30.10958173,Rwanda,Kicukiro
8.0,Public Tapstand,Protected Well,unknown,Gicumbi,1,0.3107803640747633,31.1,-1.56677141,30.03303466,Rwanda,Gicumbi
8.0,unknown,Protected Well,unknown,Gicumbi,1,0.2297284038152635,23.0,-1.56514285,30.03442813,Rwanda,Gicumbi
8.0,unknown,Protected Well,unknown,Gicumbi,1,0.2297284038152635,23.0,-1.5637113,30.02223848,Rwanda,Gicumbi
8.0,unknown,Protected Well,unknown,Gicumbi,1,0.2297284038152635,23.0,-1.564654696,30.04457073,Rwanda,Gicumbi
8.0,unknown,Protected Well,unknown,Gicumbi,1,0.2297284038152635,23.0,-1.563,30.04765,Rwanda,Gicumbi
8.0,unknown,Protected Well,unknown,Gicumbi,1,0.2297284038152635,23.0,-1.56122672,30.01629733,Rwanda,Gicumbi
5.0,Public Tapstand,Protected Well,unknown,Gicumbi,1,0.07707408005917082,7.7,-1.562265740000006,30.017930729999993,Rwanda,Gicumbi
8.0,unknown,Protected Well,unknown,Gicumbi,1,0.2297284038152635,23.0,-1.562473333,30.02548167,Rwanda,Gicumbi
8.0,unknown,Protected Well,unknown,Gicumbi,1,0.2297284038152635,23.0,-1.556617017,30.01661521,Rwanda,Gicumbi
8.0,unknown,Protected Well,unknown,Gicumbi,1,0.2297284038152635,23.0,-1.55660422,30.01703923,Rwanda,Gicumbi
5.0,unknown,Protected Well,unknown,Gicumbi,1,0.022444888892706905,2.2,-1.554293100000019,30.010781,Rwanda,Gicumbi
8.0,unknown,Protected Well,unknown,Gicumbi,1,0.2297284038152635,23.0,-1.594858333,30.09654333,Rwanda,Gicumbi
8.0,unknown,Protected Well,unknown,Gicumbi,1,0.2297284038152635,23.0,-1.59233563,30.06993841,Rwanda,Gicumbi
8.0,unknown,Protected Well,unknown,Gicumbi,1,0.2297284038152635,23.0,-1.588422653,30.05684751,Rwanda,Gicumbi
5.0,Public Tapstand,Protected Well,unknown,Gicumbi,1,0.07707408005917082,7.7,-1.589055300000013,30.09243910000001,Rwanda,Gicumbi
5.0,unknown,Protected Well,unknown,Gicumbi,1,0.022444888892706905,2.2,-1.5868099000000122,30.09976049999999,Rwanda,Gicumbi
8.0,unknown,Protected Well,unknown,Gicumbi,1,0.2297284038152635,23.0,-1.583612116,30.078679,Rwanda,Gicumbi
5.0,unknown,Protected Well,unknown,Gicumbi,1,0.022444888892706905,2.2,-1.5801203000000135,30.06952890000001,Rwanda,Gicumbi
5.0,unknown,Protected Well,unknown,Gicumbi,1,0.022444888892706905,2.2,-1.5798810401858796,30.081588327884685,Rwanda,Gicumbi
8.0,unknown,Protected Well,unknown,Gicumbi,1,0.2297284038152635,23.0,-1.579776667,30.09109833,Rwanda,Gicumbi
8.0,unknown,Protected Well,unknown,Gicumbi,1,0.2297284038152635,23.0,-1.574499144,30.0930758,Rwanda,Gicumbi
8.0,unknown,Protected Well,unknown,Gicumbi,1,0.2297284038152635,23.0,-1.57436701,30.09280384,Rwanda,Gicumbi
8.0,unknown,Protected Well,unknown,Gicumbi,1,0.2297284038152635,23.0,-1.573945,30.09340333,Rwanda,Gicumbi
5.0,unknown,Protected Well,unknown,Gicumbi,1,0.022444888892706905,2.2,-1.5701221100000082,30.08353509999999,Rwanda,Gicumbi
8.0,unknown,Protected Well,unknown,Gicumbi,1,0.2297284038152635,23.0,-1.56785,30.06372833,Rwanda,Gicumbi
8.0,unknown,Protected Well,unknown,Gicumbi,1,0.2297284038152635,23.0,-1.56767269,30.07678502,Rwanda,Gicumbi
8.0,unknown,Protected Well,unknown,Gicumbi,1,0.2297284038152635,23.0,-1.561317373,30.0873898,Rwanda,Gicumbi
5.0,unknown,Protected Well,unknown,Gicumbi,1,0.022444888892706905,2.2,-1.561917190000003,30.08818620000001,Rwanda,Gicumbi
8.0,unknown,Borehole/Tubewell,unknown,Gasabo,1,0.4513455680575369,45.1,-1.939763,30.137405,Rwanda,Gasabo
8.0,unknown,Protected Well,unknown,Gicumbi,1,0.2297284038152635,23.0,-1.560814597,30.0898748,Rwanda,Gicumbi
8.0,unknown,Protected Well,unknown,Gicumbi,1,0.2297284038152635,23.0,-1.560692897,30.0909906,Rwanda,Gicumbi
5.0,unknown,Protected Well,unknown,Gicumbi,1,0.022444888892706905,2.2,-1.5605100999999963,30.09543054,Rwanda,Gicumbi
8.0,unknown,Protected Well,unknown,Gicumbi,1,0.2297284038152635,23.0,-1.558991667,30.060935,Rwanda,Gicumbi
8.0,unknown,Protected Well,unknown,Gicumbi,1,0.2297284038152635,23.0,-1.558844552,30.06072446,Rwanda,Gicumbi
5.0,unknown,Protected Well,unknown,Gicumbi,1,0.022444888892706905,2.2,-1.559020100000008,30.0750966,Rwanda,Gicumbi
8.0,unknown,Protected Well,unknown,Gicumbi,1,0.2297284038152635,23.0,-1.558721768,30.07601316,Rwanda,Gicumbi
8.0,unknown,Protected Well,unknown,Gicumbi,1,0.2297284038152635,23.0,-1.558636667,30.09859333,Rwanda,Gicumbi
8.0,unknown,Protected Well,unknown,Gicumbi,1,0.2297284038152635,23.0,-1.55652,30.06312833,Rwanda,Gicumbi
8.0,unknown,Protected Well,unknown,Gicumbi,1,0.2297284038152635,23.0,-1.556808358,30.07094414,Rwanda,Gicumbi
8.0,unknown,Protected Well,unknown,Gicumbi,1,0.2297284038152635,23.0,-1.5568138,30.0711007,Rwanda,Gicumbi
8.0,unknown,Protected Well,unknown,Gicumbi,1,0.2297284038152635,23.0,-1.55676927,30.0713287,Rwanda,Gicumbi
5.0,unknown,Protected Well,unknown,Gicumbi,1,0.022444888892706905,2.2,-1.5565797000000121,30.071031099999992,Rwanda,Gicumbi
5.0,unknown,Protected Well,unknown,Gicumbi,1,0.022444888892706905,2.2,-1.5554229999999982,30.07593430000001,Rwanda,Gicumbi
8.0,Public Tapstand,Protected Well,unknown,Gicumbi,1,0.3107803640747633,31.1,-1.55625012,30.09369453,Rwanda,Gicumbi
5.0,unknown,Protected Well,unknown,Gicumbi,1,0.022444888892706905,2.2,-1.5508436000000179,30.062208899999998,Rwanda,Gicumbi
5.0,unknown,Protected Well,unknown,Gicumbi,1,0.022444888892706905,2.2,-1.5980742000000159,30.143810200000004,Rwanda,Gicumbi
5.0,unknown,Protected Well,unknown,Gicumbi,1,0.022444888892706905,2.2,-1.5938333,30.10661239999999,Rwanda,Gicumbi
5.0,Public Tapstand,Protected Well,unknown,Gicumbi,1,0.07707408005917082,7.7,-1.594587900000017,30.107989099999994,Rwanda,Gicumbi
8.0,unknown,Protected Well,unknown,Gicumbi,1,0.2297284038152635,23.0,-1.592480623,30.11073362,Rwanda,Gicumbi
8.0,unknown,Protected Well,unknown,Gicumbi,1,0.2297284038152635,23.0,-1.593849721,30.11791627,Rwanda,Gicumbi
5.0,unknown,Protected Well,unknown,Gicumbi,1,0.022444888892706905,2.2,-1.5936185100000053,30.14876553000001,Rwanda,Gicumbi
8.0,unknown,Protected Well,unknown,Gicumbi,1,0.2297284038152635,23.0,-1.588643902,30.10431379,Rwanda,Gicumbi
5.0,unknown,Protected Well,unknown,Gicumbi,1,0.022444888892706905,2.2,-1.588197000000011,30.115573000000012,Rwanda,Gicumbi
5.0,unknown,Protected Well,unknown,Gicumbi,1,0.022444888892706905,2.2,-1.5852257000000127,30.102383400000004,Rwanda,Gicumbi
8.0,unknown,Protected Well,unknown,Gicumbi,1,0.2297284038152635,23.0,-1.587243094,30.1467461,Rwanda,Gicumbi
8.0,unknown,Protected Well,unknown,Gicumbi,1,0.2297284038152635,23.0,-1.584886942,30.10178869,Rwanda,Gicumbi
5.0,Public Tapstand,Protected Well,unknown,Gicumbi,1,0.07707408005917082,7.7,-1.5838213000000168,30.105969900000005,Rwanda,Gicumbi
8.0,unknown,Protected Well,unknown,Gicumbi,1,0.2297284038152635,23.0,-1.58429235,30.14471384,Rwanda,Gicumbi
8.0,unknown,Protected Well,unknown,Gicumbi,1,0.2297284038152635,23.0,-1.584162395,30.14472611,Rwanda,Gicumbi
8.0,unknown,Protected Well,unknown,Gicumbi,1,0.2297284038152635,23.0,-1.58180624,30.13007362,Rwanda,Gicumbi
8.0,unknown,Protected Well,unknown,Gicumbi,1,0.2297284038152635,23.0,-1.581880589,30.13695633,Rwanda,Gicumbi
8.0,unknown,Protected Well,unknown,Gicumbi,1,0.2297284038152635,23.0,-1.578609175,30.10085046,Rwanda,Gicumbi
8.0,unknown,Protected Well,unknown,Gicumbi,1,0.2297284038152635,23.0,-1.578556667,30.10101167,Rwanda,Gicumbi
8.0,unknown,Protected Well,unknown,Gicumbi,1,0.2297284038152635,23.0,-1.577488333,30.128485,Rwanda,Gicumbi
8.0,unknown,Protected Well,unknown,Gicumbi,1,0.2297284038152635,23.0,-1.572190023,30.10048365,Rwanda,Gicumbi
8.0,unknown,Protected Well,unknown,Gicumbi,1,0.2297284038152635,23.0,-1.572121667,30.10032167,Rwanda,Gicumbi
8.0,unknown,Protected Well,unknown,Gicumbi,1,0.2297284038152635,23.0,-1.571711667,30.10028333,Rwanda,Gicumbi
8.0,unknown,Protected Well,unknown,Gicumbi,1,0.2297284038152635,23.0,-1.571498364,30.10013934,Rwanda,Gicumbi
8.0,unknown,Protected Well,unknown,Gicumbi,1,0.2297284038152635,23.0,-1.568616708,30.10918678,Rwanda,Gicumbi
8.0,unknown,Protected Well,unknown,Gicumbi,1,0.2297284038152635,23.0,-1.569231778,30.11073506,Rwanda,Gicumbi
5.0,Public Tapstand,Protected Well,unknown,Gicumbi,1,0.07707408005917082,7.7,-1.5679436400000042,30.1254622,Rwanda,Gicumbi
8.0,unknown,Protected Well,unknown,Gicumbi,1,0.2297284038152635,23.0,-1.569858492,30.1386571,Rwanda,Gicumbi
5.0,unknown,Protected Well,unknown,Gicumbi,1,0.022444888892706905,2.2,-1.569680749999995,30.138608370000007,Rwanda,Gicumbi
8.0,unknown,Protected Well,unknown,Gicumbi,1,0.2297284038152635,23.0,-1.565342438,30.10122801,Rwanda,Gicumbi
8.0,unknown,Protected Well,unknown,Gicumbi,1,0.2297284038152635,23.0,-1.565962407,30.10320327,Rwanda,Gicumbi
8.0,unknown,Protected Well,unknown,Gicumbi,1,0.2297284038152635,23.0,-1.565496419,30.14282149,Rwanda,Gicumbi
8.0,unknown,Protected Well,unknown,Gicumbi,1,0.2297284038152635,23.0,-1.565349472,30.14268288,Rwanda,Gicumbi
8.0,unknown,Protected Well,unknown,Gicumbi,1,0.2297284038152635,23.0,-1.563553301,30.10410094,Rwanda,Gicumbi
8.0,unknown,Protected Well,unknown,Gicumbi,1,0.2297284038152635,23.0,-1.563472131,30.10402558,Rwanda,Gicumbi
8.0,Public Tapstand,Protected Well,unknown,Gicumbi,1,0.3107803640747633,31.1,-1.564608799,30.12250301,Rwanda,Gicumbi
5.0,Public Tapstand,Protected Well,unknown,Gicumbi,1,0.07707408005917082,7.7,-1.5611602900000103,30.119004999999994,Rwanda,Gicumbi
8.0,unknown,Protected Well,unknown,Gicumbi,1,0.2297284038152635,23.0,-1.561970673,30.14989024,Rwanda,Gicumbi
8.0,unknown,Protected Well,unknown,Gicumbi,1,0.2297284038152635,23.0,-1.56121159,30.14781264,Rwanda,Gicumbi
8.0,unknown,Protected Well,unknown,Gicumbi,1,0.2297284038152635,23.0,-1.557503133,30.10477181,Rwanda,Gicumbi
5.0,unknown,Protected Well,unknown,Gicumbi,1,0.022444888892706905,2.2,-1.5575364000000114,30.10493669999999,Rwanda,Gicumbi
8.0,unknown,Protected Well,unknown,Gicumbi,1,0.2297284038152635,23.0,-1.557554573,30.13938363,Rwanda,Gicumbi
5.0,unknown,Protected Well,unknown,Gicumbi,1,0.022444888892706905,2.2,-1.5574699700000167,30.11220793,Rwanda,Gicumbi
5.0,Public Tapstand,Protected Well,unknown,Gicumbi,1,0.07707408005917082,7.7,-1.5573051000000078,30.126907959999993,Rwanda,Gicumbi
5.0,unknown,Protected Well,unknown,Gicumbi,1,0.022444888892706905,2.2,-1.5539179900000069,30.10931793999999,Rwanda,Gicumbi
5.0,unknown,Protected Well,unknown,Gicumbi,1,0.022444888892706905,2.2,-1.593772549999995,30.156673080000015,Rwanda,Gicumbi
5.0,unknown,Protected Well,unknown,Gicumbi,1,0.022444888892706905,2.2,-1.5908989900000006,30.16140276000001,Rwanda,Gicumbi
8.0,unknown,Protected Well,unknown,Gicumbi,1,0.2297284038152635,23.0,-1.591019805,30.16151809,Rwanda,Gicumbi
5.0,unknown,Protected Well,unknown,Gicumbi,1,0.022444888892706905,2.2,-1.586278899999999,30.15127524000001,Rwanda,Gicumbi
8.0,unknown,Protected Well,unknown,Gicumbi,1,0.2297284038152635,23.0,-1.556535741,30.16249751,Rwanda,Gicumbi
8.0,unknown,Protected Well,unknown,Gicumbi,1,0.2297284038152635,23.0,-1.556213333,30.162965,Rwanda,Gicumbi
5.0,Public Tapstand,Protected Well,unknown,Gicumbi,1,0.07707408005917082,7.7,-1.548697635,30.01030131,Rwanda,Gicumbi
8.0,unknown,Protected Well,unknown,Gicumbi,1,0.2297284038152635,23.0,-1.545814481,30.0466906,Rwanda,Gicumbi
8.0,unknown,Protected Well,unknown,Gicumbi,1,0.2297284038152635,23.0,-1.543633811,30.01225781,Rwanda,Gicumbi
8.0,unknown,Protected Well,unknown,Gicumbi,1,0.2297284038152635,23.0,-1.543634478,30.01241666,Rwanda,Gicumbi
8.0,unknown,Protected Well,unknown,Gicumbi,1,0.2297284038152635,23.0,-1.543675864,30.01406847,Rwanda,Gicumbi
5.0,Public Tapstand,Protected Well,unknown,Gicumbi,1,0.07707408005917082,7.7,-1.5445846600000082,30.022330329999996,Rwanda,Gicumbi
11.0,Hand Pump - Afridev,Borehole/Tubewell,unknown,Rutsiro,1,0.09676231949766245,9.7,-1.8984167,29.30095,Rwanda,Rutsiro
8.0,unknown,Protected Well,unknown,Gicumbi,1,0.2297284038152635,23.0,-1.541513293,30.04290443,Rwanda,Gicumbi
8.0,unknown,Protected Well,unknown,Gicumbi,1,0.2297284038152635,23.0,-1.538548693,30.00589101,Rwanda,Gicumbi
5.0,unknown,Protected Well,unknown,Gicumbi,1,0.022444888892706905,2.2,-1.5380904000000022,30.0094286,Rwanda,Gicumbi
8.0,unknown,Protected Well,unknown,Gicumbi,1,0.2297284038152635,23.0,-1.538416631,30.02000719,Rwanda,Gicumbi
8.0,unknown,Protected Well,unknown,Gicumbi,1,0.2297284038152635,23.0,-1.537881667,30.02063167,Rwanda,Gicumbi
8.0,unknown,Protected Well,unknown,Gicumbi,1,0.2297284038152635,23.0,-1.535974333,30.01355901,Rwanda,Gicumbi
5.0,unknown,Protected Well,unknown,Gicumbi,1,0.022444888892706905,2.2,-1.5358373000000143,30.013496299999986,Rwanda,Gicumbi
8.0,unknown,Protected Well,unknown,Gicumbi,1,0.2297284038152635,23.0,-1.529389195,30.04928937,Rwanda,Gicumbi
5.0,unknown,Protected Well,unknown,Gicumbi,1,0.022444888892706905,2.2,-1.5208423800000053,30.03863057999999,Rwanda,Gicumbi
8.0,unknown,Protected Well,unknown,Gicumbi,1,0.2297284038152635,23.0,-1.519551379,30.02986519,Rwanda,Gicumbi
8.0,unknown,Protected Well,unknown,Gicumbi,1,0.2297284038152635,23.0,-1.519421522,30.02972283,Rwanda,Gicumbi
8.0,unknown,Protected Well,unknown,Gicumbi,1,0.2297284038152635,23.0,-1.515545558,30.00649253,Rwanda,Gicumbi
8.0,unknown,Protected Well,unknown,Gicumbi,1,0.2297284038152635,23.0,-1.517419053,30.03102996,Rwanda,Gicumbi
5.0,Public Tapstand,Protected Well,unknown,Gicumbi,1,0.07707408005917082,7.7,-1.516170013,30.03060388,Rwanda,Gicumbi
5.0,Public Tapstand,Protected Well,unknown,Gicumbi,1,0.07707408005917082,7.7,-1.5158872700000001,30.036649789999977,Rwanda,Gicumbi
8.0,unknown,Protected Well,unknown,Gicumbi,1,0.2297284038152635,23.0,-1.512569087,30.04792721,Rwanda,Gicumbi
8.0,unknown,Protected Well,unknown,Gicumbi,1,0.2297284038152635,23.0,-1.510438892,30.01988755,Rwanda,Gicumbi
5.0,unknown,Protected Well,unknown,Gicumbi,1,0.022444888892706905,2.2,-1.5108542899999993,30.04743255,Rwanda,Gicumbi
8.0,unknown,Protected Well,unknown,Gicumbi,1,0.2297284038152635,23.0,-1.506816109,30.02291764,Rwanda,Gicumbi
8.0,unknown,Protected Well,unknown,Gicumbi,1,0.2297284038152635,23.0,-1.506657522,30.02301714,Rwanda,Gicumbi
8.0,unknown,Protected Well,unknown,Gicumbi,1,0.2297284038152635,23.0,-1.506595123,30.02499712,Rwanda,Gicumbi
5.0,unknown,Protected Well,unknown,Gicumbi,1,0.022444888892706905,2.2,-1.5015571600000115,30.022928049999983,Rwanda,Gicumbi
8.0,unknown,Protected Well,unknown,Gicumbi,1,0.2297284038152635,23.0,-1.50141867,30.02290137,Rwanda,Gicumbi
5.0,Public Tapstand,Protected Well,unknown,Gicumbi,1,0.07707408005917082,7.7,-1.5444530100000002,30.051277869999996,Rwanda,Gicumbi
8.0,unknown,Protected Well,unknown,Gicumbi,1,0.2297284038152635,23.0,-1.543167439,30.09091255,Rwanda,Gicumbi
8.0,unknown,Protected Well,unknown,Gicumbi,1,0.2297284038152635,23.0,-1.543808122,30.0939838,Rwanda,Gicumbi
8.0,unknown,Protected Well,unknown,Gicumbi,1,0.2297284038152635,23.0,-1.543702508,30.09388398,Rwanda,Gicumbi
8.0,unknown,Protected Well,unknown,Gicumbi,1,0.2297284038152635,23.0,-1.541013069,30.06476209,Rwanda,Gicumbi
5.0,unknown,Protected Well,unknown,Gicumbi,1,0.022444888892706905,2.2,-1.5408882000000015,30.064694900000006,Rwanda,Gicumbi
5.0,unknown,Protected Well,unknown,Gicumbi,1,0.022444888892706905,2.2,-1.5414337000000085,30.078979300000015,Rwanda,Gicumbi
8.0,unknown,Protected Well,unknown,Gicumbi,1,0.2297284038152635,23.0,-1.538222862,30.06885324,Rwanda,Gicumbi
8.0,unknown,Protected Well,unknown,Gicumbi,1,0.2297284038152635,23.0,-1.539450868,30.07479754,Rwanda,Gicumbi
8.0,unknown,Protected Well,unknown,Gicumbi,1,0.2297284038152635,23.0,-1.539312791,30.07492122,Rwanda,Gicumbi
5.0,unknown,Protected Well,unknown,Gicumbi,1,0.022444888892706905,2.2,-1.5392055000000069,30.07496189999999,Rwanda,Gicumbi
5.0,unknown,Protected Well,unknown,Gicumbi,1,0.022444888892706905,2.2,-1.5375594000000146,30.0766922,Rwanda,Gicumbi
5.0,unknown,Protected Well,unknown,Gicumbi,1,0.022444888892706905,2.2,-1.5391893000000116,30.083349599999984,Rwanda,Gicumbi
8.0,unknown,Protected Well,unknown,Gicumbi,1,0.2297284038152635,23.0,-1.538006301,30.08250027,Rwanda,Gicumbi
5.0,unknown,Protected Well,unknown,Gicumbi,1,0.022444888892706905,2.2,-1.5373274000000006,30.0650895,Rwanda,Gicumbi
8.0,unknown,Protected Well,unknown,Gicumbi,1,0.2297284038152635,23.0,-1.537300888,30.08585181,Rwanda,Gicumbi
8.0,unknown,Protected Well,unknown,Gicumbi,1,0.2297284038152635,23.0,-1.535463389,30.09683892,Rwanda,Gicumbi
8.0,unknown,Protected Well,unknown,Gicumbi,1,0.2297284038152635,23.0,-1.533659444,30.05045786,Rwanda,Gicumbi
8.0,unknown,Protected Well,unknown,Gicumbi,1,0.2297284038152635,23.0,-1.524917161,30.05095731,Rwanda,Gicumbi
8.0,unknown,Protected Well,unknown,Gicumbi,1,0.2297284038152635,23.0,-1.524625,30.05213333,Rwanda,Gicumbi
8.0,Public Tapstand,Protected Well,unknown,Gicumbi,1,0.3107803640747633,31.1,-1.524984804,30.05259782,Rwanda,Gicumbi
8.0,unknown,Protected Well,unknown,Gicumbi,1,0.2297284038152635,23.0,-1.520848096,30.07681738,Rwanda,Gicumbi
8.0,unknown,Protected Well,unknown,Gicumbi,1,0.2297284038152635,23.0,-1.520625495,30.07688355,Rwanda,Gicumbi
8.0,unknown,Protected Well,unknown,Gicumbi,1,0.2297284038152635,23.0,-1.519213164,30.07515486,Rwanda,Gicumbi
8.0,unknown,Protected Well,unknown,Gicumbi,1,0.2297284038152635,23.0,-1.517608039,30.08464036,Rwanda,Gicumbi
5.0,unknown,Protected Well,unknown,Gicumbi,1,0.022444888892706905,2.2,-1.512161500000018,30.064226499999997,Rwanda,Gicumbi
8.0,unknown,Protected Well,unknown,Gicumbi,1,0.2297284038152635,23.0,-1.511797215,30.06319098,Rwanda,Gicumbi
5.0,unknown,Protected Well,unknown,Gicumbi,1,0.022444888892706905,2.2,-1.511660759999998,30.063629849999995,Rwanda,Gicumbi
8.0,unknown,Protected Well,unknown,Gicumbi,1,0.2297284038152635,23.0,-1.507087491,30.06393789,Rwanda,Gicumbi
5.0,unknown,Protected Well,unknown,Gicumbi,1,0.022444888892706905,2.2,-1.5067757000000142,30.0639749,Rwanda,Gicumbi
5.0,unknown,Protected Well,unknown,Gicumbi,1,0.022444888892706905,2.2,-1.5063476000000162,30.079194000000005,Rwanda,Gicumbi
8.0,unknown,Protected Well,unknown,Gicumbi,1,0.2297284038152635,23.0,-1.504785231,30.09542933,Rwanda,Gicumbi
5.0,unknown,Protected Well,unknown,Gicumbi,1,0.022444888892706905,2.2,-1.5033393900000018,30.095833840000004,Rwanda,Gicumbi
8.0,unknown,Protected Well,unknown,Gicumbi,1,0.2297284038152635,23.0,-1.541548973,30.11142047,Rwanda,Gicumbi
5.0,Public Tapstand,Protected Well,unknown,Gicumbi,1,0.07707408005917082,7.7,-1.529186979999996,30.11677165,Rwanda,Gicumbi
5.0,unknown,Protected Well,unknown,Gicumbi,1,0.022444888892706905,2.2,-1.5293672000000185,30.132468799999998,Rwanda,Gicumbi
5.0,unknown,Protected Well,unknown,Gicumbi,1,0.022444888892706905,2.2,-1.5282651299999983,30.141729879999993,Rwanda,Gicumbi
5.0,unknown,Protected Well,unknown,Gicumbi,1,0.022444888892706905,2.2,-1.5249974700000128,30.10676993,Rwanda,Gicumbi
5.0,unknown,Protected Well,unknown,Gicumbi,1,0.022444888892706905,2.2,-1.5234730999999972,30.129017799999996,Rwanda,Gicumbi
8.0,unknown,Protected Well,unknown,Gicumbi,1,0.2297284038152635,23.0,-1.521932897,30.10838415,Rwanda,Gicumbi
8.0,unknown,Protected Well,unknown,Gicumbi,1,0.2297284038152635,23.0,-1.521763741,30.10833238,Rwanda,Gicumbi
8.0,unknown,Protected Well,unknown,Gicumbi,1,0.2297284038152635,23.0,-1.520481851,30.11256767,Rwanda,Gicumbi
8.0,unknown,Protected Well,unknown,Gicumbi,1,0.2297284038152635,23.0,-1.52109164,30.11993737,Rwanda,Gicumbi
5.0,unknown,Protected Well,unknown,Gicumbi,1,0.022444888892706905,2.2,-1.5183916000000188,30.10505899999999,Rwanda,Gicumbi
8.0,unknown,Protected Well,unknown,Gicumbi,1,0.2297284038152635,23.0,-1.515313333,30.11736167,Rwanda,Gicumbi
8.0,unknown,Protected Well,unknown,Gicumbi,1,0.2297284038152635,23.0,-1.515488416,30.11755599,Rwanda,Gicumbi
8.0,unknown,Rainwater Harvesting,unknown,Gicumbi,1,0.5756619212068234,57.6,-1.516294571,30.12206447,Rwanda,Gicumbi
8.0,unknown,Protected Well,unknown,Gicumbi,1,0.2297284038152635,23.0,-1.510577572,30.11726096,Rwanda,Gicumbi
5.0,unknown,Protected Well,unknown,Gicumbi,1,0.022444888892706905,2.2,-1.510406100000008,30.117306199999987,Rwanda,Gicumbi
5.0,unknown,Protected Well,unknown,Gicumbi,1,0.022444888892706905,2.2,-1.5069042000000135,30.113336400000012,Rwanda,Gicumbi
8.0,unknown,Protected Well,unknown,Gicumbi,1,0.2297284038152635,23.0,-1.507095,30.11347167,Rwanda,Gicumbi
8.0,unknown,Protected Well,unknown,Gicumbi,1,0.2297284038152635,23.0,-1.502522919,30.12135706,Rwanda,Gicumbi
5.0,unknown,Protected Well,unknown,Gicumbi,1,0.022444888892706905,2.2,-1.5024086000000134,30.121379799999993,Rwanda,Gicumbi
5.0,unknown,Protected Well,unknown,Gicumbi,1,0.022444888892706905,2.2,-1.501817300000011,30.12765320000001,Rwanda,Gicumbi
8.0,unknown,Protected Well,unknown,Gicumbi,1,0.2297284038152635,23.0,-1.549251296,30.16162096,Rwanda,Gicumbi
8.0,unknown,Protected Well,unknown,Gicumbi,1,0.2297284038152635,23.0,-1.546892982,30.16191949,Rwanda,Gicumbi
8.0,unknown,Protected Well,unknown,Gicumbi,1,0.2297284038152635,23.0,-1.546619738,30.16182052,Rwanda,Gicumbi
8.0,unknown,Protected Well,unknown,Rulindo,1,0.3717300062976705,37.2,-1.826605195,29.98204809,Rwanda,Rulindo
26.0,unknown,Protected Well,unknown,Rulindo,1,0.15391247184019097,15.4,-1.7631416666666666,30.073374444444443,Rwanda,Rulindo
5.0,unknown,Protected Well,unknown,Gicumbi,1,0.022444888892706905,2.2,-1.5407738399999962,30.161080109999997,Rwanda,Gicumbi
5.0,unknown,Protected Well,unknown,Gicumbi,1,0.022444888892706905,2.2,-1.538497170000016,30.163316440000003,Rwanda,Gicumbi
8.0,unknown,Protected Well,unknown,Gicumbi,1,0.2297284038152635,23.0,-1.532890801,30.169351,Rwanda,Gicumbi
8.0,unknown,Protected Well,unknown,Gicumbi,1,0.2297284038152635,23.0,-1.532735877,30.16934912,Rwanda,Gicumbi
8.0,unknown,Protected Well,unknown,Gatsibo,1,0.08750870096658825,8.8,-1.529167584,30.17855881,Rwanda,Gatsibo
8.0,Public Tapstand,Protected Well,unknown,Gicumbi,1,0.3107803640747633,31.1,-1.521240455,30.17747429,Rwanda,Gicumbi
8.0,unknown,Rainwater Harvesting,unknown,Nyagatare,1,0.14951904528729054,15.0,-1.517913755,30.17983908,Rwanda,Nyagatare
9.0,unknown,Borehole/Tubewell,unknown,Gatsibo,1,0.04195671497100928,4.2,-1.54965,30.220167,Rwanda,Gatsibo
9.0,unknown,Borehole/Tubewell,unknown,Gatsibo,1,0.04195671497100928,4.2,-1.507383,30.21385,Rwanda,Gatsibo
5.0,unknown,Protected Well,unknown,Gicumbi,1,0.022444888892706905,2.2,-1.4992813600000026,30.020409320000013,Rwanda,Gicumbi
8.0,unknown,Protected Well,unknown,Gicumbi,1,0.2297284038152635,23.0,-1.499478437,30.02380806,Rwanda,Gicumbi
8.0,unknown,Protected Well,unknown,Gicumbi,1,0.2297284038152635,23.0,-1.498962617,30.04485969,Rwanda,Gicumbi
5.0,unknown,Protected Well,unknown,Gicumbi,1,0.022444888892706905,2.2,-1.4988117499999982,30.044970259999985,Rwanda,Gicumbi
8.0,unknown,Protected Well,unknown,Gicumbi,1,0.2297284038152635,23.0,-1.491435911,30.0294409,Rwanda,Gicumbi
8.0,unknown,Protected Well,unknown,Gicumbi,1,0.2297284038152635,23.0,-1.490476018,30.02985092,Rwanda,Gicumbi
8.0,unknown,Protected Well,unknown,Gicumbi,1,0.2297284038152635,23.0,-1.488174481,30.01372053,Rwanda,Gicumbi
8.0,unknown,Protected Well,unknown,Gicumbi,1,0.2297284038152635,23.0,-1.48764935,30.01387951,Rwanda,Gicumbi
8.0,unknown,Protected Well,unknown,Gicumbi,1,0.2297284038152635,23.0,-1.482296112,30.02131526,Rwanda,Gicumbi
8.0,unknown,Protected Well,unknown,Gicumbi,1,0.2297284038152635,23.0,-1.482130014,30.02727985,Rwanda,Gicumbi
8.0,unknown,Protected Well,unknown,Gicumbi,1,0.2297284038152635,23.0,-1.479946222,30.02030332,Rwanda,Gicumbi
8.0,unknown,Protected Well,unknown,Rulindo,1,0.3717300062976705,37.2,-1.792803169,29.94039705,Rwanda,Rulindo
8.0,unknown,Protected Well,unknown,Gicumbi,1,0.2297284038152635,23.0,-1.478456998,30.02389879,Rwanda,Gicumbi
8.0,unknown,Protected Well,unknown,Gicumbi,1,0.2297284038152635,23.0,-1.478482709,30.04649418,Rwanda,Gicumbi
5.0,unknown,Protected Well,unknown,Gicumbi,1,0.022444888892706905,2.2,-1.4783992799999937,30.046359279999997,Rwanda,Gicumbi
8.0,unknown,Protected Well,unknown,Gicumbi,1,0.2297284038152635,23.0,-1.475657814,30.00651991,Rwanda,Gicumbi
8.0,unknown,Protected Well,unknown,Gicumbi,1,0.2297284038152635,23.0,-1.475296667,30.0067,Rwanda,Gicumbi
8.0,unknown,Protected Well,unknown,Gicumbi,1,0.2297284038152635,23.0,-1.760709804,30.122383,Rwanda,Gicumbi
8.0,unknown,Protected Well,unknown,Gicumbi,1,0.2297284038152635,23.0,-1.472573725,30.02553509,Rwanda,Gicumbi
8.0,unknown,Protected Well,unknown,Gicumbi,1,0.2297284038152635,23.0,-1.471198333,30.03851333,Rwanda,Gicumbi
8.0,unknown,Protected Well,unknown,Gicumbi,1,0.2297284038152635,23.0,-1.471040983,30.03813818,Rwanda,Gicumbi
8.0,unknown,Protected Well,unknown,Gicumbi,1,0.2297284038152635,23.0,-1.467823589,30.00122089,Rwanda,Gicumbi
8.0,unknown,Protected Well,unknown,Gicumbi,1,0.2297284038152635,23.0,-1.467722389,30.00118577,Rwanda,Gicumbi
8.0,unknown,Protected Well,unknown,Gicumbi,1,0.2297284038152635,23.0,-1.469791505,30.02446497,Rwanda,Gicumbi
8.0,unknown,Protected Well,unknown,Gicumbi,1,0.2297284038152635,23.0,-1.46642099,30.01513221,Rwanda,Gicumbi
8.0,unknown,Protected Well,unknown,Gicumbi,1,0.2297284038152635,23.0,-1.466324117,30.01502705,Rwanda,Gicumbi
8.0,unknown,Protected Well,unknown,Gicumbi,1,0.2297284038152635,23.0,-1.465262602,30.01667574,Rwanda,Gicumbi
5.0,unknown,Protected Well,unknown,Gicumbi,1,0.022444888892706905,2.2,-1.4665512300000036,30.03719537,Rwanda,Gicumbi
8.0,unknown,Protected Well,unknown,Gicumbi,1,0.2297284038152635,23.0,-1.46367935,30.03618454,Rwanda,Gicumbi
8.0,unknown,Protected Well,unknown,Gicumbi,1,0.2297284038152635,23.0,-1.460542873,30.0022046,Rwanda,Gicumbi
8.0,unknown,Protected Well,unknown,Gicumbi,1,0.2297284038152635,23.0,-1.460458899,30.00550673,Rwanda,Gicumbi
8.0,unknown,Protected Well,unknown,Gicumbi,1,0.2297284038152635,23.0,-1.459384699,30.00304872,Rwanda,Gicumbi
8.0,unknown,Protected Well,unknown,Gicumbi,1,0.2297284038152635,23.0,-1.459499813,30.00596319,Rwanda,Gicumbi
5.0,unknown,Protected Well,unknown,Gicumbi,1,0.022444888892706905,2.2,-1.4555865200000042,30.00120135,Rwanda,Gicumbi
8.0,unknown,Protected Well,unknown,Gicumbi,1,0.2297284038152635,23.0,-1.455285407,30.01651489,Rwanda,Gicumbi
8.0,unknown,Protected Well,unknown,Gicumbi,1,0.2297284038152635,23.0,-1.455551269,30.02007299,Rwanda,Gicumbi
5.0,unknown,Protected Well,unknown,Gicumbi,1,0.022444888892706905,2.2,-1.4554047500000022,30.020118739999983,Rwanda,Gicumbi
8.0,unknown,Protected Well,unknown,Gicumbi,1,0.2297284038152635,23.0,-1.456457086,30.02752501,Rwanda,Gicumbi
5.0,Public Tapstand,Protected Well,unknown,Gicumbi,1,0.07707408005917082,7.7,-1.4567641200000017,30.03931427000001,Rwanda,Gicumbi
8.0,unknown,Protected Well,unknown,Gicumbi,1,0.2297284038152635,23.0,-1.453836768,30.0013641,Rwanda,Gicumbi
5.0,unknown,Protected Well,unknown,Gicumbi,1,0.022444888892706905,2.2,-1.4537461400000167,30.00105359,Rwanda,Gicumbi
8.0,unknown,Protected Well,unknown,Gicumbi,1,0.2297284038152635,23.0,-1.452592127,30.02643762,Rwanda,Gicumbi
5.0,unknown,Protected Well,unknown,Gicumbi,1,0.022444888892706905,2.2,-1.4511215100000134,30.00054569999999,Rwanda,Gicumbi
5.0,unknown,Protected Well,unknown,Gicumbi,1,0.022444888892706905,2.2,-1.4513014700000084,30.02155804,Rwanda,Gicumbi
5.0,unknown,Protected Well,unknown,Gicumbi,1,0.022444888892706905,2.2,-1.4512102600000145,30.04321851,Rwanda,Gicumbi
8.0,unknown,Protected Well,unknown,Gicumbi,1,0.2297284038152635,23.0,-1.451086426,30.04328476,Rwanda,Gicumbi
5.0,unknown,Protected Well,unknown,Gicumbi,1,0.022444888892706905,2.2,-1.4978254000000129,30.070681100000005,Rwanda,Gicumbi
8.0,unknown,Protected Well,unknown,Gicumbi,1,0.2297284038152635,23.0,-1.772658333,30.21543167,Rwanda,Gicumbi
5.0,unknown,Protected Well,unknown,Gicumbi,1,0.022444888892706905,2.2,-1.4995028000000068,30.072624200000003,Rwanda,Gicumbi
5.0,unknown,Protected Well,unknown,Gicumbi,1,0.022444888892706905,2.2,-1.498181390000001,30.091348019999987,Rwanda,Gicumbi
8.0,unknown,Protected Well,unknown,Gicumbi,1,0.2297284038152635,23.0,-1.492471683,30.07958299,Rwanda,Gicumbi
5.0,unknown,Protected Well,unknown,Gicumbi,1,0.022444888892706905,2.2,-1.4905150699999983,30.086661010000004,Rwanda,Gicumbi
5.0,Public Tapstand,Protected Well,unknown,Gicumbi,1,0.07707408005917082,7.7,-1.4875794899999981,30.055314660000015,Rwanda,Gicumbi
5.0,unknown,Protected Well,unknown,Gicumbi,1,0.022444888892706905,2.2,-1.4894804699999937,30.059592809999998,Rwanda,Gicumbi
5.0,unknown,Protected Well,unknown,Gicumbi,1,0.022444888892706905,2.2,-1.486043800000007,30.057085259999997,Rwanda,Gicumbi
8.0,Public Tapstand,Protected Well,unknown,Gicumbi,1,0.3107803640747633,31.1,-1.48504925,30.07436108,Rwanda,Gicumbi
8.0,unknown,Protected Well,unknown,Gicumbi,1,0.2297284038152635,23.0,-1.484186667,30.07157833,Rwanda,Gicumbi
5.0,unknown,Protected Well,unknown,Gicumbi,1,0.022444888892706905,2.2,-1.4799066199999962,30.060759290000004,Rwanda,Gicumbi
8.0,unknown,Protected Well,unknown,Gicumbi,1,0.2297284038152635,23.0,-1.473503454,30.05806354,Rwanda,Gicumbi
5.0,unknown,Protected Well,unknown,Gicumbi,1,0.022444888892706905,2.2,-1.473419430000019,30.05801237999999,Rwanda,Gicumbi
8.0,unknown,Protected Well,unknown,Gicumbi,1,0.2297284038152635,23.0,-1.47035101,30.05052211,Rwanda,Gicumbi
8.0,unknown,Protected Well,unknown,Gicumbi,1,0.2297284038152635,23.0,-1.467378802,30.05225147,Rwanda,Gicumbi
8.0,unknown,Protected Well,unknown,Gicumbi,1,0.2297284038152635,23.0,-1.465936196,30.05329799,Rwanda,Gicumbi
8.0,unknown,Protected Well,unknown,Gicumbi,1,0.2297284038152635,23.0,-1.466696357,30.05785993,Rwanda,Gicumbi
5.0,unknown,Protected Well,unknown,Gicumbi,1,0.022444888892706905,2.2,-1.466865430000007,30.060836889999997,Rwanda,Gicumbi
8.0,unknown,Protected Well,unknown,Gicumbi,1,0.2297284038152635,23.0,-1.465693732,30.06072624,Rwanda,Gicumbi
5.0,unknown,Protected Well,unknown,Gicumbi,1,0.022444888892706905,2.2,-1.465640820000007,30.060900970000002,Rwanda,Gicumbi
8.0,unknown,Protected Well,unknown,Gicumbi,1,0.2297284038152635,23.0,-1.466090608,30.09441775,Rwanda,Gicumbi
8.0,unknown,Protected Well,unknown,Gicumbi,1,0.2297284038152635,23.0,-1.463098457,30.05651465,Rwanda,Gicumbi
8.0,unknown,Protected Well,unknown,Gicumbi,1,0.2297284038152635,23.0,-1.464660742,30.06039415,Rwanda,Gicumbi
8.0,unknown,Protected Well,unknown,Gicumbi,1,0.2297284038152635,23.0,-1.463024364,30.08069259,Rwanda,Gicumbi
5.0,Public Tapstand,unknown,unknown,Kicukiro,0,0.4091365696229732,40.9,-1.9906734999999949,30.204148200000017,Rwanda,Kicukiro
8.0,unknown,Protected Well,unknown,Gicumbi,1,0.2297284038152635,23.0,-1.46275231,30.09886002,Rwanda,Gicumbi
5.0,unknown,Protected Well,unknown,Gicumbi,1,0.022444888892706905,2.2,-1.462479260000019,30.073146319999992,Rwanda,Gicumbi
8.0,unknown,Protected Well,unknown,Gicumbi,1,0.2297284038152635,23.0,-1.458981708,30.05219749,Rwanda,Gicumbi
5.0,unknown,Protected Well,unknown,Gicumbi,1,0.022444888892706905,2.2,-1.45907321,30.06486061,Rwanda,Gicumbi
5.0,unknown,Protected Well,unknown,Gicumbi,1,0.022444888892706905,2.2,-1.459897540000017,30.074926280000003,Rwanda,Gicumbi
5.0,unknown,Protected Well,unknown,Gicumbi,1,0.022444888892706905,2.2,-1.4596788000000056,30.089181399999998,Rwanda,Gicumbi
8.0,unknown,Protected Well,unknown,Gicumbi,1,0.2297284038152635,23.0,-1.456818333,30.05108833,Rwanda,Gicumbi
8.0,unknown,Protected Well,unknown,Gicumbi,1,0.2297284038152635,23.0,-1.45669039,30.05115081,Rwanda,Gicumbi
8.0,unknown,Protected Well,unknown,Gicumbi,1,0.2297284038152635,23.0,-1.455235186,30.05219733,Rwanda,Gicumbi
5.0,unknown,Protected Well,unknown,Gicumbi,1,0.022444888892706905,2.2,-1.4563284500000109,30.05773282999999,Rwanda,Gicumbi
8.0,unknown,Delivered Water,unknown,Rulindo,0,0.9244969889304793,92.4,-1.8291133333333334,30.032663333333335,Rwanda,Rulindo
8.0,unknown,Protected Well,unknown,Rulindo,1,0.3717300062976705,37.2,-1.76148632,29.99016666,Rwanda,Rulindo
8.0,unknown,Protected Well,unknown,Gicumbi,1,0.2297284038152635,23.0,-1.456159515,30.09300679,Rwanda,Gicumbi
8.0,unknown,Protected Well,unknown,Gicumbi,1,0.2297284038152635,23.0,-1.452705956,30.08747182,Rwanda,Gicumbi
8.0,unknown,Protected Well,unknown,Gicumbi,1,0.2297284038152635,23.0,-1.452885683,30.09825176,Rwanda,Gicumbi
8.0,unknown,Protected Well,unknown,Gicumbi,1,0.2297284038152635,23.0,-1.451819804,30.08729548,Rwanda,Gicumbi
8.0,Public Tapstand,Protected Well,unknown,Gicumbi,1,0.3107803640747633,31.1,-1.452054095,30.08760004,Rwanda,Gicumbi
5.0,unknown,Protected Well,unknown,Gicumbi,1,0.022444888892706905,2.2,-1.4512957000000026,30.088951000000005,Rwanda,Gicumbi
5.0,unknown,Protected Well,unknown,Gicumbi,1,0.022444888892706905,2.2,-1.4950458000000169,30.106831500000006,Rwanda,Gicumbi
5.0,unknown,Protected Well,unknown,Gicumbi,1,0.022444888892706905,2.2,-1.4965800999999945,30.11843240000001,Rwanda,Gicumbi
5.0,Public Tapstand,unknown,unknown,Rulindo,0,0.42941536887925813,42.9,-1.8119008000000039,30.058006500000005,Rwanda,Rulindo
8.0,unknown,Protected Well,unknown,Gicumbi,1,0.2297284038152635,23.0,-1.486241756,30.10166048,Rwanda,Gicumbi
5.0,unknown,Protected Well,unknown,Gicumbi,1,0.022444888892706905,2.2,-1.4872809500000095,30.10429937999999,Rwanda,Gicumbi
5.0,unknown,Protected Well,unknown,Gicumbi,1,0.022444888892706905,2.2,-1.4842100000000027,30.1128528,Rwanda,Gicumbi
8.0,unknown,Protected Well,unknown,Gicumbi,1,0.2297284038152635,23.0,-1.484086111,30.1128922,Rwanda,Gicumbi
8.0,unknown,Protected Well,unknown,Gicumbi,1,0.2297284038152635,23.0,-1.474056348,30.11778224,Rwanda,Gicumbi
8.0,unknown,Protected Well,unknown,Gicumbi,1,0.2297284038152635,23.0,-1.471468316,30.10550281,Rwanda,Gicumbi
8.0,unknown,Protected Well,unknown,Gicumbi,1,0.2297284038152635,23.0,-1.471279632,30.10524578,Rwanda,Gicumbi
8.0,unknown,Protected Well,unknown,Gicumbi,1,0.2297284038152635,23.0,-1.469811038,30.10113241,Rwanda,Gicumbi
8.0,unknown,Protected Well,unknown,Gicumbi,1,0.2297284038152635,23.0,-1.466487026,30.10011218,Rwanda,Gicumbi
8.0,Public Tapstand,Protected Well,unknown,Gicumbi,1,0.3107803640747633,31.1,-1.464543123,30.10188224,Rwanda,Gicumbi
8.0,unknown,Protected Well,unknown,Gicumbi,1,0.2297284038152635,23.0,-1.464106255,30.10683,Rwanda,Gicumbi
8.0,unknown,Protected Well,unknown,Gicumbi,1,0.2297284038152635,23.0,-1.464144524,30.10945391,Rwanda,Gicumbi
8.0,unknown,Protected Well,unknown,Gicumbi,1,0.2297284038152635,23.0,-1.447898333,30.02054667,Rwanda,Gicumbi
8.0,unknown,Protected Well,unknown,Gicumbi,1,0.2297284038152635,23.0,-1.449975,30.030395,Rwanda,Gicumbi
5.0,unknown,Protected Well,unknown,Gicumbi,1,0.022444888892706905,2.2,-1.4498032100000118,30.030504789999984,Rwanda,Gicumbi
8.0,unknown,Protected Well,unknown,Gicumbi,1,0.2297284038152635,23.0,-1.44961518,30.03066239,Rwanda,Gicumbi
5.0,Public Tapstand,Protected Well,unknown,Gicumbi,1,0.07707408005917082,7.7,-1.4482451900000068,30.030902220000005,Rwanda,Gicumbi
5.0,unknown,Protected Well,unknown,Gicumbi,1,0.022444888892706905,2.2,-1.445483779999994,30.020592400000005,Rwanda,Gicumbi
8.0,unknown,Protected Well,unknown,Gicumbi,1,0.2297284038152635,23.0,-1.447106667,30.024975,Rwanda,Gicumbi
5.0,unknown,Protected Well,unknown,Gicumbi,1,0.022444888892706905,2.2,-1.445816640000011,30.04566466,Rwanda,Gicumbi
8.0,unknown,Protected Well,unknown,Gicumbi,1,0.2297284038152635,23.0,-1.443366266,30.01970018,Rwanda,Gicumbi
8.0,unknown,Protected Well,unknown,Gicumbi,1,0.2297284038152635,23.0,-1.442600434,30.01917252,Rwanda,Gicumbi
5.0,unknown,Protected Well,unknown,Gicumbi,1,0.022444888892706905,2.2,-1.440892389999999,30.001484179999988,Rwanda,Gicumbi
8.0,unknown,Protected Well,unknown,Gicumbi,1,0.2297284038152635,23.0,-1.440799815,30.00155703,Rwanda,Gicumbi
5.0,unknown,Protected Well,unknown,Gicumbi,1,0.022444888892706905,2.2,-1.4406774699999971,30.002251040000015,Rwanda,Gicumbi
8.0,Public Tapstand,Protected Well,unknown,Gicumbi,1,0.3107803640747633,31.1,-1.440568605,30.00229126,Rwanda,Gicumbi
8.0,unknown,Protected Well,unknown,Gicumbi,1,0.2297284038152635,23.0,-1.441465,30.01929833,Rwanda,Gicumbi
8.0,unknown,Protected Well,unknown,Gicumbi,1,0.2297284038152635,23.0,-1.44195913,30.02437654,Rwanda,Gicumbi
8.0,unknown,Protected Well,unknown,Gicumbi,1,0.2297284038152635,23.0,-1.44136889,30.04154711,Rwanda,Gicumbi
8.0,unknown,Protected Well,unknown,Gicumbi,1,0.2297284038152635,23.0,-1.436948451,30.00276297,Rwanda,Gicumbi
8.0,unknown,Protected Well,unknown,Gicumbi,1,0.2297284038152635,23.0,-1.43533711,30.04027838,Rwanda,Gicumbi
8.0,unknown,Protected Well,unknown,Gicumbi,1,0.2297284038152635,23.0,-1.434486387,30.02383991,Rwanda,Gicumbi
8.0,unknown,Protected Well,unknown,Gicumbi,1,0.2297284038152635,23.0,-1.434936422,30.04442322,Rwanda,Gicumbi
5.0,unknown,Protected Well,unknown,Gicumbi,1,0.022444888892706905,2.2,-1.431155560000008,30.005807670000003,Rwanda,Gicumbi
5.0,unknown,Protected Well,unknown,Gicumbi,1,0.022444888892706905,2.2,-1.4308152500000113,30.007144289999996,Rwanda,Gicumbi
8.0,unknown,Protected Well,unknown,Gicumbi,1,0.2297284038152635,23.0,-1.430764452,30.00723676,Rwanda,Gicumbi
5.0,unknown,Protected Well,unknown,Gicumbi,1,0.022444888892706905,2.2,-1.431291140000018,30.03811528999999,Rwanda,Gicumbi
8.0,unknown,Protected Well,unknown,Gicumbi,1,0.2297284038152635,23.0,-1.426093468,30.03158905,Rwanda,Gicumbi
8.0,unknown,Protected Well,unknown,Gicumbi,1,0.2297284038152635,23.0,-1.427389041,30.03301724,Rwanda,Gicumbi
8.0,unknown,Protected Well,unknown,Gicumbi,1,0.2297284038152635,23.0,-1.423486952,30.02508428,Rwanda,Gicumbi
5.0,unknown,Protected Well,unknown,Gicumbi,1,0.022444888892706905,2.2,-1.423184950000013,30.025309450000005,Rwanda,Gicumbi
5.0,unknown,Protected Well,unknown,Gicumbi,1,0.022444888892706905,2.2,-1.4492998000000088,30.086232099999997,Rwanda,Gicumbi
8.0,Public Tapstand,unknown,unknown,Rulindo,0,0.6088340195620978,60.9,-1.732324585,30.01805116,Rwanda,Rulindo
5.0,unknown,Protected Well,unknown,Gicumbi,1,0.022444888892706905,2.2,-1.4460536700000035,30.05183617,Rwanda,Gicumbi
5.0,unknown,Protected Well,unknown,Gicumbi,1,0.022444888892706905,2.2,-1.4453527999999998,30.0827923,Rwanda,Gicumbi
8.0,unknown,Protected Well,unknown,Gicumbi,1,0.2297284038152635,23.0,-1.44102027,30.078785,Rwanda,Gicumbi
8.0,unknown,Protected Well,unknown,Gicumbi,1,0.2297284038152635,23.0,-1.439812992,30.09608636,Rwanda,Gicumbi
8.0,Public Tapstand,Protected Well,unknown,Gicumbi,1,0.3107803640747633,31.1,-1.435342742,30.06425236,Rwanda,Gicumbi
8.0,unknown,Protected Well,unknown,Gicumbi,1,0.2297284038152635,23.0,-1.43267556,30.07185752,Rwanda,Gicumbi
8.0,unknown,Protected Well,unknown,Gicumbi,1,0.2297284038152635,23.0,-1.423047319,30.0823332,Rwanda,Gicumbi
8.0,unknown,Protected Well,unknown,Gicumbi,1,0.2297284038152635,23.0,-1.422915566,30.08240949,Rwanda,Gicumbi
8.0,unknown,Protected Well,unknown,Gicumbi,1,0.2297284038152635,23.0,-1.422687316,30.08243644,Rwanda,Gicumbi
8.0,unknown,Protected Well,unknown,Gicumbi,1,0.2297284038152635,23.0,-1.423017533,30.08485183,Rwanda,Gicumbi
8.0,unknown,Protected Well,unknown,Gicumbi,1,0.2297284038152635,23.0,-1.41692397,30.07369365,Rwanda,Gicumbi
8.0,unknown,Protected Well,unknown,Gicumbi,1,0.2297284038152635,23.0,-1.416565,30.07360167,Rwanda,Gicumbi
8.0,unknown,Protected Well,unknown,Gicumbi,1,0.2297284038152635,23.0,-1.40647,30.077035,Rwanda,Gicumbi
8.0,unknown,Protected Well,unknown,Gicumbi,1,0.2297284038152635,23.0,-1.40279,30.05496167,Rwanda,Gicumbi
5.0,unknown,Protected Well,unknown,Gicumbi,1,0.022444888892706905,2.2,-1.4027358800000063,30.071276039999997,Rwanda,Gicumbi
8.0,unknown,Protected Well,unknown,Gicumbi,1,0.2297284038152635,23.0,-1.396627958,30.06656099,Rwanda,Gicumbi
6.0,Hand Pump - Nira,Rainwater Harvesting,unknown,Nyagatare,1,0.0020688212530068917,0.2,-1.326667999999999,30.500923999999994,Rwanda,Nyagatare
8.0,unknown,Borehole/Tubewell,unknown,Nyagatare,1,0.34492839239498274,34.5,-1.285216,30.395604,Rwanda,Nyagatare
8.0,unknown,Borehole/Tubewell,unknown,Nyagatare,1,0.34492839239498274,34.5,-1.284235,30.39414,Rwanda,Nyagatare
6.0,Hand Pump - India Mark,Rainwater Harvesting,unknown,Nyagatare,1,0.0020688212530068917,0.2,-1.217342000000012,30.498039999999996,Rwanda,Nyagatare
14.0,unknown,Protected Spring,unknown,Nyaruguru,0,0.9679063915102039,96.8,-2.584639,29.496194,Rwanda,Nyaruguru
14.0,unknown,Protected Spring,unknown,Nyamagabe,0,0.9987751274419076,99.9,-2.575806,29.472528,Rwanda,Nyamagabe
14.0,unknown,Protected Spring,unknown,Nyaruguru,0,0.9679063915102039,96.8,-2.59975,29.532667,Rwanda,Nyaruguru
14.0,unknown,Protected Spring,unknown,Nyaruguru,0,0.9679063915102039,96.8,-2.595694,29.529417,Rwanda,Nyaruguru
14.0,unknown,Protected Spring,unknown,Nyamagabe,0,0.9987751274419076,99.9,-2.528667,29.523028,Rwanda,Nyamagabe
14.0,unknown,Protected Spring,unknown,Nyamagabe,0,0.9987751274419076,99.9,-2.502639,29.514944,Rwanda,Nyamagabe
14.0,unknown,Protected Spring,unknown,Huye,0,0.9995120313459103,100.0,-2.531111,29.626833,Rwanda,Huye
12.0,unknown,Protected Spring,unknown,Huye,0,0.9999482381047183,100.0,-2.511244,29.679,Rwanda,Huye
12.0,unknown,Protected Spring,unknown,Huye,0,0.9999482381047183,100.0,-2.503,29.677,Rwanda,Huye
8.0,Public Tapstand,unknown,unknown,Gicumbi,0,0.6553695175834133,65.5,-1.678433025,30.12228179,Rwanda,Gicumbi
14.0,unknown,Protected Spring,unknown,Nyamagabe,0,0.9987751274419076,99.9,-2.481778,29.435333,Rwanda,Nyamagabe
14.0,unknown,Protected Spring,unknown,Nyamagabe,0,0.9987751274419076,99.9,-2.493972,29.481778,Rwanda,Nyamagabe
14.0,unknown,Protected Spring,unknown,Nyamagabe,0,0.9987751274419076,99.9,-2.488611,29.538389,Rwanda,Nyamagabe
14.0,unknown,Protected Spring,unknown,Nyamagabe,0,0.9987751274419076,99.9,-2.498,29.554722,Rwanda,Nyamagabe
14.0,unknown,Protected Spring,unknown,Nyamagabe,0,0.9987751274419076,99.9,-2.491056,29.589083,Rwanda,Nyamagabe
12.0,unknown,Protected Spring,unknown,Nyamagabe,0,0.9965074251536659,99.7,-2.492,29.592,Rwanda,Nyamagabe
12.0,unknown,Protected Spring,unknown,Nyamagabe,0,0.9965074251536659,99.7,-2.49,29.588,Rwanda,Nyamagabe
12.0,unknown,Protected Spring,unknown,Nyamagabe,0,0.9965074251536659,99.7,-2.488,29.588,Rwanda,Nyamagabe
12.0,unknown,Protected Spring,unknown,Nyamagabe,0,0.9965074251536659,99.7,-2.485,29.587782,Rwanda,Nyamagabe
13.0,unknown,Protected Spring,unknown,Nyamagabe,0,0.9887586351303537,98.9,-2.464,29.585,Rwanda,Nyamagabe
14.0,unknown,Protected Spring,unknown,Nyamagabe,0,0.9987751274419076,99.9,-2.451361,29.586139,Rwanda,Nyamagabe
14.0,unknown,Protected Spring,unknown,Huye,0,0.9995120313459103,100.0,-2.494139,29.606306,Rwanda,Huye
14.0,unknown,Protected Spring,unknown,Huye,0,0.9995120313459103,100.0,-2.49025,29.622806,Rwanda,Huye
14.0,unknown,Protected Spring,unknown,Huye,0,0.9995120313459103,100.0,-2.486083,29.602083,Rwanda,Huye
12.0,unknown,Protected Spring,unknown,Huye,0,0.9999482381047183,100.0,-2.48104,29.64,Rwanda,Huye
12.0,unknown,Protected Spring,unknown,Huye,0,0.9999482381047183,100.0,-2.480073,29.643,Rwanda,Huye
12.0,unknown,Protected Spring,unknown,Huye,0,0.9999482381047183,100.0,-2.478611,29.646,Rwanda,Huye
12.0,unknown,Protected Spring,unknown,Huye,0,0.9999482381047183,100.0,-2.471859,29.649,Rwanda,Huye
12.0,unknown,Protected Spring,unknown,Huye,0,0.9999482381047183,100.0,-2.471,29.648006,Rwanda,Huye
12.0,unknown,Protected Spring,unknown,Huye,0,0.9999482381047183,100.0,-2.471,29.649467,Rwanda,Huye
12.0,unknown,Protected Spring,unknown,Huye,0,0.9999482381047183,100.0,-2.493,29.678,Rwanda,Huye
12.0,unknown,Protected Spring,unknown,Huye,0,0.9999482381047183,100.0,-2.486,29.683,Rwanda,Huye
12.0,unknown,Protected Spring,unknown,Huye,0,0.9999482381047183,100.0,-2.485,29.684,Rwanda,Huye
12.0,unknown,Protected Spring,unknown,Huye,0,0.9999482381047183,100.0,-2.466,29.651,Rwanda,Huye
12.0,unknown,Protected Spring,unknown,Huye,0,0.9999482381047183,100.0,-2.465,29.654,Rwanda,Huye
5.0,unknown,Borehole/Tubewell,unknown,Nyanza,0,0.4558865955022765,45.6,-2.44695,29.89772,Rwanda,Nyanza
8.0,unknown,Borehole/Tubewell,unknown,Ruhango,0,0.5254922320723927,52.5,-2.255767,29.78373,Rwanda,Ruhango
6.0,unknown,Borehole/Tubewell,unknown,Nyanza,0,0.28822925362211427,28.8,-2.279615,29.812946,Rwanda,Nyanza
11.0,Hand Pump - India Mark,Borehole/Tubewell,unknown,Ruhango,0,0.6801952776448295,68.0,-2.2615333,29.8079333,Rwanda,Ruhango
11.0,Hand Pump - Afridev,Borehole/Tubewell,unknown,Ruhango,0,0.2665785707185879,26.7,-2.2019,29.7938667,Rwanda,Ruhango
10.0,unknown,Borehole/Tubewell,unknown,Ruhango,0,0.5081032045294142,50.8,-2.225772,29.823641,Rwanda,Ruhango
10.0,unknown,Borehole/Tubewell,unknown,Ruhango,0,0.5081032045294142,50.8,-2.207396,29.824139,Rwanda,Ruhango
11.0,Hand Pump - India Mark,Borehole/Tubewell,unknown,Ruhango,0,0.6801952776448295,68.0,-2.2069833,29.8396,Rwanda,Ruhango
11.0,Hand Pump - Afridev,Borehole/Tubewell,unknown,Ruhango,0,0.2665785707185879,26.7,-2.2017333,29.8019333,Rwanda,Ruhango
11.0,Hand Pump - India Mark,Borehole/Tubewell,unknown,Ruhango,0,0.6801952776448295,68.0,-2.200616,29.806716,Rwanda,Ruhango
6.0,unknown,Borehole/Tubewell,unknown,Ruhango,0,0.4164175432483329,41.6,-2.223874,29.874695,Rwanda,Ruhango
10.0,unknown,Borehole/Tubewell,unknown,Ruhango,0,0.5081032045294142,50.8,-2.201167,29.891917,Rwanda,Ruhango
7.0,unknown,Borehole/Tubewell,unknown,Ruhango,0,0.48717735444785215,48.7,-2.235252,29.92262,Rwanda,Ruhango
5.0,Public Tapstand,unknown,unknown,Gicumbi,0,0.5911085120721807,59.1,-1.5509779600000133,30.042099319999995,Rwanda,Gicumbi
7.0,unknown,Borehole/Tubewell,unknown,Ruhango,0,0.48717735444785215,48.7,-2.229533,29.938456,Rwanda,Ruhango
10.0,unknown,Borehole/Tubewell,unknown,Ruhango,0,0.5081032045294142,50.8,-2.208874,29.909697,Rwanda,Ruhango
7.0,unknown,Borehole/Tubewell,unknown,Ruhango,0,0.48717735444785215,48.7,-2.228847,29.973271,Rwanda,Ruhango
8.0,unknown,Borehole/Tubewell,unknown,Ruhango,0,0.5254922320723927,52.5,-2.18404,29.73043,Rwanda,Ruhango
8.0,Public Tapstand,unknown,unknown,Gicumbi,0,0.6553695175834133,65.5,-1.5504788,30.08659112,Rwanda,Gicumbi
8.0,unknown,Borehole/Tubewell,unknown,Ruhango,0,0.5254922320723927,52.5,-2.1695722,29.7477833,Rwanda,Ruhango
8.0,unknown,Borehole/Tubewell,unknown,Ruhango,0,0.5254922320723927,52.5,-2.16425,29.73644,Rwanda,Ruhango
6.0,unknown,Borehole/Tubewell,unknown,Ruhango,0,0.4164175432483329,41.6,-2.1533844,29.7431411,Rwanda,Ruhango
8.0,unknown,Borehole/Tubewell,unknown,Ruhango,0,0.5254922320723927,52.5,-2.166927,29.762189,Rwanda,Ruhango
7.0,unknown,Borehole/Tubewell,unknown,Ruhango,0,0.48717735444785215,48.7,-2.157895,29.765328,Rwanda,Ruhango
11.0,Hand Pump - India Mark,Borehole/Tubewell,unknown,Ruhango,0,0.6801952776448295,68.0,-2.1985333,29.8307833,Rwanda,Ruhango
7.0,unknown,Borehole/Tubewell,unknown,Ruhango,0,0.48717735444785215,48.7,-2.19907,29.85076,Rwanda,Ruhango
8.0,unknown,Borehole/Tubewell,unknown,Ruhango,0,0.5254922320723927,52.5,-2.18795,29.899572,Rwanda,Ruhango
14.0,unknown,Protected Spring,unknown,Karongi,0,0.9968591729922588,99.7,-2.122667,29.287944,Rwanda,Karongi
14.0,unknown,Protected Spring,unknown,Karongi,0,0.9968591729922588,99.7,-2.116417,29.334778,Rwanda,Karongi
14.0,unknown,Protected Spring,unknown,Karongi,0,0.9968591729922588,99.7,-2.113778,29.330444,Rwanda,Karongi
7.0,unknown,Borehole/Tubewell,unknown,Ruhango,0,0.48717735444785215,48.7,-2.13374,29.828493,Rwanda,Ruhango
11.0,Hand Pump - Afridev,Borehole/Tubewell,unknown,Ruhango,0,0.2665785707185879,26.7,-2.1279833,29.8860833,Rwanda,Ruhango
12.0,unknown,Protected Spring,unknown,Karongi,0,0.9766310433954205,97.7,-2.056,29.468,Rwanda,Karongi
14.0,unknown,Protected Spring,unknown,Karongi,0,0.9968591729922588,99.7,-2.0442,29.4578,Rwanda,Karongi
14.0,unknown,Protected Spring,unknown,Rutsiro,0,0.9472756248390382,94.7,-2.017916,29.503353,Rwanda,Rutsiro
8.0,Hand Pump - Afridev,Protected Well,unknown,Kicukiro,0,0.524852267887464,52.5,-2.03505946,30.13257895,Rwanda,Kicukiro
13.0,Hand Pump - Afridev,Protected Well,unknown,Kicukiro,0,0.8950874651153196,89.5,-2.03477,30.13263833333333,Rwanda,Kicukiro
14.0,unknown,Rainwater Harvesting,unknown,Kicukiro,0,0.757272456839427,75.7,-2.0265816666666665,30.104515,Rwanda,Kicukiro
14.0,Hand Pump - Afridev,Protected Well,unknown,Kicukiro,0,0.9514554680316847,95.1,-2.018178333333333,30.14201333333333,Rwanda,Kicukiro
17.0,Hand Pump - Afridev,Protected Well,unknown,Kicukiro,0,0.7897564651308819,79.0,-2.009815,30.13612,Rwanda,Kicukiro
8.0,unknown,Protected Well,unknown,Gicumbi,1,0.2297284038152635,23.0,-1.663364025,30.08735033,Rwanda,Gicumbi
14.0,Hand Pump - Afridev,Protected Well,unknown,Kicukiro,0,0.9514554680316847,95.1,-2.0089633333333334,30.149319999999996,Rwanda,Kicukiro
5.0,Public Tapstand,Protected Well,unknown,Rulindo,0,0.4668699370214914,46.7,-1.8748793999999942,29.940685999999985,Rwanda,Rulindo
8.0,unknown,Protected Well,unknown,Rulindo,0,0.3717300062976705,37.2,-1.8569550000000001,29.911905,Rwanda,Rulindo
23.0,unknown,Protected Well,unknown,Rulindo,0,0.1487144157836966,14.9,-1.893648888888889,29.966203333333333,Rwanda,Rulindo
34.0,unknown,Protected Well,unknown,Rulindo,0,0.14135080463346295,14.1,-1.8346733333333334,29.920651111111113,Rwanda,Rulindo
8.0,unknown,Protected Spring,unknown,Rulindo,0,0.9740045134100632,97.4,-1.8273300000000001,29.94920666666667,Rwanda,Rulindo
8.0,unknown,Protected Well,unknown,Rulindo,0,0.3717300062976705,37.2,-1.8053616666666665,29.939055,Rwanda,Rulindo
28.0,unknown,Protected Well,unknown,Rulindo,0,0.08387280796021801,8.4,-1.8366819444444447,29.994791111111113,Rwanda,Rulindo
27.0,unknown,Protected Well,unknown,Rulindo,0,0.11226564839472719,11.2,-1.8332902777777778,29.97156722222222,Rwanda,Rulindo
5.0,Public Tapstand,unknown,unknown,Gicumbi,0,0.5911085120721807,59.1,-1.4697460700000122,30.051525319999996,Rwanda,Gicumbi
8.0,unknown,Protected Well,unknown,Rulindo,0,0.3717300062976705,37.2,-1.8218966666666665,29.95163166666667,Rwanda,Rulindo
8.0,unknown,Protected Well,unknown,Rulindo,0,0.3717300062976705,37.2,-1.82193,29.962773333333335,Rwanda,Rulindo
11.0,Hand Pump,Sand or Sub-surface Dam,Private Operator/Delegated Management,Rulindo,0,0.5450262229463113,54.5,-1.809821111111111,29.984619444444444,Rwanda,Rulindo
8.0,unknown,Protected Well,unknown,Rulindo,0,0.3717300062976705,37.2,-1.803785,29.983318333333333,Rwanda,Rulindo
8.0,unknown,Protected Well,unknown,Rulindo,0,0.3717300062976705,37.2,-1.79339,29.937671666666667,Rwanda,Rulindo
8.0,unknown,Protected Well,unknown,Rulindo,0,0.3717300062976705,37.2,-1.7766016666666666,29.930175000000002,Rwanda,Rulindo
20.0,unknown,Protected Well,unknown,Rulindo,0,0.14215744950697362,14.2,-1.79444522,29.9726881,Rwanda,Rulindo
12.0,Hand Pump,Sand or Sub-surface Dam,Private Operator/Delegated Management,Rulindo,0,0.7183694442361668,71.8,-1.7699119444444444,29.953144444444444,Rwanda,Rulindo
39.0,unknown,Protected Well,unknown,Rulindo,0,0.2844155712083617,28.4,-1.7638616666666667,29.982151388888887,Rwanda,Rulindo
8.0,Public Tapstand,unknown,unknown,Gicumbi,0,0.6553695175834133,65.5,-1.439678434,30.00244162,Rwanda,Gicumbi
5.0,unknown,Protected Well,unknown,Gicumbi,1,0.022444888892706905,2.2,-1.6777218000000016,30.149892899999994,Rwanda,Gicumbi
5.0,Public Tapstand,Sand or Sub-surface Dam,Private Operator/Delegated Management,Rulindo,0,0.5983637238793291,59.8,-1.758174270000008,29.985022220000012,Rwanda,Rulindo
13.0,unknown,Rainwater Harvesting,unknown,Rulindo,0,0.7629626144412313,76.3,-1.7403533333333332,29.94472,Rwanda,Rulindo
5.0,Public Tapstand,unknown,unknown,Gicumbi,0,0.5911085120721807,59.1,-1.436214800000012,30.083927799999994,Rwanda,Gicumbi
8.0,unknown,Protected Spring,unknown,Rulindo,0,0.9740045134100632,97.4,-1.739595,29.908313333333332,Rwanda,Rulindo
8.0,Hand Pump - Vergnet,Protected Well,unknown,Rulindo,0,0.6875786847383137,68.8,-1.7358466666666668,29.921544722222222,Rwanda,Rulindo
23.0,unknown,Protected Well,unknown,Rulindo,0,0.1487144157836966,14.9,-1.7317244444444446,29.933151666666667,Rwanda,Rulindo
40.0,unknown,Protected Well,unknown,Rulindo,0,0.416523601541422,41.7,-1.7417008333333335,29.97188111111111,Rwanda,Rulindo
59.0,unknown,Protected Spring,Community Management,Rulindo,0,0.6748166068849473,67.5,-1.7306266666666668,29.954803333333334,Rwanda,Rulindo
8.0,unknown,Protected Well,unknown,Rulindo,0,0.3717300062976705,37.2,-1.7019783333333331,29.99469333333333,Rwanda,Rulindo
12.0,Hand Pump,Sand or Sub-surface Dam,No Management,Rulindo,0,0.932852952919174,93.3,-1.6992697222222222,29.906734999999998,Rwanda,Rulindo
38.0,unknown,Protected Spring,Community Management,Rulindo,0,0.9794199697389913,97.9,-1.6907349999999999,29.949706666666664,Rwanda,Rulindo
56.0,unknown,Protected Spring,Community Management,Rulindo,0,0.6842656137035519,68.4,-1.6770183333333335,29.94548666666667,Rwanda,Rulindo
66.0,unknown,Protected Spring,Community Management,Rulindo,0,0.4965016873753373,49.7,-1.676931666666667,29.946286666666666,Rwanda,Rulindo
10.0,Hand Pump,Sand or Sub-surface Dam,Private Operator/Delegated Management,Rulindo,0,0.5114512860658506,51.1,-1.6514705555555556,29.918823055555556,Rwanda,Rulindo
11.0,unknown,Protected Well,unknown,Rulindo,0,0.5274148456124939,52.7,-1.6901077777777778,29.980333888888886,Rwanda,Rulindo
8.0,unknown,Protected Spring,unknown,Rulindo,0,0.9740045134100632,97.4,-1.6863316666666668,29.962224999999997,Rwanda,Rulindo
5.0,unknown,Protected Well,unknown,Gicumbi,1,0.022444888892706905,2.2,-1.6538278000000126,30.147337799999995,Rwanda,Gicumbi
46.0,unknown,Protected Spring,Community Management,Rulindo,0,0.9543740822931037,95.4,-1.684695,29.963753333333337,Rwanda,Rulindo
10.0,unknown,Protected Well,unknown,Rulindo,0,0.416422434863568,41.6,-1.6802638888888888,29.99942,Rwanda,Rulindo
8.0,unknown,Protected Spring,unknown,Rulindo,0,0.9740045134100632,97.4,-1.6742066666666668,29.958615,Rwanda,Rulindo
44.0,unknown,Protected Well,unknown,Rulindo,0,0.14916156994134644,14.9,-1.6745463888888887,29.984230833333335,Rwanda,Rulindo
12.0,unknown,Protected Spring,unknown,Gicumbi,0,0.9873432529502308,98.7,-1.6549,29.9984,Rwanda,Gicumbi
14.0,unknown,Protected Spring,unknown,Gakenke,0,0.99,99.0,-1.602556,29.737139,Rwanda,Gakenke
11.0,unknown,Protected Well,unknown,Rulindo,0,0.5274148456124939,52.7,-1.6445369444444444,29.8923825,Rwanda,Rulindo
18.0,unknown,Protected Well,unknown,Rulindo,0,0.20925507995329984,20.9,-1.6408066666666665,29.89844333333333,Rwanda,Rulindo
11.0,Hand Pump,Sand or Sub-surface Dam,Private Operator/Delegated Management,Rulindo,0,0.5450262229463113,54.5,-1.6244727777777779,29.870287222222224,Rwanda,Rulindo
8.0,unknown,Protected Well,unknown,Rulindo,0,0.3717300062976705,37.2,-1.6238,29.88579666666667,Rwanda,Rulindo
56.0,unknown,Protected Well,Community Management,Rulindo,0,0.5940486941234615,59.4,-1.6123833333333333,29.88759,Rwanda,Rulindo
11.0,Hand Pump,Sand or Sub-surface Dam,No Management,Rulindo,0,0.7472183055906715,74.7,-1.6482666666666665,29.92538777777778,Rwanda,Rulindo
8.0,unknown,Protected Well,unknown,Rulindo,0,0.3717300062976705,37.2,-1.6350233333333335,29.935290000000002,Rwanda,Rulindo
13.0,Hand Pump - India Mark,Borehole/Tubewell,unknown,Ruhango,1,0.0020853598464104506,0.2,-2.253,29.6925,Rwanda,Ruhango
8.0,unknown,Protected Well,unknown,Rulindo,0,0.3717300062976705,37.2,-1.6345299999999998,29.938508333333335,Rwanda,Rulindo
39.0,unknown,Protected Spring,Community Management,Rulindo,0,0.9854392411514775,98.5,-1.624670820277453,29.935833606968234,Rwanda,Rulindo
8.0,unknown,Protected Well,unknown,Rulindo,0,0.3717300062976705,37.2,-1.6192216666666668,29.924246666666665,Rwanda,Rulindo
11.0,Hand Pump,Sand or Sub-surface Dam,Private Operator/Delegated Management,Rulindo,0,0.5450262229463113,54.5,-1.6156652777777778,29.911706388888888,Rwanda,Rulindo
10.0,Hand Pump - Afridev,Borehole/Tubewell,unknown,Ruhango,1,0.017070511585914105,1.7,-2.2566,29.794917,Rwanda,Ruhango
36.0,unknown,Protected Spring,Community Management,Rulindo,0,0.9477074156264371,94.8,-1.6127283333333333,29.90447166666667,Rwanda,Rulindo
8.0,unknown,Protected Well,unknown,Rulindo,0,0.3717300062976705,37.2,-1.6146233333333333,29.924736666666664,Rwanda,Rulindo
8.0,unknown,Protected Well,unknown,Rulindo,0,0.3717300062976705,37.2,-1.6114133333333331,29.932258333333333,Rwanda,Rulindo
5.0,unknown,Protected Well,unknown,Rulindo,1,0.008564511579654988,0.9,-1.6609102000000047,29.912076300000006,Rwanda,Rulindo
8.0,unknown,Protected Well,unknown,Rulindo,0,0.3717300062976705,37.2,-1.6094016666666666,29.926426666666664,Rwanda,Rulindo
8.0,unknown,Protected Well,unknown,Rulindo,0,0.3717300062976705,37.2,-1.64782,29.972783333333336,Rwanda,Rulindo
8.0,unknown,Protected Well,unknown,Rulindo,0,0.3717300062976705,37.2,-1.6443483333333333,29.972561666666667,Rwanda,Rulindo
8.0,unknown,Protected Well,unknown,Rulindo,0,0.3717300062976705,37.2,-1.620735,29.952298333333335,Rwanda,Rulindo
8.0,unknown,Protected Well,unknown,Gicumbi,0,0.2297284038152635,23.0,-1.611531358,29.97697779,Rwanda,Gicumbi
8.0,unknown,Protected Well,unknown,Gicumbi,0,0.2297284038152635,23.0,-1.609508419,29.96406201,Rwanda,Gicumbi
8.0,unknown,Protected Well,unknown,Gicumbi,0,0.2297284038152635,23.0,-1.605659634,29.9788277,Rwanda,Gicumbi
8.0,unknown,Protected Well,unknown,Gicumbi,0,0.2297284038152635,23.0,-1.472153192,29.99557278,Rwanda,Gicumbi
8.0,unknown,Rainwater Harvesting,unknown,Kicukiro,0,0.381386075365046,38.1,-1.980981667,30.06994833,Rwanda,Kicukiro
26.0,unknown,Protected Well,Community Management,Kicukiro,0,0.6123735779869268,61.2,-1.9820366666666667,30.093566666666668,Rwanda,Kicukiro
13.0,unknown,Rainwater Harvesting,unknown,Kicukiro,0,0.6311558531407521,63.1,-1.9739798953215142,30.071672130135955,Rwanda,Kicukiro
29.0,unknown,Protected Well,unknown,Kicukiro,0,0.6827676253120887,68.3,-1.9673016666666663,30.074304999999995,Rwanda,Kicukiro
27.0,unknown,Protected Well,unknown,Kicukiro,0,0.3259713297392718,32.6,-1.9618537258672715,30.136825011761083,Rwanda,Kicukiro
14.0,unknown,Rainwater Harvesting,unknown,Kicukiro,0,0.757272456839427,75.7,-1.9859533333333332,30.179981666666663,Rwanda,Kicukiro
8.0,unknown,Protected Well,unknown,Rulindo,0,0.3717300062976705,37.2,-1.8526333333333331,30.024573333333333,Rwanda,Rulindo
28.0,unknown,Protected Well,unknown,Rulindo,0,0.08387280796021801,8.4,-1.8043933333333333,30.02706611111111,Rwanda,Rulindo
41.0,Hand Pump - Afridev,Protected Well,Private Operator/Delegated Management,Rulindo,0,0.22096671586206096,22.1,-1.829756666666667,30.059048333333333,Rwanda,Rulindo
10.0,Hand Pump,Sand or Sub-surface Dam,No Management,Rulindo,0,0.65410680759959,65.4,-1.8075119444444445,30.070013333333332,Rwanda,Rulindo
13.0,unknown,Protected Spring,unknown,Kayonza,0,0.9669920322426365,96.7,-1.8184,30.4929,Rwanda,Kayonza
10.0,Hand Pump,Sand or Sub-surface Dam,Private Operator/Delegated Management,Rulindo,0,0.5114512860658506,51.1,-1.7782619444444443,30.03096083333333,Rwanda,Rulindo
5.0,Public Tapstand,Protected Well,unknown,Rulindo,0,0.4668699370214914,46.7,-1.769927270000018,30.021380459999985,Rwanda,Rulindo
28.0,unknown,Protected Well,unknown,Rulindo,0,0.08387280796021801,8.4,-1.7599816666666666,30.018530833333333,Rwanda,Rulindo
26.0,unknown,Protected Well,unknown,Rulindo,0,0.15391247184019097,15.4,-1.756713611111111,30.018225833333332,Rwanda,Rulindo
12.0,Hand Pump,Sand or Sub-surface Dam,No Management,Rulindo,0,0.932852952919174,93.3,-1.7507166666666667,30.03652027777778,Rwanda,Rulindo
12.0,unknown,Protected Well,unknown,Rulindo,0,0.46556121466815137,46.6,-1.7514,30.04719,Rwanda,Rulindo
11.0,Hand Pump,Sand or Sub-surface Dam,No Management,Rulindo,0,0.7472183055906715,74.7,-1.7772008333333333,30.061083611111112,Rwanda,Rulindo
39.0,unknown,Protected Well,unknown,Rulindo,0,0.2844155712083617,28.4,-1.7677816666666666,30.063243333333336,Rwanda,Rulindo
14.0,Hand Pump,Sand or Sub-surface Dam,Private Operator/Delegated Management,Rulindo,0,0.4605219678202912,46.1,-1.7634555555555556,30.058330833333333,Rwanda,Rulindo
13.0,Hand Pump,Sand or Sub-surface Dam,Private Operator/Delegated Management,Rulindo,0,0.2676316353010735,26.8,-1.7547622222222221,30.05744111111111,Rwanda,Rulindo
16.0,Hand Pump,Sand or Sub-surface Dam,No Management,Rulindo,0,0.7456985102085092,74.6,-1.7910380555555554,30.125151111111112,Rwanda,Rulindo
41.0,unknown,Protected Well,unknown,Rulindo,0,0.480605676764294,48.1,-1.7817877777777777,30.111724722222224,Rwanda,Rulindo
14.0,unknown,Protected Spring,unknown,Gicumbi,0,1.0,100.0,-1.754028,30.128167,Rwanda,Gicumbi
8.0,unknown,Rainwater Harvesting,Private Operator/Delegated Management,Gicumbi,0,0.6265764438090262,62.7,-1.79872784,30.17639556,Rwanda,Gicumbi
11.0,Hand Pump,Sand or Sub-surface Dam,Private Operator/Delegated Management,Rulindo,0,0.5450262229463113,54.5,-1.7426222222222223,30.043381944444445,Rwanda,Rulindo
12.0,Hand Pump,Sand or Sub-surface Dam,Private Operator/Delegated Management,Rulindo,0,0.7183694442361668,71.8,-1.7358194444444446,30.032684444444442,Rwanda,Rulindo
9.0,Hand Pump,Sand or Sub-surface Dam,Private Operator/Delegated Management,Rulindo,0,0.6437685567939819,64.4,-1.7285722222222224,30.073104722222222,Rwanda,Rulindo
8.0,unknown,Protected Well,unknown,Rulindo,0,0.3717300062976705,37.2,-1.7233650000000003,30.06433,Rwanda,Rulindo
12.0,Hand Pump - Afridev,Borehole/Tubewell,unknown,Ruhango,1,0.0014013613974951378,0.1,-2.237133333,29.7851,Rwanda,Ruhango
12.0,Hand Pump,Sand or Sub-surface Dam,Private Operator/Delegated Management,Rulindo,0,0.7183694442361668,71.8,-1.709481388888889,30.05071277777778,Rwanda,Rulindo
8.0,Public Tapstand,Protected Well,unknown,Gicumbi,0,0.3107803640747633,31.1,-1.735748397,30.16360635,Rwanda,Gicumbi
8.0,unknown,Protected Well,unknown,Gicumbi,0,0.2297284038152635,23.0,-1.714318711,30.19590088,Rwanda,Gicumbi
8.0,unknown,Protected Well,unknown,Gicumbi,0,0.2297284038152635,23.0,-1.709124747,30.19620537,Rwanda,Gicumbi
12.0,unknown,Protected Spring,unknown,Gicumbi,0,0.9873432529502308,98.7,-1.706,30.159,Rwanda,Gicumbi
8.0,Public Tapstand,Protected Well,unknown,Gicumbi,0,0.3107803640747633,31.1,-1.702474162,30.15983269,Rwanda,Gicumbi
5.0,Public Tapstand,Protected Well,unknown,Gicumbi,0,0.07707408005917082,7.7,-1.7022760999999986,30.19675039999999,Rwanda,Gicumbi
12.0,Hand Pump - India Mark,Borehole/Tubewell,unknown,Gatsibo,0,0.6330738677879628,63.3,-1.71,30.37,Rwanda,Gatsibo
13.0,unknown,Protected Spring,unknown,Gatsibo,0,0.9966666666666667,99.7,-1.700378,30.373042,Rwanda,Gatsibo
26.0,unknown,Protected Well,Community Management,Rulindo,0,0.41011051088794825,41.0,-1.68716,30.009855,Rwanda,Rulindo
10.0,unknown,Protected Well,unknown,Rulindo,0,0.416422434863568,41.6,-1.6785149999999998,30.0009425,Rwanda,Rulindo
38.0,unknown,Protected Well,unknown,Rulindo,0,0.2022139463148589,20.2,-1.662437203,30.03033468,Rwanda,Rulindo
41.0,Public Tapstand,Protected Well,unknown,Rulindo,0,0.6423415001761579,64.2,-1.65808415,30.06108153,Rwanda,Rulindo
14.0,unknown,Protected Spring,unknown,Gicumbi,0,1.0,100.0,-1.6559,30.11,Rwanda,Gicumbi
8.0,unknown,Protected Well,unknown,Gicumbi,0,0.2297284038152635,23.0,-1.653818482,30.17695065,Rwanda,Gicumbi
8.0,unknown,Protected Well,unknown,Gicumbi,0,0.2297284038152635,23.0,-1.675784641,30.23682657,Rwanda,Gicumbi
8.0,unknown,Protected Well,unknown,Gicumbi,0,0.2297284038152635,23.0,-1.675344879,30.23568458,Rwanda,Gicumbi
12.0,Hand Pump - India Mark,Borehole/Tubewell,unknown,Gatsibo,0,0.6330738677879628,63.3,-1.699,30.365,Rwanda,Gatsibo
13.0,unknown,Protected Spring,unknown,Gatsibo,0,0.9966666666666667,99.7,-1.686505,30.408663,Rwanda,Gatsibo
11.0,Hand Pump,Sand or Sub-surface Dam,Private Operator/Delegated Management,Rulindo,0,0.5450262229463113,54.5,-1.64449,30.049019444444447,Rwanda,Rulindo
12.0,Hand Pump,Sand or Sub-surface Dam,Private Operator/Delegated Management,Rulindo,0,0.7183694442361668,71.8,-1.6212691666666668,30.013461111111113,Rwanda,Rulindo
14.0,unknown,Protected Spring,unknown,Gicumbi,0,1.0,100.0,-1.642083,30.092639,Rwanda,Gicumbi
8.0,unknown,Protected Well,unknown,Gicumbi,0,0.2297284038152635,23.0,-1.63518931,30.09807776,Rwanda,Gicumbi
8.0,unknown,Protected Well,unknown,Gicumbi,0,0.2297284038152635,23.0,-1.602165583,30.08207377,Rwanda,Gicumbi
8.0,unknown,Protected Well,unknown,Gicumbi,0,0.2297284038152635,23.0,-1.64249577,30.1021034,Rwanda,Gicumbi
14.0,unknown,Protected Spring,unknown,Gicumbi,0,1.0,100.0,-1.63675,30.1105,Rwanda,Gicumbi
8.0,Public Tapstand,Protected Well,unknown,Gicumbi,0,0.3107803640747633,31.1,-1.615976811,30.13704063,Rwanda,Gicumbi
8.0,unknown,Protected Well,unknown,Gicumbi,0,0.2297284038152635,23.0,-1.609212525,30.12196984,Rwanda,Gicumbi
8.0,unknown,Protected Well,unknown,Gicumbi,0,0.2297284038152635,23.0,-1.600539779,30.14980481,Rwanda,Gicumbi
5.0,unknown,Protected Well,unknown,Gicumbi,0,0.022444888892706905,2.2,-1.642477979,30.21166758,Rwanda,Gicumbi
13.0,Motorized Pump,Borehole/Tubewell,unknown,Gatsibo,0,0.9826211056786678,98.3,-1.6406,30.390259,Rwanda,Gatsibo
13.0,unknown,Protected Spring,unknown,Gatsibo,0,0.9966666666666667,99.7,-1.62679,30.36747,Rwanda,Gatsibo
13.0,Motorized Pump,Borehole/Tubewell,unknown,Gatsibo,0,0.9826211056786678,98.3,-1.610483,30.355814,Rwanda,Gatsibo
13.0,Motorized Pump,Borehole/Tubewell,unknown,Gatsibo,0,0.9826211056786678,98.3,-1.609688,30.394658,Rwanda,Gatsibo
8.0,unknown,Protected Well,unknown,Gicumbi,0,0.2297284038152635,23.0,-1.562211342,30.01778597,Rwanda,Gicumbi
14.0,unknown,Protected Spring,unknown,Gicumbi,0,1.0,100.0,-1.5925,30.0741,Rwanda,Gicumbi
8.0,unknown,Protected Well,unknown,Gicumbi,0,0.2297284038152635,23.0,-1.568677698,30.09799084,Rwanda,Gicumbi
8.0,unknown,Protected Well,unknown,Gicumbi,0,0.2297284038152635,23.0,-1.567501215,30.10808165,Rwanda,Gicumbi
8.0,unknown,Protected Well,unknown,Gicumbi,0,0.2297284038152635,23.0,-1.56773761,30.12355464,Rwanda,Gicumbi
8.0,unknown,Protected Well,unknown,Gicumbi,0,0.2297284038152635,23.0,-1.564917128,30.1333049,Rwanda,Gicumbi
14.0,unknown,Protected Spring,unknown,Gicumbi,0,1.0,100.0,-1.562111,30.145889,Rwanda,Gicumbi
8.0,unknown,Protected Well,unknown,Gicumbi,0,0.2297284038152635,23.0,-1.559316567,30.12782464,Rwanda,Gicumbi
8.0,unknown,Protected Well,unknown,Gicumbi,0,0.2297284038152635,23.0,-1.57919126,30.15488484,Rwanda,Gicumbi
8.0,unknown,Protected Well,unknown,Gicumbi,0,0.2297284038152635,23.0,-1.57830652,30.15548296,Rwanda,Gicumbi
13.0,Motorized Pump,Borehole/Tubewell,unknown,Gatsibo,0,0.9826211056786678,98.3,-1.588125,30.434311,Rwanda,Gatsibo
8.0,unknown,Protected Well,unknown,Gicumbi,0,0.2297284038152635,23.0,-1.539300163,30.00717417,Rwanda,Gicumbi
8.0,Public Tapstand,Protected Well,unknown,Gicumbi,0,0.3107803640747633,31.1,-1.532626949,30.02129377,Rwanda,Gicumbi
8.0,unknown,Protected Well,unknown,Gicumbi,0,0.2297284038152635,23.0,-1.527154239,30.06723908,Rwanda,Gicumbi
14.0,unknown,Protected Spring,unknown,Gicumbi,0,1.0,100.0,-1.5465,30.156,Rwanda,Gicumbi
13.0,Motorized Pump,Borehole/Tubewell,unknown,Gatsibo,0,0.9826211056786678,98.3,-1.548,30.39,Rwanda,Gatsibo
8.0,unknown,Protected Well,unknown,Gicumbi,0,0.2297284038152635,23.0,-1.465746092,30.06048487,Rwanda,Gicumbi
14.0,unknown,Protected Spring,unknown,Gicumbi,0,1.0,100.0,-1.404389,30.056397,Rwanda,Gicumbi
5.0,unknown,Protected Well,unknown,Gicumbi,1,0.022444888892706905,2.2,-1.6006762000000119,30.159165400000006,Rwanda,Gicumbi
8.0,unknown,Protected Well,unknown,Gicumbi,1,0.2297284038152635,23.0,-1.590616228,30.01667615,Rwanda,Gicumbi
11.0,Hand Pump - Afridev,Borehole/Tubewell,unknown,Ruhango,1,0.2665785707185879,26.7,-2.1420333,29.88295,Rwanda,Ruhango
12.0,Hand Pump - Afridev,Borehole/Tubewell,unknown,Karongi,1,0.0,0.0,-2.054533333,29.41758333,Rwanda,Karongi
14.0,Motorized Pump,Borehole/Tubewell,unknown,Bugesera,1,0.007992202643976598,0.8,-2.33544,30.056553,Rwanda,Bugesera
13.0,Hand Pump - India Mark,Borehole/Tubewell,unknown,Kirehe,1,0.0003591531394124825,0.0,-2.293916667,30.7446,Rwanda,Kirehe
8.0,unknown,Protected Well,unknown,Gicumbi,1,0.2297284038152635,23.0,-1.565072753,30.10525173,Rwanda,Gicumbi
8.0,unknown,Protected Well,unknown,Rulindo,1,0.3717300062976705,37.2,-1.82810544,30.03824213,Rwanda,Rulindo
8.0,unknown,Protected Well,unknown,Rulindo,1,0.3717300062976705,37.2,-1.82214549,30.03382026,Rwanda,Rulindo
13.0,Hand Pump - Afridev,Borehole/Tubewell,unknown,Nyarugenge,1,0.0003591531394124825,0.0,-2.063216667,30.02383333,Rwanda,Nyarugenge
8.0,unknown,Protected Well,unknown,Rulindo,1,0.3717300062976705,37.2,-1.816938165,30.00318181,Rwanda,Rulindo
5.0,unknown,Protected Well,unknown,Gicumbi,1,0.022444888892706905,2.2,-1.5100200000000106,30.002945699999987,Rwanda,Gicumbi
8.0,unknown,Protected Well,unknown,Gicumbi,1,0.2297284038152635,23.0,-1.824710258,30.23055816,Rwanda,Gicumbi
8.0,unknown,Protected Well,unknown,Rulindo,1,0.3717300062976705,37.2,-1.841740491,29.99029305,Rwanda,Rulindo
8.0,unknown,Protected Well,unknown,Gicumbi,1,0.2297284038152635,23.0,-1.506738595,30.11335395,Rwanda,Gicumbi
8.0,unknown,Protected Well,unknown,Rulindo,1,0.3717300062976705,37.2,-1.764730015,29.96021584,Rwanda,Rulindo
8.0,unknown,Protected Well,unknown,Gicumbi,1,0.2297284038152635,23.0,-1.455075866,30.01645217,Rwanda,Gicumbi
5.0,unknown,Protected Well,unknown,Rulindo,1,0.008564511579654988,0.9,-1.72143370000001,30.0391611,Rwanda,Rulindo
8.0,unknown,Protected Well,unknown,Rulindo,1,0.3717300062976705,37.2,-1.751875631,29.96061725,Rwanda,Rulindo
8.0,unknown,Protected Well,unknown,Gicumbi,1,0.2297284038152635,23.0,-1.439541671,30.09602153,Rwanda,Gicumbi
8.0,unknown,Protected Well,unknown,Rulindo,1,0.3717300062976705,37.2,-1.70969377,30.05183209,Rwanda,Rulindo
5.0,unknown,Protected Well,unknown,Rulindo,1,0.008564511579654988,0.9,-1.7296199700000088,29.91680543000001,Rwanda,Rulindo
8.0,unknown,Protected Well,unknown,Gicumbi,1,0.2297284038152635,23.0,-1.399682654,30.06906992,Rwanda,Gicumbi
8.0,Hand Pump,Sand or Sub-surface Dam,Private Operator/Delegated Management,Gicumbi,1,0.008014484946845868,0.8,-1.72119975,30.189256,Rwanda,Gicumbi
8.0,unknown,Protected Well,unknown,Rulindo,1,0.3717300062976705,37.2,-1.701952391,29.99945587,Rwanda,Rulindo
5.0,unknown,Protected Well,unknown,Rulindo,1,0.008564511579654988,0.9,-1.7038334000000164,29.909212200000006,Rwanda,Rulindo
5.0,unknown,Protected Well,unknown,Rulindo,1,0.008564511579654988,0.9,-1.7383096000000118,29.9675478,Rwanda,Rulindo
28.0,unknown,Protected Well,unknown,Rulindo,1,0.08387280796021801,8.4,-1.6698470423642304,29.888349001200122,Rwanda,Rulindo
8.0,unknown,Protected Well,unknown,Gicumbi,1,0.2297284038152635,23.0,-1.661473669,30.09832104,Rwanda,Gicumbi
11.0,unknown,Rainwater Harvesting,unknown,Rulindo,0,0.7647987571047897,76.5,-1.6622832904374125,29.957999416109853,Rwanda,Rulindo
8.0,unknown,Protected Well,unknown,Gicumbi,1,0.2297284038152635,23.0,-1.686067951,30.10480525,Rwanda,Gicumbi
11.0,unknown,Protected Well,unknown,Rulindo,0,0.5274148456124939,52.7,-1.6446316666666667,29.920448333333336,Rwanda,Rulindo
8.0,unknown,Protected Well,unknown,Rulindo,1,0.3717300062976705,37.2,-1.66549835,29.96487344,Rwanda,Rulindo
8.0,unknown,Protected Well,unknown,Gicumbi,1,0.2297284038152635,23.0,-1.661227713,30.20056088,Rwanda,Gicumbi
14.0,unknown,Protected Spring,unknown,Gicumbi,0,1.0,100.0,-1.6529,30.1089,Rwanda,Gicumbi
46.0,unknown,Protected Well,unknown,Gatsibo,1,0.00666666666666671,0.7,-1.666997230127265,30.28219350219593,Rwanda,Gatsibo
8.0,unknown,Protected Well,unknown,Rulindo,1,0.3717300062976705,37.2,-1.65822121,29.98574398,Rwanda,Rulindo
8.0,unknown,Protected Well,unknown,Gicumbi,0,0.2297284038152635,23.0,-1.439401519,30.09650512,Rwanda,Gicumbi
8.0,unknown,Protected Well,unknown,Gicumbi,1,0.2297284038152635,23.0,-1.588247358,29.95799336,Rwanda,Gicumbi
8.0,unknown,Protected Well,unknown,Gicumbi,1,0.2297284038152635,23.0,-1.630792138,30.06432632,Rwanda,Gicumbi
8.0,unknown,Protected Well,unknown,Gicumbi,1,0.2297284038152635,23.0,-1.646312606,30.11726181,Rwanda,Gicumbi
8.0,unknown,Protected Well,unknown,Gicumbi,1,0.2297284038152635,23.0,-1.614701667,29.96686167,Rwanda,Gicumbi
5.0,unknown,Protected Well,unknown,Gicumbi,1,0.022444888892706905,2.2,-1.6011539000000001,30.111514899999996,Rwanda,Gicumbi
8.0,unknown,Protected Well,unknown,Gicumbi,1,0.2297284038152635,23.0,-1.588451211,29.9900947,Rwanda,Gicumbi
8.0,unknown,Protected Well,unknown,Gicumbi,1,0.2297284038152635,23.0,-1.521558333,29.98028667,Rwanda,Gicumbi
8.0,unknown,Protected Well,unknown,Gicumbi,1,0.2297284038152635,23.0,-1.451875452,29.98913686,Rwanda,Gicumbi
8.0,Public Tapstand,Protected Well,unknown,Kicukiro,1,0.20274624488549065,20.3,-1.975495852,30.09516348,Rwanda,Kicukiro
8.0,unknown,Protected Well,unknown,Gicumbi,1,0.2297284038152635,23.0,-1.580256719,30.01273591,Rwanda,Gicumbi
5.0,unknown,Protected Well,unknown,Gicumbi,1,0.022444888892706905,2.2,-1.578924810000001,30.02560210999999,Rwanda,Gicumbi
8.0,unknown,Protected Well,unknown,Gicumbi,1,0.2297284038152635,23.0,-1.568639156,30.01844614,Rwanda,Gicumbi
8.0,unknown,Protected Well,unknown,Gicumbi,1,0.2297284038152635,23.0,-1.563506832,30.01281365,Rwanda,Gicumbi
5.0,Hand Pump - India Mark,Rainwater Harvesting,unknown,Rwamagana,1,0.07269986566995768,7.3,-1.8826360000000009,30.392876999999988,Rwanda,Rwamagana
48.0,unknown,Protected Well,unknown,Rulindo,1,0.012336329645811328,1.2,-1.8257875,30.00438972222222,Rwanda,Rulindo
8.0,unknown,Protected Well,unknown,Rulindo,1,0.3717300062976705,37.2,-1.77712902,30.01158448,Rwanda,Rulindo
8.0,unknown,Protected Well,unknown,Gicumbi,1,0.2297284038152635,23.0,-1.802457471,30.2191387,Rwanda,Gicumbi
8.0,unknown,Protected Well,unknown,Gicumbi,1,0.2297284038152635,23.0,-1.527952309,30.02118015,Rwanda,Gicumbi
5.0,unknown,Protected Well,unknown,Gicumbi,1,0.022444888892706905,2.2,-1.5079875100000093,30.090256359999994,Rwanda,Gicumbi
8.0,unknown,Protected Well,unknown,Gicumbi,1,0.2297284038152635,23.0,-1.76555557,30.12896475,Rwanda,Gicumbi
5.0,Public Tapstand,Protected Well,unknown,Gicumbi,1,0.07707408005917082,7.7,-1.7544320000000113,30.104589100000013,Rwanda,Gicumbi
8.0,unknown,Protected Well,unknown,Gicumbi,1,0.2297284038152635,23.0,-1.459648333,30.00585167,Rwanda,Gicumbi
46.0,unknown,Protected Well,unknown,Rulindo,1,0.012336329645811328,1.2,-1.744335,30.016168333333333,Rwanda,Rulindo
8.0,unknown,Protected Well,unknown,Gicumbi,1,0.2297284038152635,23.0,-1.466181232,30.07263255,Rwanda,Gicumbi
5.0,unknown,Protected Well,unknown,Gicumbi,1,0.022444888892706905,2.2,-1.7338635000000164,30.207442699999994,Rwanda,Gicumbi
8.0,unknown,Protected Well,unknown,Gicumbi,1,0.2297284038152635,23.0,-1.42280851,30.06925991,Rwanda,Gicumbi
8.0,unknown,Protected Well,unknown,Gicumbi,1,0.2297284038152635,23.0,-1.65471927,30.08264008,Rwanda,Gicumbi
5.0,Public Tapstand,Protected Well,unknown,Gicumbi,1,0.07707408005917082,7.7,-1.6574605000000078,30.122216899999994,Rwanda,Gicumbi
51.0,unknown,Protected Spring,Community Management,Rulindo,0,0.3531400104189474,35.3,-1.7304816666666667,29.954721666666668,Rwanda,Rulindo
8.0,unknown,Protected Well,unknown,Gicumbi,1,0.2297284038152635,23.0,-1.677603567,30.19377671,Rwanda,Gicumbi
5.0,Public Tapstand,Protected Well,unknown,Rulindo,0,0.4668699370214914,46.7,-1.6460608000000005,29.926943300000012,Rwanda,Rulindo
8.0,unknown,Protected Well,unknown,Gicumbi,0,0.2297284038152635,23.0,-1.613137195,29.97820084,Rwanda,Gicumbi
8.0,unknown,Protected Well,unknown,Gicumbi,1,0.2297284038152635,23.0,-1.623994342,30.00987375,Rwanda,Gicumbi
8.0,unknown,Protected Well,unknown,Gicumbi,1,0.2297284038152635,23.0,-1.619591879,30.01221942,Rwanda,Gicumbi
9.0,unknown,Protected Well,unknown,Rulindo,1,0.23667746560656744,23.7,-1.612740277777778,30.023033055555555,Rwanda,Rulindo
8.0,unknown,Protected Well,unknown,Gicumbi,1,0.2297284038152635,23.0,-1.608852875,30.06514075,Rwanda,Gicumbi
8.0,unknown,Protected Well,unknown,Gicumbi,1,0.2297284038152635,23.0,-1.642681853,30.12620238,Rwanda,Gicumbi
14.0,unknown,Protected Spring,unknown,Gicumbi,0,1.0,100.0,-1.483222,30.049889,Rwanda,Gicumbi
8.0,unknown,Protected Well,unknown,Gicumbi,1,0.2297284038152635,23.0,-1.588574206,30.03514084,Rwanda,Gicumbi
5.0,unknown,Protected Well,unknown,Gicumbi,1,0.022444888892706905,2.2,-1.5653969800000072,30.082159539999992,Rwanda,Gicumbi
8.0,unknown,Protected Well,unknown,Gicumbi,1,0.2297284038152635,23.0,-1.538761871,30.00139479,Rwanda,Gicumbi
8.0,unknown,Protected Well,unknown,Gicumbi,1,0.2297284038152635,23.0,-1.506791687,30.02318342,Rwanda,Gicumbi
5.0,Public Tapstand,Protected Well,unknown,Gicumbi,1,0.07707408005917082,7.7,-1.5004558500000083,30.040193880000004,Rwanda,Gicumbi
8.0,unknown,Protected Well,unknown,Gicumbi,1,0.2297284038152635,23.0,-1.530468333,30.09498167,Rwanda,Gicumbi
8.0,unknown,Protected Well,unknown,Gicumbi,1,0.2297284038152635,23.0,-1.547126971,30.13608773,Rwanda,Gicumbi
5.0,unknown,Protected Well,unknown,Gicumbi,1,0.022444888892706905,2.2,-1.4912916200000013,30.036022730000006,Rwanda,Gicumbi
5.0,unknown,Protected Well,unknown,Gicumbi,1,0.022444888892706905,2.2,-1.4799201100000168,30.020452029999998,Rwanda,Gicumbi
8.0,unknown,Protected Well,unknown,Gicumbi,1,0.2297284038152635,23.0,-1.466619133,30.05790571,Rwanda,Gicumbi
8.0,unknown,Protected Well,unknown,Gicumbi,1,0.2297284038152635,23.0,-1.481738921,30.12093878,Rwanda,Gicumbi
8.0,unknown,Protected Well,unknown,Gicumbi,1,0.2297284038152635,23.0,-1.430709598,30.00702765,Rwanda,Gicumbi
8.0,unknown,Borehole/Tubewell,unknown,Ruhango,0,0.5254922320723927,52.5,-2.194478,29.905211,Rwanda,Ruhango
5.0,unknown,Rainwater Harvesting,unknown,Kicukiro,0,0.41295597762197467,41.3,-2.0277687000000024,30.21929410000001,Rwanda,Kicukiro
8.0,Public Tapstand,Protected Well,unknown,Rulindo,0,0.3043943914691625,30.4,-1.81239399,29.96773994,Rwanda,Rulindo
8.0,unknown,Protected Well,unknown,Gicumbi,0,0.2297284038152635,23.0,-1.614094146,29.98097253,Rwanda,Gicumbi
9.0,Hand Pump,Sand or Sub-surface Dam,Private Operator/Delegated Management,Rulindo,0,0.6437685567939819,64.4,-1.8561919444444446,30.037130555555557,Rwanda,Rulindo
8.0,unknown,Protected Well,unknown,Gicumbi,0,0.2297284038152635,23.0,-1.714871975,30.19636443,Rwanda,Gicumbi
8.0,unknown,Rainwater Harvesting,unknown,Gicumbi,0,0.5756619212068234,57.6,-1.593645569,30.16365612,Rwanda,Gicumbi
8.0,unknown,Protected Well,unknown,Gicumbi,0,0.2297284038152635,23.0,-1.487338101,30.06920385,Rwanda,Gicumbi
8.0,Public Tapstand,unknown,unknown,Rulindo,1,0.6088340195620978,60.9,-1.842503026,29.93899733,Rwanda,Rulindo
8.0,Public Tapstand,unknown,unknown,Rulindo,1,0.6088340195620978,60.9,-1.765738502,29.93164145,Rwanda,Rulindo
8.0,Public Tapstand,unknown,unknown,Rulindo,1,0.6088340195620978,60.9,-1.66848158,29.89665973,Rwanda,Rulindo
5.0,Public Tapstand,unknown,unknown,Rulindo,1,0.42941536887925813,42.9,-1.6789283999999993,29.928015200000004,Rwanda,Rulindo
8.0,Public Tapstand,unknown,unknown,Rulindo,1,0.6088340195620978,60.9,-1.63919229,29.89135778,Rwanda,Rulindo
5.0,Public Tapstand,unknown,unknown,Rulindo,1,0.42941536887925813,42.9,-1.6326089000000008,29.887030899999992,Rwanda,Rulindo
5.0,Public Tapstand,unknown,unknown,Rulindo,1,0.42941536887925813,42.9,-1.6107228000000149,29.881348799999994,Rwanda,Rulindo
8.0,Public Tapstand,unknown,unknown,Rulindo,1,0.6088340195620978,60.9,-1.61150813,29.91293966,Rwanda,Rulindo
5.0,Public Tapstand,unknown,unknown,Gicumbi,1,0.5911085120721807,59.1,-1.5302229,29.967862500000003,Rwanda,Gicumbi
5.0,Public Tapstand,unknown,unknown,Kicukiro,1,0.4091365696229732,40.9,-1.9731252200000182,30.079603360000007,Rwanda,Kicukiro
5.0,Public Tapstand,unknown,unknown,Kicukiro,1,0.4091365696229732,40.9,-1.9897799999999988,30.14731309999999,Rwanda,Kicukiro
8.0,Public Tapstand,unknown,unknown,Kicukiro,1,0.7232419717831573,72.3,-1.99524678,30.19224915,Rwanda,Kicukiro
13.0,Public Tapstand,Piped Water,unknown,Kicukiro,1,0.8353606985038643,83.5,-1.9895883231854274,30.227030336623166,Rwanda,Kicukiro
8.0,Public Tapstand,unknown,unknown,Rulindo,1,0.6088340195620978,60.9,-1.81346555,30.01684336,Rwanda,Rulindo
8.0,Public Tapstand,unknown,unknown,Rulindo,1,0.6088340195620978,60.9,-1.70858733,29.97476679,Rwanda,Rulindo
8.0,Public Tapstand,unknown,unknown,Gicumbi,1,0.6553695175834133,65.5,-1.824873741,30.23090999,Rwanda,Gicumbi
5.0,Public Tapstand,unknown,unknown,Rulindo,1,0.42941536887925813,42.9,-1.7807722200000007,30.02755458000001,Rwanda,Rulindo
5.0,Public Tapstand,unknown,unknown,Rulindo,1,0.42941536887925813,42.9,-1.7773825499999962,30.047131479999994,Rwanda,Rulindo
8.0,Public Tapstand,unknown,unknown,Rulindo,1,0.6088340195620978,60.9,-1.75099447,30.04657104,Rwanda,Rulindo
8.0,Public Tapstand,unknown,unknown,Rulindo,1,0.6088340195620978,60.9,-1.791081301,30.09639329,Rwanda,Rulindo
8.0,Public Tapstand,unknown,unknown,Rulindo,1,0.6088340195620978,60.9,-1.763305829,30.05832316,Rwanda,Rulindo
8.0,Public Tapstand,unknown,unknown,Rulindo,1,0.6088340195620978,60.9,-1.726513694,29.93345984,Rwanda,Rulindo
8.0,Public Tapstand,unknown,unknown,Rulindo,1,0.6088340195620978,60.9,-1.73503494,30.00664027,Rwanda,Rulindo
8.0,Public Tapstand,unknown,unknown,Rulindo,1,0.6088340195620978,60.9,-1.71339345,29.97781447,Rwanda,Rulindo
5.0,Public Tapstand,unknown,unknown,Gicumbi,1,0.5911085120721807,59.1,-1.7373525800000043,30.178883210000006,Rwanda,Gicumbi
8.0,Public Tapstand,unknown,unknown,Rulindo,1,0.6088340195620978,60.9,-1.65445729,29.90496419,Rwanda,Rulindo
8.0,Public Tapstand,unknown,unknown,Gicumbi,1,0.6553695175834133,65.5,-1.664469991,30.15905842,Rwanda,Gicumbi
8.0,Public Tapstand,unknown,unknown,Gicumbi,1,0.6553695175834133,65.5,-1.631640853,30.15019549,Rwanda,Gicumbi
8.0,Public Tapstand,unknown,unknown,Rulindo,1,0.6088340195620978,60.9,-1.644744082,29.97315873,Rwanda,Rulindo
5.0,Public Tapstand,unknown,unknown,Gicumbi,1,0.5911085120721807,59.1,-1.57845412000001,30.152524809999992,Rwanda,Gicumbi
8.0,Public Tapstand,unknown,unknown,Kicukiro,1,0.7232419717831573,72.3,-1.974025305,30.09716963,Rwanda,Kicukiro
8.0,Public Tapstand,unknown,unknown,Gicumbi,1,0.6553695175834133,65.5,-1.436746301,30.01642784,Rwanda,Gicumbi
8.0,Public Tapstand,unknown,unknown,Kicukiro,0,0.7232419717831573,72.3,-2.02502891,30.22605607,Rwanda,Kicukiro
5.0,Public Tapstand,unknown,unknown,Kicukiro,1,0.4091365696229732,40.9,-2.006354149999997,30.12041577999999,Rwanda,Kicukiro
8.0,Public Tapstand,unknown,unknown,Kicukiro,1,0.7232419717831573,72.3,-2.02580251,30.21962051,Rwanda,Kicukiro
8.0,Public Tapstand,unknown,unknown,Rulindo,0,0.6088340195620978,60.9,-1.69287252,29.9048791,Rwanda,Rulindo
5.0,Public Tapstand,unknown,unknown,Rulindo,1,0.42941536887925813,42.9,-1.859960100000004,29.96586459999999,Rwanda,Rulindo
8.0,Public Tapstand,unknown,unknown,Rulindo,1,0.6088340195620978,60.9,-1.83889158,29.98584697,Rwanda,Rulindo
8.0,Public Tapstand,unknown,unknown,Rulindo,1,0.6088340195620978,60.9,-1.824959333,29.97912554,Rwanda,Rulindo
5.0,Public Tapstand,unknown,unknown,Kicukiro,1,0.4091365696229732,40.9,-2.007565900000011,30.106609699999996,Rwanda,Kicukiro
8.0,Public Tapstand,unknown,unknown,Rulindo,1,0.6088340195620978,60.9,-1.79592759,29.92926957,Rwanda,Rulindo
8.0,Public Tapstand,unknown,unknown,Rulindo,1,0.6088340195620978,60.9,-1.749718007,29.92741406,Rwanda,Rulindo
5.0,Public Tapstand,unknown,unknown,Rulindo,1,0.42941536887925813,42.9,-1.7064796600000103,29.92682960000001,Rwanda,Rulindo
5.0,Public Tapstand,unknown,unknown,Rulindo,1,0.42941536887925813,42.9,-1.8251374999999976,29.919069900000004,Rwanda,Rulindo
8.0,Public Tapstand,unknown,unknown,Rulindo,1,0.6088340195620978,60.9,-1.73223297,29.96068752,Rwanda,Rulindo
8.0,Public Tapstand,unknown,unknown,Rulindo,1,0.6088340195620978,60.9,-1.82273883,29.98957063,Rwanda,Rulindo
8.0,Public Tapstand,unknown,unknown,Rulindo,1,0.6088340195620978,60.9,-1.68699889,29.90626559,Rwanda,Rulindo
8.0,Public Tapstand,unknown,unknown,Rulindo,1,0.6088340195620978,60.9,-1.768195569,29.94105158,Rwanda,Rulindo
8.0,Public Tapstand,unknown,unknown,Rulindo,1,0.6088340195620978,60.9,-1.79787387,29.98620872,Rwanda,Rulindo
8.0,Public Tapstand,unknown,unknown,Rulindo,1,0.6088340195620978,60.9,-1.777530765,29.95148063,Rwanda,Rulindo
12.0,Public Tapstand,Piped Water,unknown,Kicukiro,0,0.8388714808996548,83.9,-1.9739430951353734,30.110319595905832,Rwanda,Kicukiro
8.0,Public Tapstand,unknown,unknown,Rulindo,1,0.6088340195620978,60.9,-1.6792228,29.92836381,Rwanda,Rulindo
5.0,Public Tapstand,unknown,unknown,Rulindo,1,0.42941536887925813,42.9,-1.6242482999999979,29.870055000000015,Rwanda,Rulindo
8.0,Public Tapstand,unknown,unknown,Rulindo,1,0.6088340195620978,60.9,-1.702466522,29.95752106,Rwanda,Rulindo
8.0,Public Tapstand,unknown,unknown,Rulindo,1,0.6088340195620978,60.9,-1.62143874,29.90948974,Rwanda,Rulindo
5.0,Public Tapstand,unknown,unknown,Kicukiro,0,0.4091365696229732,40.9,-1.9902044999999977,30.20074570000001,Rwanda,Kicukiro
8.0,Public Tapstand,unknown,unknown,Rulindo,1,0.6088340195620978,60.9,-1.685930535,29.92747456,Rwanda,Rulindo
5.0,Public Tapstand,unknown,unknown,Rulindo,1,0.42941536887925813,42.9,-1.684490700000001,29.9604848,Rwanda,Rulindo
8.0,Public Tapstand,unknown,unknown,Rulindo,0,0.6088340195620978,60.9,-1.75120816,30.04662201,Rwanda,Rulindo
20.0,Public Tapstand,Piped Water,unknown,Rulindo,1,0.18505786215706543,18.5,-1.6664466666666664,29.985575,Rwanda,Rulindo
8.0,Public Tapstand,unknown,unknown,Rulindo,1,0.6088340195620978,60.9,-1.659382293,29.93935251,Rwanda,Rulindo
8.0,Public Tapstand,unknown,unknown,Rulindo,1,0.6088340195620978,60.9,-1.6477279,29.88419638,Rwanda,Rulindo
8.0,Public Tapstand,unknown,unknown,Gicumbi,0,0.6553695175834133,65.5,-1.778489333,30.2078031,Rwanda,Gicumbi
8.0,Public Tapstand,unknown,unknown,Rulindo,1,0.6088340195620978,60.9,-1.62593879,29.92797374,Rwanda,Rulindo
5.0,Public Tapstand,unknown,unknown,Kicukiro,1,0.4091365696229732,40.9,-1.9801690299999948,30.06152083000001,Rwanda,Kicukiro
5.0,Public Tapstand,unknown,unknown,Gicumbi,0,0.5911085120721807,59.1,-1.6771462000000184,30.206417100000007,Rwanda,Gicumbi
5.0,Public Tapstand,unknown,unknown,Gicumbi,1,0.5911085120721807,59.1,-1.5912289700000184,29.99697847,Rwanda,Gicumbi
5.0,Public Tapstand,unknown,unknown,Kicukiro,1,0.4091365696229732,40.9,-1.9947787000000137,30.109212800000005,Rwanda,Kicukiro
5.0,Public Tapstand,unknown,unknown,Kicukiro,1,0.4091365696229732,40.9,-1.9912180999999955,30.1134893,Rwanda,Kicukiro
13.0,Public Tapstand,Piped Water,unknown,Kicukiro,1,0.8353606985038643,83.5,-1.9843766666666667,30.09698,Rwanda,Kicukiro
8.0,Public Tapstand,unknown,unknown,Kicukiro,1,0.7232419717831573,72.3,-1.976485181,30.08069082,Rwanda,Kicukiro
8.0,Public Tapstand,unknown,unknown,Kicukiro,1,0.7232419717831573,72.3,-1.973225075,30.07253547,Rwanda,Kicukiro
8.0,Public Tapstand,unknown,unknown,Gicumbi,0,0.6553695175834133,65.5,-1.454913111,30.08952169,Rwanda,Gicumbi
5.0,Public Tapstand,unknown,unknown,Gicumbi,1,0.5911085120721807,59.1,-1.4890883499999958,29.98337917,Rwanda,Gicumbi
5.0,Public Tapstand,unknown,unknown,Gicumbi,0,0.5911085120721807,59.1,-1.4318375000000139,30.00808078,Rwanda,Gicumbi
6.0,unknown,Rainwater Harvesting,unknown,Nyamagabe,1,0.0034436876647644388,0.3,-2.5040100000000134,29.434389000000003,Rwanda,Nyamagabe
5.0,Public Tapstand,unknown,unknown,Kicukiro,1,0.4091365696229732,40.9,-1.9626159600000144,30.07813941999999,Rwanda,Kicukiro
5.0,Public Tapstand,unknown,unknown,Kicukiro,1,0.4091365696229732,40.9,-1.9869296200000124,30.062741780000007,Rwanda,Kicukiro
25.0,Public Tapstand,Piped Water,unknown,Kicukiro,1,0.8409126771263664,84.1,-1.991948341021047,30.104404073622522,Rwanda,Kicukiro
5.0,Public Tapstand,unknown,unknown,Kicukiro,1,0.4091365696229732,40.9,-1.9816396700000098,30.113475040000015,Rwanda,Kicukiro
6.0,unknown,Borehole/Tubewell,unknown,Nyanza,1,0.28822925362211427,28.8,-2.26217,29.8189,Rwanda,Nyanza
5.0,Public Tapstand,unknown,unknown,Kicukiro,1,0.4091365696229732,40.9,-1.9978519000000101,30.2168377,Rwanda,Kicukiro
5.0,Public Tapstand,unknown,unknown,Kicukiro,1,0.4091365696229732,40.9,-1.9708172000000121,30.125840199999992,Rwanda,Kicukiro
5.0,Public Tapstand,unknown,unknown,Kicukiro,1,0.4091365696229732,40.9,-1.9693858600000176,30.10760587999999,Rwanda,Kicukiro
5.0,Public Tapstand,unknown,unknown,Gasabo,1,0.07397529308675099,7.4,-1.948150100000004,30.125904199999987,Rwanda,Gasabo
8.0,Public Tapstand,unknown,unknown,Rulindo,1,0.6088340195620978,60.9,-1.837601,30.00346741,Rwanda,Rulindo
8.0,Public Tapstand,unknown,unknown,Kicukiro,1,0.7232419717831573,72.3,-1.962721537,30.11251327,Rwanda,Kicukiro
8.0,Public Tapstand,unknown,unknown,Kicukiro,1,0.7232419717831573,72.3,-1.97615461,30.1353886,Rwanda,Kicukiro
8.0,Public Tapstand,unknown,unknown,Rulindo,1,0.6088340195620978,60.9,-1.80542094,30.0822155,Rwanda,Rulindo
5.0,Public Tapstand,unknown,unknown,Gicumbi,1,0.5911085120721807,59.1,-1.8127362000000018,30.245770700000005,Rwanda,Gicumbi
5.0,Public Tapstand,unknown,unknown,Rulindo,1,0.42941536887925813,42.9,-1.7904035100000157,30.04487827999999,Rwanda,Rulindo
5.0,Public Tapstand,unknown,unknown,Rulindo,1,0.42941536887925813,42.9,-1.8213297999999973,30.074292699999997,Rwanda,Rulindo
8.0,Public Tapstand,unknown,unknown,Rulindo,1,0.6088340195620978,60.9,-1.81173277,30.08187657,Rwanda,Rulindo
5.0,Public Tapstand,unknown,unknown,Rulindo,1,0.42941536887925813,42.9,-1.8051213000000035,30.12067109999998,Rwanda,Rulindo
8.0,Public Tapstand,unknown,unknown,Rulindo,1,0.6088340195620978,60.9,-1.762797411,30.05175406,Rwanda,Rulindo
12.0,Hand Pump - India Mark,Borehole/Tubewell,unknown,Ruhango,1,0.004445887436635654,0.4,-2.19955,29.90435,Rwanda,Ruhango
5.0,Public Tapstand,unknown,unknown,Rulindo,1,0.42941536887925813,42.9,-1.7576421000000046,30.061050500000007,Rwanda,Rulindo
8.0,Public Tapstand,unknown,unknown,Rulindo,1,0.6088340195620978,60.9,-1.79455904,30.01012983,Rwanda,Rulindo
8.0,Public Tapstand,unknown,unknown,Gicumbi,1,0.6553695175834133,65.5,-1.793089244,30.21317383,Rwanda,Gicumbi
7.0,unknown,Borehole/Tubewell,unknown,Ruhango,1,0.48717735444785215,48.7,-2.124426,29.833437,Rwanda,Ruhango
5.0,Public Tapstand,unknown,unknown,Gicumbi,1,0.5911085120721807,59.1,-1.7567328800000004,30.239056400000003,Rwanda,Gicumbi
8.0,Public Tapstand,unknown,unknown,Rulindo,1,0.6088340195620978,60.9,-1.774506928,30.09125139,Rwanda,Rulindo
13.0,Public Tapstand,Piped Water,unknown,Rulindo,1,0.1878255253021136,18.8,-1.7651899999999998,30.077728333333333,Rwanda,Rulindo
5.0,Public Tapstand,unknown,unknown,Rulindo,1,0.42941536887925813,42.9,-1.7649147000000058,30.064923899999993,Rwanda,Rulindo
5.0,Public Tapstand,unknown,unknown,Gicumbi,1,0.5911085120721807,59.1,-1.7894538999999965,30.223669100000006,Rwanda,Gicumbi
5.0,Public Tapstand,unknown,unknown,Gicumbi,1,0.5911085120721807,59.1,-1.7809763400000185,30.249608979999994,Rwanda,Gicumbi
5.0,Public Tapstand,unknown,unknown,Gicumbi,1,0.5911085120721807,59.1,-1.7585136800000114,30.227186479999997,Rwanda,Gicumbi
5.0,Public Tapstand,unknown,unknown,Gicumbi,1,0.5911085120721807,59.1,-1.656515499999999,30.001370400000006,Rwanda,Gicumbi
12.0,Hand Pump - India Mark,Borehole/Tubewell,unknown,Rutsiro,1,0.0030281615368471515,0.3,-1.898066667,29.2952,Rwanda,Rutsiro
8.0,Public Tapstand,unknown,unknown,Gicumbi,1,0.6553695175834133,65.5,-1.675127053,30.16369036,Rwanda,Gicumbi
5.0,Public Tapstand,Protected Well,unknown,Rulindo,1,0.4668699370214914,46.7,-1.862272200000009,29.922225999999995,Rwanda,Rulindo
5.0,Public Tapstand,unknown,unknown,Rulindo,1,0.42941536887925813,42.9,-1.6940156900000103,30.05532144,Rwanda,Rulindo
8.0,Public Tapstand,unknown,unknown,Gicumbi,1,0.6553695175834133,65.5,-1.601066342,30.11171511,Rwanda,Gicumbi
8.0,Public Tapstand,unknown,unknown,Gicumbi,1,0.6553695175834133,65.5,-1.680655535,30.19131238,Rwanda,Gicumbi
8.0,Public Tapstand,unknown,unknown,Gicumbi,1,0.6553695175834133,65.5,-1.744719043,30.11274259,Rwanda,Gicumbi
44.0,unknown,Protected Well,unknown,Rulindo,1,0.14916156994134644,14.9,-1.8043275,29.983231388888886,Rwanda,Rulindo
5.0,Public Tapstand,unknown,unknown,Rulindo,1,0.42941536887925813,42.9,-1.6307241700000121,30.033026830000015,Rwanda,Rulindo
8.0,unknown,Protected Well,unknown,Rulindo,1,0.3717300062976705,37.2,-1.788175826,29.93011047,Rwanda,Rulindo
8.0,Public Tapstand,unknown,unknown,Gicumbi,1,0.6553695175834133,65.5,-1.581942556,30.07302161,Rwanda,Gicumbi
8.0,Public Tapstand,unknown,unknown,Gicumbi,1,0.6553695175834133,65.5,-1.649858668,30.16859284,Rwanda,Gicumbi
8.0,unknown,Protected Well,unknown,Rulindo,1,0.3717300062976705,37.2,-1.78874475,29.9725381,Rwanda,Rulindo
5.0,Public Tapstand,unknown,unknown,Gicumbi,1,0.5911085120721807,59.1,-1.5644878900000103,30.122447290000014,Rwanda,Gicumbi
8.0,Public Tapstand,unknown,unknown,Gicumbi,1,0.6553695175834133,65.5,-1.593282295,30.1635787,Rwanda,Gicumbi
17.0,unknown,Protected Well,unknown,Rulindo,1,0.08064445061676606,8.1,-1.7360333333333333,29.920808333333337,Rwanda,Rulindo
8.0,Public Tapstand,unknown,unknown,Gicumbi,1,0.6553695175834133,65.5,-1.484059872,30.0279749,Rwanda,Gicumbi
8.0,Public Tapstand,unknown,unknown,Gicumbi,1,0.6553695175834133,65.5,-1.56517504,30.15440643,Rwanda,Gicumbi
8.0,Public Tapstand,unknown,unknown,Gicumbi,1,0.6553695175834133,65.5,-1.632143602,30.10920373,Rwanda,Gicumbi
8.0,Public Tapstand,unknown,unknown,Gicumbi,1,0.6553695175834133,65.5,-1.523601049,30.00981914,Rwanda,Gicumbi
8.0,Public Tapstand,unknown,unknown,Gicumbi,1,0.6553695175834133,65.5,-1.521711654,30.01422364,Rwanda,Gicumbi
8.0,Public Tapstand,unknown,unknown,Gicumbi,1,0.6553695175834133,65.5,-1.50626948,30.0231949,Rwanda,Gicumbi
5.0,Public Tapstand,unknown,unknown,Gicumbi,1,0.5911085120721807,59.1,-1.438665920000009,30.024189749999998,Rwanda,Gicumbi
8.0,Public Tapstand,unknown,unknown,Gicumbi,1,0.6553695175834133,65.5,-1.52024346,30.07627593,Rwanda,Gicumbi
8.0,Public Tapstand,unknown,unknown,Gicumbi,1,0.6553695175834133,65.5,-1.408552706,30.07596032,Rwanda,Gicumbi
5.0,Public Tapstand,unknown,unknown,Kicukiro,0,0.4091365696229732,40.9,-2.0299583300000035,30.100235750000007,Rwanda,Kicukiro
8.0,Public Tapstand,unknown,unknown,Gicumbi,1,0.6553695175834133,65.5,-1.579611118,30.07036904,Rwanda,Gicumbi
8.0,unknown,Protected Well,unknown,Rulindo,1,0.3717300062976705,37.2,-1.73208103,29.99498141,Rwanda,Rulindo
8.0,Public Tapstand,unknown,unknown,Gicumbi,1,0.6553695175834133,65.5,-1.44144571,30.00219912,Rwanda,Gicumbi
8.0,Public Tapstand,unknown,unknown,Kicukiro,0,0.7232419717831573,72.3,-2.02672733,30.20267021,Rwanda,Kicukiro
5.0,Public Tapstand,unknown,unknown,Gicumbi,1,0.5911085120721807,59.1,-1.399939030000012,30.063628080000015,Rwanda,Gicumbi
5.0,Public Tapstand,unknown,unknown,Kicukiro,0,0.4091365696229732,40.9,-2.006134400000012,30.085144800000005,Rwanda,Kicukiro
5.0,Public Tapstand,unknown,unknown,Kicukiro,0,0.4091365696229732,40.9,-2.018299500000008,30.124809600000003,Rwanda,Kicukiro
8.0,Public Tapstand,unknown,unknown,Rulindo,1,0.6088340195620978,60.9,-1.77160549,29.922546,Rwanda,Rulindo
11.0,Public Tapstand,Piped Water,unknown,Kicukiro,0,0.8242188865255408,82.4,-2.0032116666666666,30.12648,Rwanda,Kicukiro
8.0,Public Tapstand,unknown,unknown,Kicukiro,0,0.7232419717831573,72.3,-2.03041104,30.19367001,Rwanda,Kicukiro
8.0,Public Tapstand,unknown,unknown,Rulindo,1,0.6088340195620978,60.9,-1.74559081,29.91486591,Rwanda,Rulindo
8.0,Public Tapstand,unknown,unknown,Gicumbi,0,0.6553695175834133,65.5,-1.47181601,29.99450491,Rwanda,Gicumbi
8.0,Public Tapstand,unknown,unknown,Kicukiro,0,0.7232419717831573,72.3,-2.020501445,30.07501477,Rwanda,Kicukiro
8.0,Public Tapstand,unknown,unknown,Rulindo,0,0.6088340195620978,60.9,-1.629129044,29.96131971,Rwanda,Rulindo
37.0,unknown,Protected Well,unknown,Rulindo,1,0.047816261762991585,4.8,-1.6718100000000002,29.98032333333333,Rwanda,Rulindo
8.0,unknown,Protected Well,unknown,Rulindo,1,0.3717300062976705,37.2,-1.66285168,29.96595755,Rwanda,Rulindo
5.0,Public Tapstand,unknown,unknown,Rulindo,1,0.42941536887925813,42.9,-1.6503324000000184,29.901594799999998,Rwanda,Rulindo
16.0,Public Tapstand,Piped Water,unknown,Kicukiro,0,0.8690474860590316,86.9,-1.9746483333333336,30.072075,Rwanda,Kicukiro
8.0,unknown,Protected Well,unknown,Rulindo,1,0.3717300062976705,37.2,-1.63460631,29.94433108,Rwanda,Rulindo
8.0,Public Tapstand,unknown,unknown,Kicukiro,0,0.7232419717831573,72.3,-1.97693751,30.13765794,Rwanda,Kicukiro
8.0,Public Tapstand,unknown,unknown,Kicukiro,0,0.7232419717831573,72.3,-1.994737298,30.10910777,Rwanda,Kicukiro
8.0,unknown,Protected Well,unknown,Gicumbi,1,0.2297284038152635,23.0,-1.600881227,29.97418754,Rwanda,Gicumbi
15.0,Public Tapstand,Piped Water,unknown,Kicukiro,0,0.8515596146646788,85.2,-1.9819769202596373,30.118488530856318,Rwanda,Kicukiro
27.0,Public Tapstand,Piped Water,unknown,Kicukiro,0,0.8531452714349326,85.3,-1.9627283333333332,30.129473333333333,Rwanda,Kicukiro
19.0,Public Tapstand,Piped Water,unknown,Kicukiro,0,0.8404109684048311,84.0,-1.9991666666666665,30.222651666666668,Rwanda,Kicukiro
8.0,Public Tapstand,unknown,unknown,Rulindo,0,0.6088340195620978,60.9,-1.819899601,30.00504427,Rwanda,Rulindo
8.0,Public Tapstand,unknown,unknown,Kicukiro,1,0.7232419717831573,72.3,-1.995375923,30.05601481,Rwanda,Kicukiro
8.0,Public Tapstand,unknown,unknown,Rulindo,0,0.6088340195620978,60.9,-1.7994232,30.05240688,Rwanda,Rulindo
8.0,Public Tapstand,unknown,unknown,Rulindo,0,0.6088340195620978,60.9,-1.82404688,30.06374412,Rwanda,Rulindo
8.0,Public Tapstand,unknown,unknown,Rulindo,0,0.6088340195620978,60.9,-1.73505012,30.03020735,Rwanda,Rulindo
8.0,Public Tapstand,unknown,unknown,Gicumbi,0,0.6553695175834133,65.5,-1.80216138,30.25979255,Rwanda,Gicumbi
12.0,Public Tapstand,Piped Water,unknown,Rulindo,0,0.1447441826541046,14.5,-1.7907095302486336,30.044379013419086,Rwanda,Rulindo
5.0,Public Tapstand,unknown,unknown,Gicumbi,0,0.5911085120721807,59.1,-1.7218212000000026,30.2068362,Rwanda,Gicumbi
8.0,Public Tapstand,unknown,unknown,Rulindo,0,0.6088340195620978,60.9,-1.768924742,30.07328464,Rwanda,Rulindo
26.0,unknown,Protected Well,unknown,Rulindo,1,0.15391247184019097,15.4,-1.8082549999999997,30.010403333333336,Rwanda,Rulindo
8.0,Public Tapstand,unknown,unknown,Gicumbi,0,0.6553695175834133,65.5,-1.795272855,30.26267466,Rwanda,Gicumbi
5.0,Public Tapstand,unknown,unknown,Gicumbi,0,0.5911085120721807,59.1,-1.667132100000004,30.217923399999993,Rwanda,Gicumbi
8.0,Public Tapstand,unknown,unknown,Gicumbi,0,0.6553695175834133,65.5,-1.738028602,30.24132606,Rwanda,Gicumbi
8.0,Hand Pump,Sand or Sub-surface Dam,Private Operator/Delegated Management,Gicumbi,1,0.008014484946845868,0.8,-1.83720941,30.2317752,Rwanda,Gicumbi
5.0,Public Tapstand,unknown,unknown,Gicumbi,0,0.5911085120721807,59.1,-1.617277100000008,30.105516899999994,Rwanda,Gicumbi
8.0,Hand Pump,Sand or Sub-surface Dam,Private Operator/Delegated Management,Gicumbi,1,0.008014484946845868,0.8,-1.81003378,30.20181239,Rwanda,Gicumbi
5.0,Public Tapstand,unknown,unknown,Gicumbi,0,0.5911085120721807,59.1,-1.6772854000000166,30.201972100000013,Rwanda,Gicumbi
8.0,Public Tapstand,unknown,unknown,Rulindo,1,0.6088340195620978,60.9,-1.83066379,29.98655353,Rwanda,Rulindo
8.0,Public Tapstand,unknown,unknown,Gicumbi,0,0.6553695175834133,65.5,-1.431664308,30.00804376,Rwanda,Gicumbi
6.0,Hand Pump - Nira,Rainwater Harvesting,unknown,Nyamagabe,1,0.0020688212530068917,0.2,-2.522253,29.472864,Rwanda,Nyamagabe
6.0,unknown,Rainwater Harvesting,unknown,Nyamagabe,1,0.0034436876647644388,0.3,-2.4263420000000155,29.564652999999996,Rwanda,Nyamagabe
8.0,Public Tapstand,unknown,unknown,Gicumbi,0,0.6553695175834133,65.5,-1.528658157,30.07932923,Rwanda,Gicumbi
8.0,Public Tapstand,unknown,unknown,Gicumbi,0,0.6553695175834133,65.5,-1.717885646,30.16680784,Rwanda,Gicumbi
8.0,Public Tapstand,unknown,unknown,Gicumbi,0,0.6553695175834133,65.5,-1.715534467,30.21430974,Rwanda,Gicumbi
8.0,unknown,Protected Well,unknown,Gicumbi,1,0.2297284038152635,23.0,-1.784373928,30.19648696,Rwanda,Gicumbi
5.0,unknown,Protected Well,unknown,Gicumbi,1,0.022444888892706905,2.2,-1.7552413299999945,30.15754724999999,Rwanda,Gicumbi
8.0,unknown,Protected Well,unknown,Gicumbi,1,0.2297284038152635,23.0,-1.774901839,30.22736225,Rwanda,Gicumbi
28.0,unknown,Protected Well,unknown,Rulindo,1,0.08387280796021801,8.4,-1.7497419444444444,30.032505277777776,Rwanda,Rulindo
8.0,Public Tapstand,unknown,unknown,Rulindo,1,0.6088340195620978,60.9,-1.80771281,30.0668596,Rwanda,Rulindo
10.0,unknown,Protected Well,unknown,Ruhango,1,0.11999911631718718,12.0,-2.21615,29.751617,Rwanda,Ruhango
8.0,unknown,Borehole/Tubewell,unknown,Ruhango,1,0.5254922320723927,52.5,-2.229101,29.783678,Rwanda,Ruhango
12.0,Hand Pump - India Mark,Borehole/Tubewell,unknown,Ruhango,1,0.004445887436635654,0.4,-2.21045,29.78586667,Rwanda,Ruhango
8.0,unknown,Protected Well,unknown,Gicumbi,1,0.2297284038152635,23.0,-1.742167101,30.13164448,Rwanda,Gicumbi
8.0,unknown,Protected Well,unknown,Gicumbi,1,0.2297284038152635,23.0,-1.709216084,30.12595177,Rwanda,Gicumbi
8.0,Public Tapstand,unknown,unknown,Rulindo,1,0.6088340195620978,60.9,-1.652025554,29.91396468,Rwanda,Rulindo
8.0,Public Tapstand,unknown,unknown,Rulindo,1,0.6088340195620978,60.9,-1.653098407,29.95502863,Rwanda,Rulindo
8.0,unknown,Borehole/Tubewell,unknown,Ruhango,1,0.5254922320723927,52.5,-2.148856,29.750014,Rwanda,Ruhango
8.0,unknown,Protected Well,unknown,Rulindo,1,0.3717300062976705,37.2,-1.677934046,30.05460549,Rwanda,Rulindo
8.0,Public Tapstand,unknown,unknown,Rulindo,1,0.6088340195620978,60.9,-1.639460137,29.97296986,Rwanda,Rulindo
12.0,Hand Pump - Afridev,Borehole/Tubewell,unknown,Karongi,1,0.0,0.0,-2.0907,29.3348,Rwanda,Karongi
15.0,unknown,Rainwater Harvesting,unknown,Kicukiro,1,0.3746627324103994,37.5,-2.036723873768131,30.111842857860072,Rwanda,Kicukiro
8.0,unknown,Protected Well,unknown,Gicumbi,1,0.2297284038152635,23.0,-1.63249,30.01013667,Rwanda,Gicumbi
8.0,Public Tapstand,unknown,unknown,Gicumbi,1,0.6553695175834133,65.5,-1.680909244,30.16336494,Rwanda,Gicumbi
8.0,unknown,Protected Well,unknown,Kicukiro,1,0.4930239632249813,49.3,-2.042100484,30.08702102,Rwanda,Kicukiro
8.0,unknown,Protected Well,unknown,Gicumbi,1,0.2297284038152635,23.0,-1.619523297,30.011891,Rwanda,Gicumbi
9.0,unknown,Borehole/Tubewell,unknown,Kamonyi,1,0.008222835945941087,0.8,-1.958683,29.95995,Rwanda,Kamonyi
8.0,unknown,Protected Well,unknown,Gicumbi,1,0.2297284038152635,23.0,-1.622657441,30.06738815,Rwanda,Gicumbi
8.0,unknown,Protected Well,unknown,Kicukiro,1,0.4930239632249813,49.3,-1.96251,30.078335,Rwanda,Kicukiro
8.0,unknown,Protected Well,unknown,Rulindo,1,0.3717300062976705,37.2,-1.840570195,29.93618628,Rwanda,Rulindo
8.0,unknown,Protected Well,unknown,Gicumbi,1,0.2297284038152635,23.0,-1.637480787,30.11507092,Rwanda,Gicumbi
8.0,unknown,Protected Well,unknown,Rulindo,1,0.3717300062976705,37.2,-1.822484788,29.92631469,Rwanda,Rulindo
36.0,unknown,Protected Well,unknown,Rulindo,1,0.047816261762991585,4.8,-1.8204016666666667,29.927885,Rwanda,Rulindo
8.0,unknown,Protected Well,unknown,Rulindo,1,0.3717300062976705,37.2,-1.844176581,29.97721929,Rwanda,Rulindo
8.0,unknown,Protected Well,unknown,Rulindo,1,0.3717300062976705,37.2,-1.83292249,29.99488865,Rwanda,Rulindo
8.0,Public Tapstand,unknown,unknown,Nyarugenge,1,0.2475188274416562,24.8,-1.914650498,29.98625907,Rwanda,Nyarugenge
8.0,unknown,Protected Well,unknown,Gicumbi,1,0.2297284038152635,23.0,-1.629842878,30.17370792,Rwanda,Gicumbi
28.0,unknown,Protected Well,unknown,Rulindo,1,0.08387280796021801,8.4,-1.7737166666666666,29.940664722222223,Rwanda,Rulindo
8.0,unknown,Protected Well,unknown,Rulindo,1,0.3717300062976705,37.2,-1.768544824,29.92946215,Rwanda,Rulindo
5.0,unknown,Protected Well,unknown,Rulindo,1,0.008564511579654988,0.9,-1.7753253000000104,29.9987196,Rwanda,Rulindo
9.0,Hand Pump,Sand or Sub-surface Dam,Private Operator/Delegated Management,Rulindo,1,0.6437685567939819,64.4,-1.7668616666666666,29.997158333333335,Rwanda,Rulindo
8.0,unknown,Protected Well,unknown,Rulindo,1,0.3717300062976705,37.2,-1.786558969,29.97448819,Rwanda,Rulindo
8.0,unknown,Protected Well,unknown,Rulindo,1,0.3717300062976705,37.2,-1.76530404,29.96276111,Rwanda,Rulindo
8.0,Public Tapstand,unknown,unknown,Rulindo,1,0.6088340195620978,60.9,-1.81923127,29.97292353,Rwanda,Rulindo
8.0,unknown,Protected Well,unknown,Gicumbi,1,0.2297284038152635,23.0,-1.56836,30.06316167,Rwanda,Gicumbi
8.0,unknown,Protected Well,unknown,Gicumbi,1,0.2297284038152635,23.0,-1.558571474,30.07594401,Rwanda,Gicumbi
8.0,unknown,Protected Well,unknown,Rulindo,1,0.3717300062976705,37.2,-1.74491345,29.92540768,Rwanda,Rulindo
8.0,unknown,Protected Well,unknown,Gicumbi,1,0.2297284038152635,23.0,-1.556164053,30.09705515,Rwanda,Gicumbi
8.0,unknown,Protected Well,unknown,Gicumbi,1,0.2297284038152635,23.0,-1.59361721,30.14892539,Rwanda,Gicumbi
8.0,unknown,Protected Well,unknown,Rulindo,1,0.3717300062976705,37.2,-1.72081566,29.90350997,Rwanda,Rulindo
5.0,Public Tapstand,unknown,unknown,Rulindo,1,0.42941536887925813,42.9,-1.7456325099999952,29.91478448,Rwanda,Rulindo
8.0,unknown,Protected Well,unknown,Rulindo,1,0.3717300062976705,37.2,-1.716500226,29.94163212,Rwanda,Rulindo
46.0,unknown,Protected Well,unknown,Rulindo,1,0.012336329645811328,1.2,-1.7060411111111111,29.90568083333333,Rwanda,Rulindo
8.0,unknown,Protected Well,unknown,Gicumbi,1,0.2297284038152635,23.0,-1.548571564,30.01037396,Rwanda,Gicumbi
8.0,Public Tapstand,unknown,unknown,Rulindo,1,0.6088340195620978,60.9,-1.709703128,29.96884799,Rwanda,Rulindo
8.0,Public Tapstand,unknown,unknown,Rulindo,1,0.6088340195620978,60.9,-1.688787111,29.88793592,Rwanda,Rulindo
8.0,unknown,Protected Well,unknown,Gicumbi,1,0.2297284038152635,23.0,-1.529219683,30.04918789,Rwanda,Gicumbi
8.0,unknown,Protected Well,unknown,Rulindo,1,0.3717300062976705,37.2,-1.71950394,29.96559474,Rwanda,Rulindo
5.0,Public Tapstand,unknown,unknown,Rulindo,1,0.42941536887925813,42.9,-1.6504245999999962,29.882757399999996,Rwanda,Rulindo
5.0,Public Tapstand,unknown,unknown,Rulindo,1,0.42941536887925813,42.9,-1.6389523000000097,29.894101399999997,Rwanda,Rulindo
8.0,unknown,Protected Well,unknown,Rulindo,1,0.3717300062976705,37.2,-1.68200428,29.93624325,Rwanda,Rulindo
30.0,unknown,Protected Well,unknown,Rulindo,1,0.03848969929514989,3.8,-1.6759163888888888,29.925249722222222,Rwanda,Rulindo
5.0,Public Tapstand,unknown,unknown,Rulindo,1,0.42941536887925813,42.9,-1.638689999999998,29.942226099999992,Rwanda,Rulindo
8.0,unknown,Protected Well,unknown,Rulindo,1,0.3717300062976705,37.2,-1.677397894,29.91117016,Rwanda,Rulindo
8.0,Public Tapstand,unknown,unknown,Rulindo,1,0.6088340195620978,60.9,-1.61700152,29.92021284,Rwanda,Rulindo
8.0,Public Tapstand,unknown,unknown,Rulindo,1,0.6088340195620978,60.9,-1.64435164,29.96705345,Rwanda,Rulindo
5.0,Public Tapstand,unknown,unknown,Rulindo,1,0.42941536887925813,42.9,-1.6342647000000137,29.963937799999997,Rwanda,Rulindo
8.0,unknown,Protected Well,unknown,Rulindo,1,0.3717300062976705,37.2,-1.653052677,29.94281576,Rwanda,Rulindo
8.0,unknown,Protected Well,unknown,Rulindo,1,0.3717300062976705,37.2,-1.698599283,29.99949782,Rwanda,Rulindo
27.0,unknown,Protected Well,unknown,Rulindo,1,0.11226564839472719,11.2,-1.692430549980065,29.95159684994046,Rwanda,Rulindo
8.0,unknown,Protected Well,unknown,Gicumbi,1,0.2297284038152635,23.0,-1.465368881,30.07106475,Rwanda,Gicumbi
5.0,Public Tapstand,unknown,unknown,Kicukiro,1,0.4091365696229732,40.9,-2.000142299999998,30.1185346,Rwanda,Kicukiro
26.0,unknown,Protected Well,unknown,Rulindo,1,0.15391247184019097,15.4,-1.6938350086434649,29.984500364646495,Rwanda,Rulindo
5.0,unknown,Protected Well,unknown,Rulindo,1,0.008564511579654988,0.9,-1.6758844999999962,29.96685429999999,Rwanda,Rulindo
8.0,unknown,Protected Well,unknown,Rulindo,1,0.3717300062976705,37.2,-1.674806389,29.98696103,Rwanda,Rulindo
8.0,Public Tapstand,unknown,unknown,Kicukiro,1,0.7232419717831573,72.3,-1.98277655,30.08188998,Rwanda,Kicukiro
8.0,unknown,Protected Well,unknown,Rulindo,1,0.3717300062976705,37.2,-1.67290234,29.98895398,Rwanda,Rulindo
8.0,Public Tapstand,unknown,unknown,Kicukiro,1,0.7232419717831573,72.3,-1.977837613,30.07125057,Rwanda,Kicukiro
5.0,unknown,Protected Well,unknown,Rulindo,1,0.008564511579654988,0.9,-1.662743500000007,29.979721599999998,Rwanda,Rulindo
8.0,Public Tapstand,unknown,unknown,Kicukiro,1,0.7232419717831573,72.3,-1.972877581,30.09445156,Rwanda,Kicukiro
76.0,unknown,Protected Well,unknown,Rulindo,1,0.008937167408904712,0.9,-1.62223647,29.86903172,Rwanda,Rulindo
8.0,unknown,Protected Well,unknown,Gicumbi,1,0.2297284038152635,23.0,-1.44128073,30.07894157,Rwanda,Gicumbi
8.0,Public Tapstand,unknown,unknown,Kicukiro,1,0.7232419717831573,72.3,-2.059766731,30.21201622,Rwanda,Kicukiro
16.0,Public Tapstand,Piped Water,unknown,Kicukiro,1,0.8690474860590316,86.9,-2.0372616666666667,30.09078833333333,Rwanda,Kicukiro
11.0,Public Tapstand,Piped Water,unknown,Kicukiro,1,0.8242188865255408,82.4,-2.018395,30.08756,Rwanda,Kicukiro
8.0,Public Tapstand,unknown,unknown,Kicukiro,1,0.7232419717831573,72.3,-2.015927608,30.08021182,Rwanda,Kicukiro
8.0,Public Tapstand,unknown,unknown,Kicukiro,1,0.7232419717831573,72.3,-2.0003142,30.14505131,Rwanda,Kicukiro
14.0,unknown,Protected Spring,unknown,Nyamagabe,0,0.9987751274419076,99.9,-2.461722,29.620833,Rwanda,Nyamagabe
5.0,unknown,Protected Well,unknown,Rulindo,1,0.008564511579654988,0.9,-1.6435035000000109,29.973934099999994,Rwanda,Rulindo
6.0,unknown,Borehole/Tubewell,unknown,Ruhango,0,0.4164175432483329,41.6,-2.25234,29.75274,Rwanda,Ruhango
5.0,Public Tapstand,unknown,unknown,Kicukiro,1,0.4091365696229732,40.9,-2.0278160000000165,30.219340400000007,Rwanda,Kicukiro
15.0,Public Tapstand,unknown,unknown,Kicukiro,1,0.2629183027412939,26.3,-2.029817821034673,30.221405626044618,Rwanda,Kicukiro
5.0,Public Tapstand,unknown,unknown,Kicukiro,1,0.4091365696229732,40.9,-2.02648550000001,30.212695199999995,Rwanda,Kicukiro
5.0,Public Tapstand,unknown,unknown,Rulindo,1,0.42941536887925813,42.9,-1.9048097000000017,29.9778388,Rwanda,Rulindo
8.0,Public Tapstand,unknown,unknown,Rulindo,1,0.6088340195620978,60.9,-1.884361054,29.94931716,Rwanda,Rulindo
5.0,Public Tapstand,Protected Well,unknown,Gicumbi,1,0.07707408005917082,7.7,-1.5880585700000114,29.98886105000001,Rwanda,Gicumbi
5.0,Public Tapstand,unknown,unknown,Rulindo,1,0.42941536887925813,42.9,-1.8645862999999963,29.9230475,Rwanda,Rulindo
8.0,unknown,Protected Well,unknown,Gicumbi,1,0.2297284038152635,23.0,-1.4990553,29.99280364,Rwanda,Gicumbi
8.0,Public Tapstand,unknown,unknown,Rulindo,1,0.6088340195620978,60.9,-1.86737523,29.98161025,Rwanda,Rulindo
8.0,unknown,Protected Well,unknown,Gicumbi,1,0.2297284038152635,23.0,-1.467378802,29.98781594,Rwanda,Gicumbi
12.0,Hand Pump,Sand or Sub-surface Dam,Private Operator/Delegated Management,Rulindo,0,0.7183694442361668,71.8,-1.7511475,29.93527361111111,Rwanda,Rulindo
8.0,unknown,Protected Well,unknown,Kicukiro,1,0.4930239632249813,49.3,-1.985914139,30.08380406,Rwanda,Kicukiro
8.0,Public Tapstand,unknown,unknown,Rulindo,1,0.6088340195620978,60.9,-1.827988665,29.96258756,Rwanda,Rulindo
5.0,unknown,Protected Well,unknown,Kicukiro,1,0.006221467699414784,0.6,-1.988734510000007,30.11882704,Rwanda,Kicukiro
5.0,unknown,Protected Well,unknown,Kicukiro,1,0.006221467699414784,0.6,-1.9749906000000028,30.129707700000004,Rwanda,Kicukiro
8.0,unknown,Protected Well,unknown,Kicukiro,1,0.4930239632249813,49.3,-1.96486137,30.11193835,Rwanda,Kicukiro
5.0,Public Tapstand,unknown,unknown,Rulindo,1,0.42941536887925813,42.9,-1.7755366000000115,29.931995600000008,Rwanda,Rulindo
8.0,Public Tapstand,unknown,unknown,Rulindo,1,0.6088340195620978,60.9,-1.7752206,29.93182775,Rwanda,Rulindo
8.0,Public Tapstand,unknown,unknown,Rulindo,1,0.6088340195620978,60.9,-1.77517701,29.93191196,Rwanda,Rulindo
8.0,Public Tapstand,unknown,unknown,Rulindo,1,0.6088340195620978,60.9,-1.770982802,29.94183987,Rwanda,Rulindo
8.0,Public Tapstand,unknown,unknown,Rulindo,1,0.6088340195620978,60.9,-1.76888423,29.93831812,Rwanda,Rulindo
5.0,Public Tapstand,unknown,unknown,Rulindo,1,0.42941536887925813,42.9,-1.7671857000000162,29.926848099999997,Rwanda,Rulindo
7.0,unknown,Borehole/Tubewell,unknown,Kayonza,1,0.053501099371009664,5.4,-1.97811,30.65295,Rwanda,Kayonza
5.0,Public Tapstand,unknown,unknown,Rulindo,1,0.42941536887925813,42.9,-1.7591359000000133,29.950353600000003,Rwanda,Rulindo
8.0,Public Tapstand,unknown,unknown,Rulindo,1,0.6088340195620978,60.9,-1.75892777,29.98821602,Rwanda,Rulindo
5.0,Public Tapstand,unknown,unknown,Rulindo,1,0.42941536887925813,42.9,-1.7586723100000095,29.994935790000003,Rwanda,Rulindo
5.0,Public Tapstand,Protected Well,unknown,Rulindo,1,0.4668699370214914,46.7,-1.8275108500000095,30.012722319999998,Rwanda,Rulindo
8.0,Public Tapstand,unknown,unknown,Rulindo,1,0.6088340195620978,60.9,-1.743512623,29.94471286,Rwanda,Rulindo
5.0,Public Tapstand,unknown,unknown,Rulindo,1,0.42941536887925813,42.9,-1.7394919100000046,29.903891319999996,Rwanda,Rulindo
5.0,Public Tapstand,unknown,unknown,Rulindo,1,0.42941536887925813,42.9,-1.7395600000000095,29.9367686,Rwanda,Rulindo
8.0,Public Tapstand,unknown,unknown,Rulindo,1,0.6088340195620978,60.9,-1.819154153,30.00546612,Rwanda,Rulindo
8.0,unknown,Protected Well,unknown,Rulindo,1,0.3717300062976705,37.2,-1.82120107,30.01402626,Rwanda,Rulindo
14.0,unknown,Protected Spring,unknown,Gicumbi,0,1.0,100.0,-1.774675,30.137878,Rwanda,Gicumbi
8.0,unknown,Protected Well,unknown,Gicumbi,0,0.2297284038152635,23.0,-1.676601091,30.23565527,Rwanda,Gicumbi
8.0,unknown,Protected Well,unknown,Rulindo,1,0.3717300062976705,37.2,-1.80227062,30.07513372,Rwanda,Rulindo
5.0,Public Tapstand,unknown,unknown,Rulindo,1,0.42941536887925813,42.9,-1.6703499999999951,29.885997099999987,Rwanda,Rulindo
5.0,Public Tapstand,unknown,unknown,Rulindo,1,0.42941536887925813,42.9,-1.6515908000000095,29.88110019999999,Rwanda,Rulindo
5.0,Public Tapstand,unknown,unknown,Rulindo,1,0.42941536887925813,42.9,-1.699032210000001,29.919267180000006,Rwanda,Rulindo
8.0,Hand Pump,Sand or Sub-surface Dam,Private Operator/Delegated Management,Gicumbi,1,0.008014484946845868,0.8,-1.8293714444444444,30.224785277777777,Rwanda,Gicumbi
5.0,Public Tapstand,unknown,unknown,Rulindo,1,0.42941536887925813,42.9,-1.6940347000000167,29.941366500000015,Rwanda,Rulindo
5.0,Public Tapstand,unknown,unknown,Rulindo,1,0.42941536887925813,42.9,-1.7889624600000187,30.040577680000002,Rwanda,Rulindo
5.0,Public Tapstand,unknown,unknown,Rulindo,1,0.42941536887925813,42.9,-1.6896636299999965,29.91765841000001,Rwanda,Rulindo
8.0,unknown,Protected Well,unknown,Gicumbi,1,0.2297284038152635,23.0,-1.803778333,30.23095,Rwanda,Gicumbi
12.0,Hand Pump - India Mark,Borehole/Tubewell,unknown,Kayonza,1,0.003938411475170933,0.4,-1.840266667,30.668,Rwanda,Kayonza
8.0,unknown,Protected Well,unknown,Gicumbi,0,0.2297284038152635,23.0,-1.543375632,30.04367964,Rwanda,Gicumbi
5.0,Public Tapstand,unknown,unknown,Rulindo,1,0.42941536887925813,42.9,-1.6693198000000107,29.9394067,Rwanda,Rulindo
8.0,unknown,Protected Well,unknown,Gicumbi,0,0.2297284038152635,23.0,-1.464612593,30.06010151,Rwanda,Gicumbi
8.0,Public Tapstand,unknown,unknown,Rulindo,1,0.6088340195620978,60.9,-1.66418827,29.90424511,Rwanda,Rulindo
8.0,Public Tapstand,unknown,unknown,Rulindo,1,0.6088340195620978,60.9,-1.792299567,30.0750975,Rwanda,Rulindo
5.0,Public Tapstand,unknown,unknown,Rulindo,1,0.42941536887925813,42.9,-1.6524209000000067,29.901908100000007,Rwanda,Rulindo
44.0,unknown,Protected Well,unknown,Rulindo,1,0.14916156994134644,14.9,-1.7791533333333334,30.016903333333335,Rwanda,Rulindo
5.0,Public Tapstand,unknown,unknown,Rulindo,1,0.42941536887925813,42.9,-1.6915577699999942,29.976580449999997,Rwanda,Rulindo
14.0,Public Tapstand,Piped Water,unknown,Rulindo,1,0.5296649947765677,53.0,-1.6710549999999997,29.95010166666667,Rwanda,Rulindo
11.0,Public Tapstand,Piped Water,unknown,Rulindo,1,0.5688773220415491,56.9,-1.6718885053000865,29.981001119281355,Rwanda,Rulindo
8.0,unknown,Protected Well,unknown,Rulindo,1,0.3717300062976705,37.2,-1.76849649,30.00390583,Rwanda,Rulindo
5.0,Public Tapstand,unknown,unknown,Rulindo,1,0.42941536887925813,42.9,-1.6518282000000093,29.969805599999997,Rwanda,Rulindo
8.0,Public Tapstand,unknown,unknown,Rulindo,1,0.6088340195620978,60.9,-1.651731638,29.96986958,Rwanda,Rulindo
8.0,unknown,Protected Well,unknown,Rulindo,1,0.3717300062976705,37.2,-1.752118751,30.00404356,Rwanda,Rulindo
8.0,Public Tapstand,unknown,unknown,Gicumbi,1,0.6553695175834133,65.5,-1.785598032,30.19522345,Rwanda,Gicumbi
8.0,unknown,Protected Well,unknown,Rulindo,1,0.3717300062976705,37.2,-1.771054878,30.06699834,Rwanda,Rulindo
8.0,unknown,Protected Well,unknown,Rulindo,1,0.3717300062976705,37.2,-1.760947299,30.08740453,Rwanda,Rulindo
8.0,Public Tapstand,unknown,unknown,Rulindo,1,0.6088340195620978,60.9,-1.60521693,29.92997369,Rwanda,Rulindo
8.0,Public Tapstand,unknown,unknown,Gicumbi,1,0.6553695175834133,65.5,-1.785937408,30.20107803,Rwanda,Gicumbi
8.0,Public Tapstand,unknown,unknown,Kicukiro,1,0.7232419717831573,72.3,-2.018776985,30.10960504,Rwanda,Kicukiro
8.0,Public Tapstand,unknown,unknown,Gicumbi,1,0.6553695175834133,65.5,-1.604291545,29.96328815,Rwanda,Gicumbi
8.0,Public Tapstand,Protected Well,unknown,Gicumbi,1,0.3107803640747633,31.1,-1.754888381,30.12398275,Rwanda,Gicumbi
8.0,Public Tapstand,unknown,unknown,Gicumbi,1,0.6553695175834133,65.5,-1.543234193,29.98629709,Rwanda,Gicumbi
8.0,unknown,Protected Well,unknown,Gicumbi,1,0.2297284038152635,23.0,-1.786303914,30.20272375,Rwanda,Gicumbi
5.0,Public Tapstand,unknown,unknown,Gicumbi,1,0.5911085120721807,59.1,-1.4945075300000175,29.97868517999999,Rwanda,Gicumbi
8.0,Public Tapstand,unknown,unknown,Gicumbi,1,0.6553695175834133,65.5,-1.489309793,29.98296637,Rwanda,Gicumbi
5.0,Public Tapstand,unknown,unknown,Gicumbi,1,0.5911085120721807,59.1,-1.478861049999996,29.984967540000007,Rwanda,Gicumbi
5.0,Public Tapstand,unknown,unknown,Gicumbi,1,0.5911085120721807,59.1,-1.7133494000000105,30.083533100000004,Rwanda,Gicumbi
8.0,Public Tapstand,unknown,unknown,Gicumbi,1,0.6553695175834133,65.5,-1.463223211,29.99791835,Rwanda,Gicumbi
8.0,Public Tapstand,unknown,unknown,Gicumbi,1,0.6553695175834133,65.5,-1.730275682,30.14860253,Rwanda,Gicumbi
8.0,Public Tapstand,unknown,unknown,Kicukiro,1,0.7232419717831573,72.3,-1.983088412,30.07809466,Rwanda,Kicukiro
8.0,Public Tapstand,unknown,unknown,Kicukiro,1,0.7232419717831573,72.3,-1.981778675,30.06004768,Rwanda,Kicukiro
8.0,unknown,Protected Well,unknown,Rulindo,1,0.3717300062976705,37.2,-1.70102478,30.02849453,Rwanda,Rulindo
43.0,Public Tapstand,Piped Water,unknown,Kicukiro,1,0.776369888020883,77.6,-1.975815,30.082094999999995,Rwanda,Kicukiro
19.0,Public Tapstand,Piped Water,unknown,Kicukiro,1,0.8404109684048311,84.0,-1.973065,30.098255,Rwanda,Kicukiro
21.0,Public Tapstand,Piped Water,unknown,Gasabo,1,0.460781406615539,46.1,-1.9602616666666668,30.08161,Rwanda,Gasabo
8.0,Public Tapstand,unknown,unknown,Rulindo,1,0.6088340195620978,60.9,-1.75262846,29.93208722,Rwanda,Rulindo
5.0,Public Tapstand,unknown,unknown,Kicukiro,1,0.4091365696229732,40.9,-1.992032200000006,30.10199270000001,Rwanda,Kicukiro
26.0,Public Tapstand,Piped Water,unknown,Kicukiro,1,0.8466432596655176,84.7,-1.9880566666666666,30.11555333333333,Rwanda,Kicukiro
5.0,unknown,Protected Well,unknown,Gicumbi,1,0.022444888892706905,2.2,-1.714020250000008,30.15544272,Rwanda,Gicumbi
8.0,Public Tapstand,unknown,unknown,Rulindo,1,0.6088340195620978,60.9,-1.63071355,30.03435775,Rwanda,Rulindo
8.0,unknown,Protected Well,unknown,Gicumbi,1,0.2297284038152635,23.0,-1.716503475,30.24397294,Rwanda,Gicumbi
8.0,unknown,Protected Well,unknown,Gicumbi,1,0.2297284038152635,23.0,-1.709854414,30.21484371,Rwanda,Gicumbi
8.0,Public Tapstand,unknown,unknown,Gicumbi,1,0.6553695175834133,65.5,-1.610200664,30.11969199,Rwanda,Gicumbi
46.0,unknown,Protected Well,unknown,Rulindo,1,0.012336329645811328,1.2,-1.6917266666666668,30.03857833333333,Rwanda,Rulindo
8.0,unknown,Protected Well,unknown,Rulindo,1,0.3717300062976705,37.2,-1.667509961,30.04251932,Rwanda,Rulindo
8.0,Public Tapstand,unknown,unknown,Rulindo,1,0.6088340195620978,60.9,-1.74585446,29.96620144,Rwanda,Rulindo
18.0,Public Tapstand,Piped Water,unknown,Kicukiro,1,0.7970108663271563,79.7,-1.9653900437532617,30.106594597154764,Rwanda,Kicukiro
15.0,Public Tapstand,Piped Water,unknown,Kicukiro,1,0.8515596146646788,85.2,-1.9644121037754991,30.10708629238237,Rwanda,Kicukiro
5.0,Public Tapstand,unknown,unknown,Kicukiro,1,0.4091365696229732,40.9,-1.9613241999999946,30.131731599999995,Rwanda,Kicukiro
5.0,unknown,Protected Well,unknown,Gicumbi,1,0.022444888892706905,2.2,-1.6840472000000157,30.063506300000004,Rwanda,Gicumbi
21.0,unknown,Protected Well,unknown,Rulindo,1,0.10226495418795256,10.2,-1.6712330856497836,30.055808444063798,Rwanda,Rulindo
8.0,Public Tapstand,unknown,unknown,Kicukiro,1,0.7232419717831573,72.3,-1.99512479,30.19204407,Rwanda,Kicukiro
8.0,Public Tapstand,unknown,unknown,Gicumbi,1,0.6553695175834133,65.5,-1.576134804,30.06707857,Rwanda,Gicumbi
5.0,unknown,Protected Well,unknown,Gicumbi,1,0.022444888892706905,2.2,-1.6636337999999955,30.080108000000006,Rwanda,Gicumbi
8.0,unknown,Protected Well,unknown,Rulindo,1,0.3717300062976705,37.2,-1.655077828,30.06398432,Rwanda,Rulindo
8.0,Public Tapstand,unknown,unknown,Kicukiro,1,0.7232419717831573,72.3,-1.970121668,30.15800639,Rwanda,Kicukiro
12.0,Public Tapstand,Piped Water,unknown,Kicukiro,1,0.8388714808996548,83.9,-1.9675166666666666,30.155430000000003,Rwanda,Kicukiro
8.0,Public Tapstand,unknown,unknown,Rulindo,1,0.6088340195620978,60.9,-1.68120903,29.94781708,Rwanda,Rulindo
5.0,Public Tapstand,unknown,unknown,Kicukiro,1,0.4091365696229732,40.9,-1.9938292999999974,30.21731869999999,Rwanda,Kicukiro
8.0,unknown,Protected Well,unknown,Gicumbi,1,0.2297284038152635,23.0,-1.67888469,30.14102352,Rwanda,Gicumbi
8.0,unknown,Protected Well,unknown,Gicumbi,1,0.2297284038152635,23.0,-1.664071327,30.12691188,Rwanda,Gicumbi
8.0,unknown,Protected Well,unknown,Gicumbi,1,0.2297284038152635,23.0,-1.661939177,30.11955113,Rwanda,Gicumbi
8.0,Public Tapstand,unknown,unknown,Rulindo,1,0.6088340195620978,60.9,-1.84109348,30.02826103,Rwanda,Rulindo
8.0,Public Tapstand,unknown,unknown,Rulindo,1,0.6088340195620978,60.9,-1.83635879,30.03574433,Rwanda,Rulindo
8.0,Public Tapstand,unknown,unknown,Rulindo,1,0.6088340195620978,60.9,-1.669442469,29.95970323,Rwanda,Rulindo
8.0,Public Tapstand,unknown,unknown,Rulindo,1,0.6088340195620978,60.9,-1.81291807,30.00059647,Rwanda,Rulindo
5.0,Public Tapstand,unknown,unknown,Rulindo,1,0.42941536887925813,42.9,-1.8134359000000027,30.047746100000005,Rwanda,Rulindo
8.0,unknown,Protected Well,unknown,Gicumbi,1,0.2297284038152635,23.0,-1.685242031,30.19194858,Rwanda,Gicumbi
8.0,Public Tapstand,unknown,unknown,Rulindo,1,0.6088340195620978,60.9,-1.813828661,30.09616538,Rwanda,Rulindo
8.0,Public Tapstand,unknown,unknown,Rulindo,1,0.6088340195620978,60.9,-1.81120028,30.06035653,Rwanda,Rulindo
5.0,Public Tapstand,unknown,unknown,Rulindo,1,0.42941536887925813,42.9,-1.8066328000000005,30.1237644,Rwanda,Rulindo
8.0,Public Tapstand,unknown,unknown,Gicumbi,1,0.6553695175834133,65.5,-1.483982968,30.00785952,Rwanda,Gicumbi
8.0,Public Tapstand,unknown,unknown,Rulindo,1,0.6088340195620978,60.9,-1.62522234,29.92755546,Rwanda,Rulindo
5.0,unknown,Protected Well,unknown,Gicumbi,1,0.022444888892706905,2.2,-1.642239599999998,30.010825800000003,Rwanda,Gicumbi
5.0,Public Tapstand,unknown,unknown,Gicumbi,1,0.5911085120721807,59.1,-1.8095632800000083,30.269016910000005,Rwanda,Gicumbi
5.0,Public Tapstand,unknown,unknown,Rulindo,1,0.42941536887925813,42.9,-1.796195590000013,30.01493597,Rwanda,Rulindo
8.0,Public Tapstand,unknown,unknown,Gicumbi,1,0.6553695175834133,65.5,-1.428109477,30.03697162,Rwanda,Gicumbi
8.0,unknown,Protected Well,unknown,Rulindo,1,0.3717300062976705,37.2,-1.622234072,30.01498395,Rwanda,Rulindo
54.0,unknown,Protected Well,unknown,Rulindo,1,0.012336329645811328,1.2,-1.6124949999999998,30.03913,Rwanda,Rulindo
8.0,Public Tapstand,unknown,unknown,Kicukiro,0,0.7232419717831573,72.3,-2.040042814,30.09868326,Rwanda,Kicukiro
8.0,unknown,Protected Well,unknown,Gicumbi,1,0.2297284038152635,23.0,-1.607585285,30.027297,Rwanda,Gicumbi
5.0,Public Tapstand,Protected Well,unknown,Gicumbi,1,0.07707408005917082,7.7,-1.6289122300000165,30.069596790000006,Rwanda,Gicumbi
8.0,unknown,Protected Well,unknown,Gicumbi,1,0.2297284038152635,23.0,-1.624185336,30.08102867,Rwanda,Gicumbi
8.0,unknown,Protected Well,unknown,Gicumbi,1,0.2297284038152635,23.0,-1.60340948,30.09406733,Rwanda,Gicumbi
8.0,Public Tapstand,unknown,unknown,Kicukiro,0,0.7232419717831573,72.3,-2.00531338,30.1513813,Rwanda,Kicukiro
8.0,Public Tapstand,unknown,unknown,Gicumbi,1,0.6553695175834133,65.5,-1.792214579,30.16917296,Rwanda,Gicumbi
8.0,Public Tapstand,unknown,unknown,Kicukiro,0,0.7232419717831573,72.3,-2.01837757,30.20958844,Rwanda,Kicukiro
5.0,Public Tapstand,unknown,unknown,Gicumbi,1,0.5911085120721807,59.1,-1.775848620000013,30.152799949999984,Rwanda,Gicumbi
5.0,Public Tapstand,unknown,unknown,Gicumbi,1,0.5911085120721807,59.1,-1.7708150000000082,30.176836999999985,Rwanda,Gicumbi
5.0,Public Tapstand,unknown,unknown,Gicumbi,1,0.5911085120721807,59.1,-1.761421699999998,30.192156599999993,Rwanda,Gicumbi
8.0,unknown,Protected Well,unknown,Gicumbi,1,0.2297284038152635,23.0,-1.606370545,30.13058581,Rwanda,Gicumbi
8.0,Public Tapstand,unknown,unknown,Rulindo,1,0.6088340195620978,60.9,-1.686959021,30.03142822,Rwanda,Rulindo
5.0,Public Tapstand,unknown,unknown,Gicumbi,1,0.5911085120721807,59.1,-1.7839038000000125,30.218252599999992,Rwanda,Gicumbi
5.0,Public Tapstand,unknown,unknown,Gicumbi,1,0.5911085120721807,59.1,-1.780060699999997,30.215078300000002,Rwanda,Gicumbi
8.0,unknown,Protected Well,unknown,Gicumbi,1,0.2297284038152635,23.0,-1.642066667,30.16831667,Rwanda,Gicumbi
5.0,Public Tapstand,unknown,unknown,Gicumbi,1,0.5911085120721807,59.1,-1.7780942000000075,30.241861889999992,Rwanda,Gicumbi
8.0,Public Tapstand,unknown,unknown,Kicukiro,1,0.7232419717831573,72.3,-1.979034997,30.09308288,Rwanda,Kicukiro
5.0,Public Tapstand,unknown,unknown,Gicumbi,1,0.5911085120721807,59.1,-1.7537961200000156,30.245511780000005,Rwanda,Gicumbi
8.0,Public Tapstand,unknown,unknown,Rulindo,0,0.6088340195620978,60.9,-1.741518902,29.94233292,Rwanda,Rulindo
5.0,Public Tapstand,unknown,unknown,Rulindo,1,0.42941536887925813,42.9,-1.736707200000009,30.03360890000001,Rwanda,Rulindo
8.0,unknown,Protected Well,unknown,Gicumbi,1,0.2297284038152635,23.0,-1.620148947,30.16084757,Rwanda,Gicumbi
5.0,Public Tapstand,unknown,unknown,Rulindo,1,0.42941536887925813,42.9,-1.7145549000000189,30.040430699999995,Rwanda,Rulindo
8.0,Public Tapstand,unknown,unknown,Rulindo,1,0.6088340195620978,60.9,-1.708144435,30.01635062,Rwanda,Rulindo
5.0,Public Tapstand,unknown,unknown,Rulindo,1,0.42941536887925813,42.9,-1.7047425899999984,30.01834407999999,Rwanda,Rulindo
5.0,Public Tapstand,unknown,unknown,Rulindo,1,0.42941536887925813,42.9,-1.7038845700000134,30.02636921,Rwanda,Rulindo
8.0,unknown,Protected Well,unknown,Gicumbi,1,0.2297284038152635,23.0,-1.593464674,30.03469334,Rwanda,Gicumbi
8.0,unknown,Protected Well,unknown,Gicumbi,1,0.2297284038152635,23.0,-1.583467585,30.03650929,Rwanda,Gicumbi
8.0,Public Tapstand,unknown,unknown,Rulindo,0,0.6088340195620978,60.9,-1.64607436,29.92703889,Rwanda,Rulindo
8.0,unknown,Protected Well,unknown,Gicumbi,1,0.2297284038152635,23.0,-1.574121798,30.01623964,Rwanda,Gicumbi
8.0,unknown,Protected Well,unknown,Gicumbi,1,0.2297284038152635,23.0,-1.566638333,30.027665,Rwanda,Gicumbi
8.0,Public Tapstand,unknown,unknown,Rulindo,1,0.6088340195620978,60.9,-1.69025691,30.01559722,Rwanda,Rulindo
8.0,Public Tapstand,unknown,unknown,Rulindo,1,0.6088340195620978,60.9,-1.682308444,30.00239988,Rwanda,Rulindo
8.0,Public Tapstand,unknown,unknown,Rulindo,1,0.6088340195620978,60.9,-1.67549373,30.00505341,Rwanda,Rulindo
8.0,Public Tapstand,unknown,unknown,Gicumbi,1,0.6553695175834133,65.5,-1.656458158,30.00147863,Rwanda,Gicumbi
5.0,Public Tapstand,unknown,unknown,Gicumbi,1,0.5911085120721807,59.1,-1.6544628000000172,30.001481299999988,Rwanda,Gicumbi
8.0,unknown,Protected Well,unknown,Gicumbi,1,0.2297284038152635,23.0,-1.580358584,30.08207822,Rwanda,Gicumbi
8.0,Public Tapstand,Protected Well,unknown,Gicumbi,1,0.3107803640747633,31.1,-1.580253279,30.08191953,Rwanda,Gicumbi
5.0,Public Tapstand,unknown,unknown,Gicumbi,1,0.5911085120721807,59.1,-1.6834512,30.148436000000007,Rwanda,Gicumbi
8.0,Public Tapstand,unknown,unknown,Gicumbi,1,0.6553695175834133,65.5,-1.679095971,30.14091606,Rwanda,Gicumbi
5.0,Public Tapstand,unknown,unknown,Gicumbi,1,0.5911085120721807,59.1,-1.6747852000000083,30.140443299999998,Rwanda,Gicumbi
5.0,Public Tapstand,unknown,unknown,Gicumbi,1,0.5911085120721807,59.1,-1.6941101000000118,30.19292190000001,Rwanda,Gicumbi
8.0,Public Tapstand,unknown,unknown,Gicumbi,1,0.6553695175834133,65.5,-1.582224861,30.0669474,Rwanda,Gicumbi
8.0,Public Tapstand,unknown,unknown,Gicumbi,1,0.6553695175834133,65.5,-1.65635029,30.20844586,Rwanda,Gicumbi
8.0,unknown,Protected Well,unknown,Gicumbi,1,0.2297284038152635,23.0,-1.588594655,30.12816956,Rwanda,Gicumbi
5.0,Public Tapstand,unknown,unknown,Gicumbi,1,0.5911085120721807,59.1,-1.6323089000000106,30.001724599999996,Rwanda,Gicumbi
11.0,Kiosk,Piped Water,unknown,Kicukiro,0,0.8963922723075899,89.6,-1.9748316666666668,30.07483666666667,Rwanda,Kicukiro
5.0,Public Tapstand,unknown,unknown,Gicumbi,1,0.5911085120721807,59.1,-1.6270610000000076,30.006533099999995,Rwanda,Gicumbi
5.0,Public Tapstand,unknown,unknown,Kicukiro,1,0.4091365696229732,40.9,-1.990928800000017,30.215946499999994,Rwanda,Kicukiro
8.0,unknown,Protected Well,unknown,Gicumbi,1,0.2297284038152635,23.0,-1.557438803,30.10489201,Rwanda,Gicumbi
5.0,Public Tapstand,unknown,unknown,Gicumbi,1,0.5911085120721807,59.1,-1.6232544999999945,30.16971269999999,Rwanda,Gicumbi
5.0,Public Tapstand,unknown,unknown,Gicumbi,1,0.5911085120721807,59.1,-1.618395000000016,30.180230899999998,Rwanda,Gicumbi
8.0,Public Tapstand,unknown,unknown,Gicumbi,1,0.6553695175834133,65.5,-1.593034719,30.03324169,Rwanda,Gicumbi
8.0,Public Tapstand,unknown,unknown,Gicumbi,1,0.6553695175834133,65.5,-1.58446115,30.04669781,Rwanda,Gicumbi
8.0,unknown,Protected Well,unknown,Gicumbi,1,0.2297284038152635,23.0,-1.500383333,30.00754167,Rwanda,Gicumbi
8.0,unknown,Protected Well,unknown,Gicumbi,1,0.2297284038152635,23.0,-1.543182515,30.09068474,Rwanda,Gicumbi
5.0,unknown,Protected Well,unknown,Gicumbi,1,0.022444888892706905,2.2,-1.5405684000000042,30.060606400000008,Rwanda,Gicumbi
8.0,Public Tapstand,unknown,unknown,Gicumbi,1,0.6553695175834133,65.5,-1.550814339,30.04206753,Rwanda,Gicumbi
8.0,Public Tapstand,unknown,unknown,Gicumbi,1,0.6553695175834133,65.5,-1.587722786,30.05689258,Rwanda,Gicumbi
5.0,unknown,Protected Well,unknown,Gicumbi,1,0.022444888892706905,2.2,-1.5381350000000107,30.0822891,Rwanda,Gicumbi
5.0,Public Tapstand,unknown,unknown,Gicumbi,1,0.5911085120721807,59.1,-1.5822730800000175,30.066584390000006,Rwanda,Gicumbi
8.0,Public Tapstand,unknown,unknown,Kicukiro,0,0.7232419717831573,72.3,-1.99944193,30.18067898,Rwanda,Kicukiro
8.0,unknown,Protected Well,unknown,Gicumbi,1,0.2297284038152635,23.0,-1.520296906,30.11234413,Rwanda,Gicumbi
8.0,unknown,Protected Well,unknown,Gicumbi,1,0.2297284038152635,23.0,-1.515067934,30.10170144,Rwanda,Gicumbi
8.0,Public Tapstand,unknown,unknown,Rulindo,1,0.6088340195620978,60.9,-1.77704023,30.01166844,Rwanda,Rulindo
8.0,Public Tapstand,unknown,unknown,Gicumbi,1,0.6553695175834133,65.5,-1.54600887,30.02831709,Rwanda,Gicumbi
8.0,Public Tapstand,unknown,unknown,Gicumbi,1,0.6553695175834133,65.5,-1.522675123,30.00746068,Rwanda,Gicumbi
5.0,Public Tapstand,unknown,unknown,Gicumbi,1,0.5911085120721807,59.1,-1.5238466999999962,30.009841900000005,Rwanda,Gicumbi
8.0,unknown,Protected Well,unknown,Gicumbi,1,0.2297284038152635,23.0,-1.499298635,30.02062125,Rwanda,Gicumbi
5.0,Public Tapstand,unknown,unknown,Rulindo,1,0.42941536887925813,42.9,-1.7548356999999994,30.05742719999999,Rwanda,Rulindo
5.0,Public Tapstand,unknown,unknown,Gicumbi,1,0.5911085120721807,59.1,-1.5236540000000154,30.072429400000015,Rwanda,Gicumbi
8.0,Public Tapstand,unknown,unknown,Kicukiro,1,0.7232419717831573,72.3,-2.00272974,30.15294495,Rwanda,Kicukiro
5.0,Public Tapstand,unknown,unknown,Gicumbi,1,0.5911085120721807,59.1,-1.5122368900000058,30.05274460000001,Rwanda,Gicumbi
8.0,Public Tapstand,unknown,unknown,Gicumbi,1,0.6553695175834133,65.5,-1.509784093,30.05486371,Rwanda,Gicumbi
8.0,unknown,Protected Well,unknown,Gicumbi,1,0.2297284038152635,23.0,-1.451251316,30.02142128,Rwanda,Gicumbi
8.0,Public Tapstand,unknown,unknown,Kicukiro,1,0.7232419717831573,72.3,-2.015158953,30.2218358,Rwanda,Kicukiro
5.0,Public Tapstand,unknown,unknown,Gicumbi,1,0.5911085120721807,59.1,-1.4909245000000133,30.04438615,Rwanda,Gicumbi
8.0,Public Tapstand,unknown,unknown,Gicumbi,1,0.6553695175834133,65.5,-1.761322507,30.20753406,Rwanda,Gicumbi
8.0,Public Tapstand,unknown,unknown,Gicumbi,1,0.6553695175834133,65.5,-1.472304598,30.09898904,Rwanda,Gicumbi
8.0,Public Tapstand,unknown,unknown,Gicumbi,1,0.6553695175834133,65.5,-1.464571437,30.09054549,Rwanda,Gicumbi
8.0,unknown,Protected Well,unknown,Gicumbi,1,0.2297284038152635,23.0,-1.455008413,30.08330882,Rwanda,Gicumbi
8.0,Public Tapstand,unknown,unknown,Gicumbi,1,0.6553695175834133,65.5,-1.43497467,30.04453671,Rwanda,Gicumbi
5.0,Public Tapstand,unknown,unknown,Gicumbi,1,0.5911085120721807,59.1,-1.4321822200000127,30.014587839999994,Rwanda,Gicumbi
8.0,unknown,Protected Well,unknown,Gicumbi,1,0.2297284038152635,23.0,-1.447935171,30.02040778,Rwanda,Gicumbi
5.0,Public Tapstand,unknown,unknown,Gicumbi,1,0.5911085120721807,59.1,-1.4051755600000022,30.07377283000001,Rwanda,Gicumbi
8.0,Public Tapstand,unknown,unknown,Kicukiro,0,0.7232419717831573,72.3,-2.00681652,30.07892264,Rwanda,Kicukiro
5.0,Public Tapstand,unknown,unknown,Gicumbi,0,0.5911085120721807,59.1,-1.7054649000000173,30.231347599999992,Rwanda,Gicumbi
8.0,unknown,Protected Well,unknown,Gicumbi,1,0.2297284038152635,23.0,-1.432005137,30.02378489,Rwanda,Gicumbi
5.0,unknown,Protected Well,unknown,Gicumbi,1,0.022444888892706905,2.2,-1.4291506800000062,30.009731819999992,Rwanda,Gicumbi
18.0,Public Tapstand,Piped Water,unknown,Kicukiro,0,0.7970108663271563,79.7,-2.012118857837447,30.10816116381454,Rwanda,Kicukiro
8.0,unknown,Protected Well,unknown,Gicumbi,1,0.2297284038152635,23.0,-1.418312587,30.0840256,Rwanda,Gicumbi
8.0,Public Tapstand,unknown,unknown,Kicukiro,0,0.7232419717831573,72.3,-2.00028524,30.18541638,Rwanda,Kicukiro
16.0,Public Tapstand,Piped Water,unknown,Kicukiro,0,0.8690474860590316,86.9,-2.005615,30.21738833333333,Rwanda,Kicukiro
8.0,Public Tapstand,unknown,unknown,Rulindo,0,0.6088340195620978,60.9,-1.857462814,29.94903796,Rwanda,Rulindo
8.0,Public Tapstand,unknown,unknown,Rulindo,0,0.6088340195620978,60.9,-1.87823437,29.95172924,Rwanda,Rulindo
12.0,unknown,Protected Spring,unknown,Huye,0,0.9999482381047183,100.0,-2.507,29.674,Rwanda,Huye
8.0,Public Tapstand,unknown,unknown,Rulindo,0,0.6088340195620978,60.9,-1.82277787,29.91839176,Rwanda,Rulindo
12.0,unknown,Protected Spring,unknown,Nyamagabe,0,0.9965074251536659,99.7,-2.488,29.59,Rwanda,Nyamagabe
8.0,Public Tapstand,unknown,unknown,Gicumbi,0,0.6553695175834133,65.5,-1.530168235,30.15356017,Rwanda,Gicumbi
8.0,Public Tapstand,unknown,unknown,Rulindo,0,0.6088340195620978,60.9,-1.70786299,29.95817891,Rwanda,Rulindo
8.0,Public Tapstand,unknown,unknown,Rulindo,1,0.6088340195620978,60.9,-1.70700873,29.94199214,Rwanda,Rulindo
5.0,Public Tapstand,unknown,unknown,Rulindo,0,0.42941536887925813,42.9,-1.6863607000000034,29.9277432,Rwanda,Rulindo
5.0,Public Tapstand,unknown,unknown,Rulindo,0,0.42941536887925813,42.9,-1.6833503000000183,29.92872300000001,Rwanda,Rulindo
5.0,Hand Pump,Borehole/Tubewell,unknown,Ruhango,0,0.25686652088903017,25.7,-2.1479167,29.72638333,Rwanda,Ruhango
8.0,unknown,Borehole/Tubewell,unknown,Ruhango,0,0.5254922320723927,52.5,-2.137866,29.744353,Rwanda,Ruhango
10.0,unknown,Protected Well,unknown,Nyaruguru,1,0.12977878795756848,13.0,-2.694817,29.618533,Rwanda,Nyaruguru
8.0,Public Tapstand,unknown,unknown,Rulindo,0,0.6088340195620978,60.9,-1.675786109,29.97927745,Rwanda,Rulindo
8.0,unknown,Protected Well,unknown,Rulindo,0,0.3717300062976705,37.2,-1.8327316666666666,29.994888333333332,Rwanda,Rulindo
8.0,Public Tapstand,unknown,unknown,Gicumbi,1,0.6553695175834133,65.5,-1.649599875,30.16845174,Rwanda,Gicumbi
8.0,Public Tapstand,unknown,unknown,Rulindo,0,0.6088340195620978,60.9,-1.652766174,29.98261671,Rwanda,Rulindo
8.0,Public Tapstand,unknown,unknown,Rulindo,0,0.6088340195620978,60.9,-1.61319077,29.88656621,Rwanda,Rulindo
8.0,Public Tapstand,unknown,unknown,Gicumbi,1,0.6553695175834133,65.5,-1.630184806,30.15352018,Rwanda,Gicumbi
12.0,Hand Pump,Sand or Sub-surface Dam,Private Operator/Delegated Management,Rulindo,0,0.7183694442361668,71.8,-1.771083888888889,29.941826944444443,Rwanda,Rulindo
8.0,Public Tapstand,unknown,unknown,Rulindo,0,0.6088340195620978,60.9,-1.615586037,29.95503296,Rwanda,Rulindo
8.0,Public Tapstand,unknown,unknown,Gicumbi,0,0.6553695175834133,65.5,-1.497185303,29.99331934,Rwanda,Gicumbi
8.0,Public Tapstand,unknown,unknown,Gicumbi,0,0.6553695175834133,65.5,-1.493935879,29.99062358,Rwanda,Gicumbi
12.0,Hand Pump - Afridev,Borehole/Tubewell,unknown,Ruhango,1,0.0014013613974951378,0.1,-2.262416667,29.81176667,Rwanda,Ruhango
8.0,unknown,Borehole/Tubewell,unknown,Rulindo,0,0.8577199803654709,85.8,-1.6390483333333332,29.926483333333334,Rwanda,Rulindo
8.0,Public Tapstand,unknown,unknown,Rulindo,1,0.6088340195620978,60.9,-1.65027731,29.9017421,Rwanda,Rulindo
11.0,Public Tapstand,Piped Water,Private Operator/Delegated Management,Kicukiro,0,0.685656425743747,68.6,-1.98034,30.074408333333334,Rwanda,Kicukiro
5.0,Public Tapstand,unknown,unknown,Rulindo,1,0.42941536887925813,42.9,-1.687865000000015,29.959647300000018,Rwanda,Rulindo
11.0,Hand Pump,Sand or Sub-surface Dam,Private Operator/Delegated Management,Gicumbi,0,0.6716355611206826,67.2,-1.6030030555555557,29.953555277777777,Rwanda,Gicumbi
8.0,Public Tapstand,unknown,unknown,Rulindo,1,0.6088340195620978,60.9,-1.67195458,29.98089778,Rwanda,Rulindo
13.0,Hand Pump,Sand or Sub-surface Dam,No Management,Rulindo,0,0.6537586543758231,65.4,-1.8053541666666668,30.093451944444443,Rwanda,Rulindo
5.0,Public Tapstand,unknown,unknown,Rulindo,1,0.42941536887925813,42.9,-1.6498885000000163,29.880988799999994,Rwanda,Rulindo
12.0,Hand Pump - Afridev,Borehole/Tubewell,unknown,Ruhango,1,0.0014013613974951378,0.1,-2.2176,29.7763,Rwanda,Ruhango
8.0,Public Tapstand,unknown,unknown,Rulindo,1,0.6088340195620978,60.9,-1.63772396,29.89582908,Rwanda,Rulindo
8.0,Public Tapstand,unknown,unknown,Gicumbi,1,0.6553695175834133,65.5,-1.508425925,30.036864,Rwanda,Gicumbi
8.0,Public Tapstand,Protected Well,unknown,Gicumbi,0,0.3107803640747633,31.1,-1.73228634,30.1297926,Rwanda,Gicumbi
8.0,unknown,Protected Well,unknown,Gicumbi,0,0.2297284038152635,23.0,-1.715543834,30.19803499,Rwanda,Gicumbi
8.0,unknown,Protected Well,unknown,Rulindo,0,0.3717300062976705,37.2,-1.643829057,30.02466943,Rwanda,Rulindo
8.0,unknown,Protected Well,unknown,Gicumbi,0,0.2297284038152635,23.0,-1.602035013,30.08602902,Rwanda,Gicumbi
14.0,unknown,Protected Spring,unknown,Gicumbi,0,1.0,100.0,-1.623608,30.168411,Rwanda,Gicumbi
8.0,Public Tapstand,unknown,unknown,Gicumbi,1,0.6553695175834133,65.5,-1.487471272,30.00633386,Rwanda,Gicumbi
14.0,Public Tapstand,Piped Water,unknown,Kicukiro,0,0.8482829083062919,84.8,-1.9762649999999997,30.137071666666664,Rwanda,Kicukiro
12.0,Hand Pump - Afridev,Borehole/Tubewell,unknown,Ruhango,1,0.0014013613974951378,0.1,-2.1659,29.72688333,Rwanda,Ruhango
5.0,Public Tapstand,Protected Well,unknown,Gicumbi,0,0.07707408005917082,7.7,-1.563723570000009,30.109121919999986,Rwanda,Gicumbi
8.0,unknown,Protected Well,unknown,Gicumbi,0,0.2297284038152635,23.0,-1.457890593,30.09238146,Rwanda,Gicumbi
8.0,Public Tapstand,unknown,unknown,Gicumbi,1,0.6553695175834133,65.5,-1.433563398,30.01535216,Rwanda,Gicumbi
15.0,Public Tapstand,Piped Water,unknown,Kicukiro,0,0.8515596146646788,85.2,-1.9622824430574566,30.116015762480153,Rwanda,Kicukiro
19.0,Public Tapstand,Piped Water,unknown,Kicukiro,0,0.8404109684048311,84.0,-1.9613483333333335,30.12816,Rwanda,Kicukiro
8.0,Public Tapstand,unknown,unknown,Kicukiro,0,0.7232419717831573,72.3,-2.016028333,30.08032439,Rwanda,Kicukiro
8.0,Public Tapstand,unknown,unknown,Kicukiro,0,0.7232419717831573,72.3,-1.997182893,30.21911497,Rwanda,Kicukiro
8.0,Public Tapstand,unknown,unknown,Rulindo,0,0.6088340195620978,60.9,-1.87686092,29.94868272,Rwanda,Rulindo
8.0,Public Tapstand,unknown,unknown,Rulindo,0,0.6088340195620978,60.9,-1.808361043,30.01846417,Rwanda,Rulindo
8.0,Public Tapstand,unknown,unknown,Rulindo,0,0.6088340195620978,60.9,-1.80829521,30.01859371,Rwanda,Rulindo
8.0,Public Tapstand,unknown,unknown,Rulindo,0,0.6088340195620978,60.9,-1.848968203,29.91622588,Rwanda,Rulindo
5.0,Public Tapstand,unknown,unknown,Rulindo,0,0.42941536887925813,42.9,-1.8208855000000166,30.067155900000017,Rwanda,Rulindo
8.0,Public Tapstand,unknown,unknown,Gicumbi,0,0.6553695175834133,65.5,-1.805162712,30.26922488,Rwanda,Gicumbi
5.0,Public Tapstand,unknown,unknown,Rulindo,0,0.42941536887925813,42.9,-1.7870727999999987,30.067909699999998,Rwanda,Rulindo
8.0,Public Tapstand,unknown,unknown,Rulindo,0,0.6088340195620978,60.9,-1.78129589,30.05485149,Rwanda,Rulindo
8.0,Public Tapstand,unknown,unknown,Rulindo,0,0.6088340195620978,60.9,-1.65189632,29.91392717,Rwanda,Rulindo
8.0,Public Tapstand,unknown,unknown,Rulindo,0,0.6088340195620978,60.9,-1.61559926,29.91172251,Rwanda,Rulindo
8.0,Public Tapstand,unknown,unknown,Gicumbi,0,0.6553695175834133,65.5,-1.705636734,30.24596116,Rwanda,Gicumbi
14.0,Motorized Pump,Borehole/Tubewell,unknown,Bugesera,1,0.007992202643976598,0.8,-2.084608,30.20453,Rwanda,Bugesera
5.0,Public Tapstand,unknown,unknown,Rulindo,0,0.42941536887925813,42.9,-1.6542397400000068,30.05048493000001,Rwanda,Rulindo
8.0,Public Tapstand,unknown,unknown,Rulindo,0,0.6088340195620978,60.9,-1.652895625,30.05936055,Rwanda,Rulindo
8.0,Public Tapstand,unknown,unknown,Gicumbi,0,0.6553695175834133,65.5,-1.52445008,29.97603518,Rwanda,Gicumbi
8.0,Public Tapstand,unknown,unknown,Gicumbi,0,0.6553695175834133,65.5,-1.688416126,30.12556133,Rwanda,Gicumbi
8.0,Public Tapstand,unknown,unknown,Gicumbi,0,0.6553695175834133,65.5,-1.683127874,30.1427078,Rwanda,Gicumbi
5.0,Public Tapstand,unknown,unknown,Gicumbi,0,0.5911085120721807,59.1,-1.4688269400000096,29.994792649999994,Rwanda,Gicumbi
8.0,Public Tapstand,unknown,unknown,Kicukiro,0,0.7232419717831573,72.3,-1.99245438,30.05675096,Rwanda,Kicukiro
5.0,Public Tapstand,unknown,unknown,Gicumbi,0,0.5911085120721807,59.1,-1.6807398999999992,30.167755000000003,Rwanda,Gicumbi
5.0,Public Tapstand,unknown,unknown,Gicumbi,0,0.5911085120721807,59.1,-1.6979037000000097,30.222751100000007,Rwanda,Gicumbi
8.0,Public Tapstand,unknown,unknown,Gicumbi,0,0.6553695175834133,65.5,-1.624657792,30.16614518,Rwanda,Gicumbi
8.0,unknown,Protected Well,unknown,Rulindo,1,0.3717300062976705,37.2,-1.82958176,29.91036916,Rwanda,Rulindo
8.0,Public Tapstand,unknown,unknown,Gicumbi,0,0.6553695175834133,65.5,-1.487497612,30.00615762,Rwanda,Gicumbi
8.0,Public Tapstand,unknown,unknown,Gicumbi,0,0.6553695175834133,65.5,-1.480039865,30.01008466,Rwanda,Gicumbi
5.0,Public Tapstand,unknown,unknown,Gicumbi,0,0.5911085120721807,59.1,-1.4665180800000037,30.061050479999984,Rwanda,Gicumbi
10.0,Hand Pump - Afridev,Borehole/Tubewell,unknown,Ruhango,1,0.017070511585914105,1.7,-2.26655,29.790483,Rwanda,Ruhango
12.0,Hand Pump - Afridev,Borehole/Tubewell,unknown,Ruhango,1,0.0014013613974951378,0.1,-2.261933333,29.7641,Rwanda,Ruhango
7.0,unknown,Borehole/Tubewell,unknown,Ruhango,1,0.48717735444785215,48.7,-2.255827,29.766922,Rwanda,Ruhango
10.0,Hand Pump - Afridev,Borehole/Tubewell,unknown,Ruhango,1,0.017070511585914105,1.7,-2.25715,29.795167,Rwanda,Ruhango
11.0,Hand Pump - India Mark,Borehole/Tubewell,unknown,Ruhango,1,0.6801952776448295,68.0,-2.2564667,29.8048167,Rwanda,Ruhango
12.0,Hand Pump - India Mark,Borehole/Tubewell,unknown,Ruhango,1,0.004445887436635654,0.4,-2.222516667,29.64818333,Rwanda,Ruhango
9.0,unknown,Borehole/Tubewell,unknown,Ruhango,1,0.07154885884147266,7.2,-2.249983,29.687317,Rwanda,Ruhango
9.0,unknown,Borehole/Tubewell,unknown,Ruhango,1,0.07154885884147266,7.2,-2.241467,29.748433,Rwanda,Ruhango
13.0,Hand Pump - India Mark,Borehole/Tubewell,unknown,Ruhango,1,0.0020853598464104506,0.2,-2.2386,29.74395,Rwanda,Ruhango
9.0,unknown,Borehole/Tubewell,unknown,Ruhango,1,0.07154885884147266,7.2,-2.22045,29.711267,Rwanda,Ruhango
12.0,Hand Pump - India Mark,Borehole/Tubewell,unknown,Ruhango,1,0.004445887436635654,0.4,-2.249883333,29.76898333,Rwanda,Ruhango
12.0,Hand Pump - Afridev,Borehole/Tubewell,unknown,Ruhango,1,0.0014013613974951378,0.1,-2.244933333,29.79828333,Rwanda,Ruhango
5.0,unknown,Protected Well,unknown,Rulindo,1,0.008564511579654988,0.9,-1.7520636000000076,29.951469399999993,Rwanda,Rulindo
10.0,Hand Pump - India Mark,Borehole/Tubewell,unknown,Ruhango,1,0.08099803549495677,8.1,-2.221966667,29.82145,Rwanda,Ruhango
8.0,Public Tapstand,unknown,unknown,Gicumbi,0,0.6553695175834133,65.5,-1.702907973,30.17105541,Rwanda,Gicumbi
6.0,unknown,Borehole/Tubewell,unknown,Ruhango,1,0.4164175432483329,41.6,-2.16783,29.77472,Rwanda,Ruhango
8.0,Public Tapstand,unknown,unknown,Rulindo,1,0.6088340195620978,60.9,-1.83048289,29.91727683,Rwanda,Rulindo
36.0,unknown,Protected Well,Community Management,Rulindo,1,0.020746975998659822,2.1,-1.7075866666666664,29.92483666666667,Rwanda,Rulindo
8.0,unknown,Protected Well,unknown,Rulindo,1,0.3717300062976705,37.2,-1.70615418,29.93203576,Rwanda,Rulindo
8.0,Public Tapstand,unknown,unknown,Rulindo,1,0.6088340195620978,60.9,-1.824528784,29.98109603,Rwanda,Rulindo
5.0,Public Tapstand,unknown,unknown,Gicumbi,1,0.5911085120721807,59.1,-1.7309380000000008,30.2132061,Rwanda,Gicumbi
8.0,Public Tapstand,unknown,unknown,Gicumbi,0,0.6553695175834133,65.5,-1.521676959,30.1065603,Rwanda,Gicumbi
13.0,unknown,Borehole/Tubewell,unknown,Karongi,1,0.020997728113257286,2.1,-2.08555,29.39943333,Rwanda,Karongi
12.0,Hand Pump - India Mark,Borehole/Tubewell,unknown,Karongi,1,0.003938411475170933,0.4,-2.085633333,29.41533333,Rwanda,Karongi
12.0,Hand Pump - Afridev,Borehole/Tubewell,unknown,Karongi,1,0.0,0.0,-2.08355,29.40018333,Rwanda,Karongi
12.0,Hand Pump - Afridev,Borehole/Tubewell,unknown,Karongi,1,0.0,0.0,-2.07425,29.40643333,Rwanda,Karongi
8.0,Public Tapstand,unknown,unknown,Rulindo,1,0.6088340195620978,60.9,-1.72541866,29.91723049,Rwanda,Rulindo
8.0,Public Tapstand,unknown,unknown,Gicumbi,1,0.6553695175834133,65.5,-1.674756966,30.15761324,Rwanda,Gicumbi
8.0,Public Tapstand,unknown,unknown,Rulindo,1,0.6088340195620978,60.9,-1.71075809,29.91372276,Rwanda,Rulindo
6.0,Hand Pump - Nira,Rainwater Harvesting,unknown,Bugesera,1,0.0,0.0,-2.1810770000000135,30.039588999999992,Rwanda,Bugesera
8.0,Public Tapstand,unknown,unknown,Rulindo,1,0.6088340195620978,60.9,-1.7379816,29.96440319,Rwanda,Rulindo
6.0,Hand Pump - Nira,Rainwater Harvesting,unknown,Bugesera,1,0.0,0.0,-2.155792999999999,30.00837000000001,Rwanda,Bugesera
12.0,Hand Pump - India Mark,Borehole/Tubewell,unknown,Bugesera,1,0.4222499478810636,42.2,-2.184233333,30.10241667,Rwanda,Bugesera
51.0,unknown,Protected Well,unknown,Rulindo,1,0.012336329645811328,1.2,-1.6512083333333332,29.901322777777775,Rwanda,Rulindo
12.0,Hand Pump - Afridev,Borehole/Tubewell,unknown,Kicukiro,1,0.00099028737358553,0.1,-2.046716667,30.10596667,Rwanda,Kicukiro
10.0,unknown,Borehole/Tubewell,unknown,Ruhango,1,0.5081032045294142,50.8,-2.200133,29.740617,Rwanda,Ruhango
8.0,unknown,Protected Well,unknown,Rulindo,1,0.3717300062976705,37.2,-1.88811632,29.95494592,Rwanda,Rulindo
5.0,unknown,Protected Well,unknown,Rulindo,1,0.008564511579654988,0.9,-1.8685841000000076,29.971693999999992,Rwanda,Rulindo
8.0,Public Tapstand,unknown,unknown,Gicumbi,1,0.6553695175834133,65.5,-1.58391818,30.07377251,Rwanda,Gicumbi
8.0,Public Tapstand,Protected Well,unknown,Rulindo,1,0.3043943914691625,30.4,-1.849286972,29.93530601,Rwanda,Rulindo
8.0,unknown,Protected Well,unknown,Rulindo,1,0.3717300062976705,37.2,-1.66790882,29.99026436,Rwanda,Rulindo
8.0,Public Tapstand,unknown,unknown,Rulindo,1,0.6088340195620978,60.9,-1.671519791,29.96458491,Rwanda,Rulindo
13.0,Hand Pump,Sand or Sub-surface Dam,Private Operator/Delegated Management,Rulindo,1,0.2676316353010735,26.8,-1.828918611111111,29.926495833333334,Rwanda,Rulindo
26.0,unknown,Protected Well,unknown,Rulindo,1,0.15391247184019097,15.4,-1.6556280555555554,29.961694166666668,Rwanda,Rulindo
8.0,Public Tapstand,unknown,unknown,Rulindo,1,0.6088340195620978,60.9,-1.663415273,29.98273816,Rwanda,Rulindo
29.0,unknown,Protected Well,unknown,Rulindo,1,0.04084628142368707,4.1,-1.7928783333333331,29.945301944444445,Rwanda,Rulindo
8.0,Public Tapstand,unknown,unknown,Rulindo,1,0.6088340195620978,60.9,-1.62257502,29.92177953,Rwanda,Rulindo
8.0,Public Tapstand,Protected Well,unknown,Rulindo,1,0.3043943914691625,30.4,-1.77801047,29.92565066,Rwanda,Rulindo
8.0,Public Tapstand,unknown,unknown,Rulindo,1,0.6088340195620978,60.9,-1.644524252,29.97331668,Rwanda,Rulindo
8.0,unknown,Protected Well,unknown,Rulindo,1,0.3717300062976705,37.2,-1.766292364,29.93587861,Rwanda,Rulindo
8.0,unknown,Protected Well,unknown,Rulindo,1,0.3717300062976705,37.2,-1.755786769,29.94299074,Rwanda,Rulindo
8.0,Public Tapstand,unknown,unknown,Gicumbi,1,0.6553695175834133,65.5,-1.445931038,30.01788669,Rwanda,Gicumbi
8.0,Public Tapstand,unknown,unknown,Gicumbi,1,0.6553695175834133,65.5,-1.598405873,29.9610241,Rwanda,Gicumbi
5.0,Public Tapstand,unknown,unknown,Gicumbi,1,0.5911085120721807,59.1,-1.4354792700000076,30.01493421,Rwanda,Gicumbi
8.0,unknown,Protected Well,unknown,Gicumbi,1,0.2297284038152635,23.0,-1.485190108,29.99533559,Rwanda,Gicumbi
8.0,unknown,Protected Well,unknown,Gicumbi,1,0.2297284038152635,23.0,-1.470466231,29.99759483,Rwanda,Gicumbi
8.0,Public Tapstand,unknown,unknown,Kicukiro,0,0.7232419717831573,72.3,-2.030185786,30.10256767,Rwanda,Kicukiro
8.0,unknown,Protected Well,unknown,Kicukiro,1,0.4930239632249813,49.3,-1.987104321,30.0927332,Rwanda,Kicukiro
8.0,unknown,Protected Well,unknown,Rulindo,1,0.3717300062976705,37.2,-1.743058518,29.92087633,Rwanda,Rulindo
12.0,Hand Pump - India Mark,Borehole/Tubewell,unknown,Karongi,1,0.003938411475170933,0.4,-2.036266667,29.40298333,Rwanda,Karongi
8.0,unknown,Protected Well,unknown,Rulindo,1,0.3717300062976705,37.2,-1.67621918,29.93089968,Rwanda,Rulindo
5.0,unknown,Protected Well,unknown,Kicukiro,1,0.006221467699414784,0.6,-1.9691251000000158,30.169677099999998,Rwanda,Kicukiro
5.0,Hand Pump - Afridev,Protected Well,unknown,Kicukiro,1,0.005649229580696247,0.6,-1.988510299999996,30.208387200000008,Rwanda,Kicukiro
8.0,unknown,Borehole/Tubewell,unknown,Gasabo,1,0.4513455680575369,45.1,-1.944795,30.143798,Rwanda,Gasabo
8.0,Public Tapstand,unknown,unknown,Rulindo,0,0.6088340195620978,60.9,-1.79303517,29.98309507,Rwanda,Rulindo
8.0,Public Tapstand,unknown,unknown,Kicukiro,1,0.7232419717831573,72.3,-1.965549294,30.07486553,Rwanda,Kicukiro
8.0,unknown,Protected Well,unknown,Rulindo,1,0.3717300062976705,37.2,-1.70820702,29.92837192,Rwanda,Rulindo
8.0,Public Tapstand,unknown,unknown,Kicukiro,1,0.7232419717831573,72.3,-1.998336278,30.11679884,Rwanda,Kicukiro
17.0,unknown,Protected Well,unknown,Rulindo,1,0.08064445061676606,8.1,-1.705033611111111,29.91060333333333,Rwanda,Rulindo
5.0,Public Tapstand,unknown,unknown,Kicukiro,1,0.4091365696229732,40.9,-1.9995328000000052,30.148140200000004,Rwanda,Kicukiro
26.0,unknown,Protected Well,unknown,Rulindo,1,0.15391247184019097,15.4,-1.8211166666666667,30.005406666666666,Rwanda,Rulindo
22.0,unknown,Protected Well,unknown,Rulindo,1,0.10226495418795256,10.2,-1.7016516666666666,29.91157611111111,Rwanda,Rulindo
8.0,Public Tapstand,unknown,unknown,Rulindo,0,0.6088340195620978,60.9,-1.693113945,29.97371502,Rwanda,Rulindo
5.0,Public Tapstand,unknown,unknown,Kicukiro,1,0.4091365696229732,40.9,-1.9793083999999945,30.103870499999985,Rwanda,Kicukiro
76.0,unknown,Protected Well,unknown,Rulindo,1,0.008937167408904712,0.9,-1.72888527,29.98237059,Rwanda,Rulindo
5.0,Public Tapstand,unknown,unknown,Rulindo,0,0.42941536887925813,42.9,-1.6472864000000096,29.9295725,Rwanda,Rulindo
8.0,unknown,Protected Well,unknown,Rulindo,1,0.3717300062976705,37.2,-1.82053509,29.94537006,Rwanda,Rulindo
8.0,Public Tapstand,unknown,unknown,Kicukiro,0,0.7232419717831573,72.3,-1.994498511,30.09528162,Rwanda,Kicukiro
8.0,unknown,Protected Well,unknown,Rulindo,1,0.3717300062976705,37.2,-1.834499564,29.98675937,Rwanda,Rulindo
8.0,unknown,Protected Well,unknown,Rulindo,1,0.3717300062976705,37.2,-1.82980016,29.99061641,Rwanda,Rulindo
5.0,unknown,Protected Well,unknown,Rulindo,1,0.008564511579654988,0.9,-1.6598821000000132,29.935337299999993,Rwanda,Rulindo
8.0,unknown,Protected Well,unknown,Rulindo,1,0.3717300062976705,37.2,-1.698320374,29.96601319,Rwanda,Rulindo
8.0,unknown,Protected Well,unknown,Rulindo,1,0.3717300062976705,37.2,-1.770349366,29.96843779,Rwanda,Rulindo
8.0,unknown,Protected Well,unknown,Gicumbi,1,0.2297284038152635,23.0,-1.790399161,30.15413248,Rwanda,Gicumbi
8.0,unknown,Protected Well,unknown,Rulindo,1,0.3717300062976705,37.2,-1.75143539,29.95126694,Rwanda,Rulindo
8.0,unknown,Protected Well,unknown,Rulindo,1,0.3717300062976705,37.2,-1.74333999,29.91890254,Rwanda,Rulindo
76.0,unknown,Protected Well,unknown,Rulindo,1,0.008937167408904712,0.9,-1.6743249999999998,29.96207,Rwanda,Rulindo
8.0,unknown,Protected Well,unknown,Gicumbi,1,0.2297284038152635,23.0,-1.78918546,30.23922506,Rwanda,Gicumbi
8.0,Public Tapstand,unknown,unknown,Kicukiro,0,0.7232419717831573,72.3,-1.99970413,30.18029256,Rwanda,Kicukiro
8.0,unknown,Protected Well,unknown,Rulindo,1,0.3717300062976705,37.2,-1.74215914,30.02809974,Rwanda,Rulindo
44.0,unknown,Protected Well,unknown,Rulindo,1,0.14916156994134644,14.9,-1.6530555555555555,29.992592222222225,Rwanda,Rulindo
76.0,unknown,Protected Well,unknown,Rulindo,1,0.008937167408904712,0.9,-1.6524397222222222,29.95611333333333,Rwanda,Rulindo
28.0,unknown,Protected Well,unknown,Rulindo,1,0.08387280796021801,8.4,-1.6406975,29.894625277777777,Rwanda,Rulindo
8.0,Public Tapstand,Protected Well,unknown,Rulindo,1,0.3043943914691625,30.4,-1.61250554,29.87473473,Rwanda,Rulindo
46.0,unknown,Protected Well,unknown,Rulindo,1,0.012336329645811328,1.2,-1.6427169444444445,29.9431875,Rwanda,Rulindo
8.0,Public Tapstand,unknown,unknown,Rulindo,1,0.6088340195620978,60.9,-1.888279612,29.9735568,Rwanda,Rulindo
8.0,unknown,Protected Well,unknown,Rulindo,1,0.3717300062976705,37.2,-1.746389872,29.95983704,Rwanda,Rulindo
5.0,Public Tapstand,unknown,unknown,Rulindo,1,0.42941536887925813,42.9,-1.8579803000000075,29.9718464,Rwanda,Rulindo
56.0,unknown,Protected Well,unknown,Rulindo,1,0.013513602916921497,1.4,-1.6317819444444446,29.945785277777777,Rwanda,Rulindo
8.0,unknown,Protected Well,unknown,Rulindo,1,0.3717300062976705,37.2,-1.63164456,29.9458347,Rwanda,Rulindo
8.0,Public Tapstand,unknown,unknown,Rulindo,0,0.6088340195620978,60.9,-1.75237796,30.05801394,Rwanda,Rulindo
76.0,unknown,Protected Well,unknown,Rulindo,1,0.008937167408904712,0.9,-1.6284325,29.928981111111113,Rwanda,Rulindo
5.0,Public Tapstand,unknown,unknown,Gicumbi,1,0.5911085120721807,59.1,-1.7752226700000049,30.248883880000005,Rwanda,Gicumbi
8.0,Public Tapstand,unknown,unknown,Gicumbi,0,0.6553695175834133,65.5,-1.711234304,30.08703261,Rwanda,Gicumbi
8.0,Public Tapstand,unknown,unknown,Rulindo,1,0.6088340195620978,60.9,-1.76564014,29.93190702,Rwanda,Rulindo
5.0,Public Tapstand,Protected Well,unknown,Rulindo,1,0.4668699370214914,46.7,-1.6298708300000002,29.93901787999999,Rwanda,Rulindo
5.0,Public Tapstand,Protected Well,unknown,Rulindo,1,0.4668699370214914,46.7,-1.6262784400000116,29.933243700000006,Rwanda,Rulindo
36.0,unknown,Protected Well,unknown,Rulindo,1,0.047816261762991585,4.8,-1.6243997222222222,29.902965277777778,Rwanda,Rulindo
64.0,unknown,Protected Well,unknown,Rulindo,1,0.008937167408904712,0.9,-1.6246786699794928,29.93585333573322,Rwanda,Rulindo
8.0,unknown,Protected Well,unknown,Gicumbi,1,0.2297284038152635,23.0,-1.741913216,30.12812599,Rwanda,Gicumbi
76.0,unknown,Protected Well,unknown,Rulindo,1,0.008937167408904712,0.9,-1.622245,29.900656666666666,Rwanda,Rulindo
66.0,unknown,Protected Well,unknown,Rulindo,1,0.008937167408904712,0.9,-1.6219947222222222,29.907321666666665,Rwanda,Rulindo
8.0,unknown,Protected Well,unknown,Rulindo,1,0.3717300062976705,37.2,-1.67585378,29.9067216,Rwanda,Rulindo
8.0,unknown,Protected Well,unknown,Rulindo,1,0.3717300062976705,37.2,-1.622208156,29.91196396,Rwanda,Rulindo
8.0,Public Tapstand,unknown,unknown,Gicumbi,0,0.6553695175834133,65.5,-1.6376747,30.09097835,Rwanda,Gicumbi
76.0,unknown,Protected Well,unknown,Rulindo,1,0.008937167408904712,0.9,-1.6211269444444445,29.942523055555554,Rwanda,Rulindo
76.0,unknown,Protected Well,unknown,Rulindo,1,0.008937167408904712,0.9,-1.6197513888888888,29.904004999999998,Rwanda,Rulindo
76.0,unknown,Protected Well,unknown,Rulindo,1,0.008937167408904712,0.9,-1.6195033333333333,29.92458416666667,Rwanda,Rulindo
5.0,Public Tapstand,Protected Well,unknown,Rulindo,1,0.4668699370214914,46.7,-1.619465100000008,29.923674619999996,Rwanda,Rulindo
33.0,Public Tapstand,Protected Well,Community Management,Rulindo,1,0.04410629152012502,4.4,-1.61943784,29.92450704,Rwanda,Rulindo
46.0,unknown,Protected Well,unknown,Rulindo,1,0.012336329645811328,1.2,-1.618402348889246,29.928917887151606,Rwanda,Rulindo
36.0,unknown,Protected Well,unknown,Rulindo,1,0.047816261762991585,4.8,-1.6166252777777779,29.91196944444444,Rwanda,Rulindo
8.0,Public Tapstand,unknown,unknown,Rulindo,1,0.6088340195620978,60.9,-1.7185933,29.91845644,Rwanda,Rulindo
8.0,unknown,Protected Well,unknown,Rulindo,1,0.3717300062976705,37.2,-1.616710743,29.92572877,Rwanda,Rulindo
76.0,unknown,Protected Well,unknown,Rulindo,1,0.008937167408904712,0.9,-1.6171591666666667,29.93378277777778,Rwanda,Rulindo
5.0,unknown,Protected Well,unknown,Rulindo,1,0.008564511579654988,0.9,-1.6157288100000076,29.93598404999999,Rwanda,Rulindo
76.0,unknown,Protected Well,unknown,Rulindo,1,0.008937167408904712,0.9,-1.6170236111111111,29.94132111111111,Rwanda,Rulindo
31.0,unknown,Protected Well,unknown,Rulindo,1,0.03848969929514989,3.8,-1.6134105555555556,29.911916666666666,Rwanda,Rulindo
36.0,unknown,Protected Well,unknown,Rulindo,1,0.047816261762991585,4.8,-1.6145094444444446,29.92517138888889,Rwanda,Rulindo
8.0,unknown,Protected Well,unknown,Rulindo,1,0.3717300062976705,37.2,-1.61212138,29.92043434,Rwanda,Rulindo
9.0,unknown,Protected Well,unknown,Rulindo,1,0.23667746560656744,23.7,-1.6094175000000002,29.926524722222222,Rwanda,Rulindo
11.0,unknown,Protected Well,unknown,Rulindo,1,0.5274148456124939,52.7,-1.6035963733961902,29.915200273508777,Rwanda,Rulindo
66.0,unknown,Protected Well,unknown,Rulindo,1,0.008937167408904712,0.9,-1.6489536111111112,29.95086222222222,Rwanda,Rulindo
8.0,unknown,Protected Well,unknown,Gicumbi,1,0.2297284038152635,23.0,-1.726908517,30.14198239,Rwanda,Gicumbi
8.0,Public Tapstand,unknown,unknown,Rulindo,1,0.6088340195620978,60.9,-1.73534063,29.95091116,Rwanda,Rulindo
8.0,unknown,Protected Well,unknown,Rulindo,1,0.3717300062976705,37.2,-1.69737596,29.96239069,Rwanda,Rulindo
56.0,unknown,Protected Well,unknown,Rulindo,1,0.013513602916921497,1.4,-1.648263924,29.96211552,Rwanda,Rulindo
76.0,unknown,Protected Well,unknown,Rulindo,1,0.008937167408904712,0.9,-1.6477930555555556,29.961323333333333,Rwanda,Rulindo
5.0,unknown,Protected Well,unknown,Gicumbi,1,0.022444888892706905,2.2,-1.722434000000001,30.110840800000005,Rwanda,Gicumbi
5.0,unknown,Protected Well,unknown,Gicumbi,1,0.022444888892706905,2.2,-1.7219169500000187,30.131901709999998,Rwanda,Gicumbi
8.0,Public Tapstand,unknown,unknown,Gicumbi,0,0.6553695175834133,65.5,-1.44136989,30.00213191,Rwanda,Gicumbi
26.0,Public Tapstand,Protected Well,unknown,Rulindo,1,0.03085927892887219,3.1,-1.648734639,29.96975427,Rwanda,Rulindo
8.0,unknown,Protected Well,unknown,Gicumbi,1,0.2297284038152635,23.0,-1.718297836,30.11996105,Rwanda,Gicumbi
5.0,Public Tapstand,unknown,unknown,Rulindo,1,0.42941536887925813,42.9,-1.692857460000019,29.90497353999998,Rwanda,Rulindo
66.0,unknown,Protected Well,unknown,Rulindo,1,0.008937167408904712,0.9,-1.6463647142673659,29.951777347549676,Rwanda,Rulindo
8.0,unknown,Protected Well,unknown,Rulindo,1,0.3717300062976705,37.2,-1.66201166,29.96179544,Rwanda,Rulindo
76.0,unknown,Protected Well,unknown,Rulindo,1,0.008937167408904712,0.9,-1.6453794444444445,29.951232777777776,Rwanda,Rulindo
76.0,unknown,Protected Well,unknown,Rulindo,1,0.008937167408904712,0.9,-1.6435055555555556,29.974019444444444,Rwanda,Rulindo
76.0,unknown,Protected Well,unknown,Rulindo,1,0.008937167408904712,0.9,-1.6409219444444445,29.960949166666666,Rwanda,Rulindo
10.0,Hand Pump,Sand or Sub-surface Dam,Private Operator/Delegated Management,Rulindo,1,0.5114512860658506,51.1,-1.638205,29.965686944444442,Rwanda,Rulindo
8.0,unknown,Protected Well,unknown,Gicumbi,1,0.2297284038152635,23.0,-1.712413565,30.1237227,Rwanda,Gicumbi
5.0,unknown,Protected Well,unknown,Rulindo,1,0.008564511579654988,0.9,-1.6529282000000076,29.992791900000018,Rwanda,Rulindo
66.0,unknown,Protected Well,Community Management,Rulindo,1,0.08813556520027344,8.8,-1.6378513888888888,29.97154611111111,Rwanda,Rulindo
76.0,unknown,Protected Well,unknown,Rulindo,1,0.008937167408904712,0.9,-1.6365358333333333,29.970264166666666,Rwanda,Rulindo
8.0,unknown,Protected Well,unknown,Gicumbi,1,0.2297284038152635,23.0,-1.709600664,30.12614122,Rwanda,Gicumbi
8.0,unknown,Protected Well,unknown,Gicumbi,1,0.2297284038152635,23.0,-1.633446667,29.99099833,Rwanda,Gicumbi
8.0,Public Tapstand,unknown,unknown,Gicumbi,1,0.6553695175834133,65.5,-1.604716067,30.16825229,Rwanda,Gicumbi
8.0,Public Tapstand,unknown,unknown,Rulindo,1,0.6088340195620978,60.9,-1.66526262,29.98542557,Rwanda,Rulindo
8.0,unknown,Protected Well,unknown,Rulindo,1,0.3717300062976705,37.2,-1.63480007,29.93520146,Rwanda,Rulindo
76.0,unknown,Protected Well,unknown,Rulindo,1,0.008937167408904712,0.9,-1.631478888888889,29.95015638888889,Rwanda,Rulindo
8.0,unknown,Protected Well,unknown,Gicumbi,1,0.2297284038152635,23.0,-1.709498537,30.12597833,Rwanda,Gicumbi
8.0,Public Tapstand,unknown,unknown,Rulindo,1,0.6088340195620978,60.9,-1.63373345,29.87398246,Rwanda,Rulindo
8.0,Public Tapstand,unknown,unknown,Gicumbi,1,0.6553695175834133,65.5,-1.58835332,30.07609262,Rwanda,Gicumbi
5.0,unknown,Protected Well,unknown,Gicumbi,1,0.022444888892706905,2.2,-1.7091906000000112,30.12606849999999,Rwanda,Gicumbi
8.0,unknown,Protected Well,unknown,Gicumbi,1,0.2297284038152635,23.0,-1.630048333,29.99642833,Rwanda,Gicumbi
76.0,unknown,Protected Well,unknown,Rulindo,1,0.008937167408904712,0.9,-1.6299802777777779,29.950745833333333,Rwanda,Rulindo
8.0,unknown,Protected Well,unknown,Gicumbi,1,0.2297284038152635,23.0,-1.705958333,30.14331,Rwanda,Gicumbi
37.0,unknown,Protected Well,unknown,Rulindo,1,0.047816261762991585,4.8,-1.6292916666666666,29.961008333333332,Rwanda,Rulindo
8.0,Hand Pump,Sand or Sub-surface Dam,Private Operator/Delegated Management,Gicumbi,1,0.008014484946845868,0.8,-1.7848345833333332,30.259666944444444,Rwanda,Gicumbi
76.0,unknown,Protected Well,unknown,Rulindo,1,0.008937167408904712,0.9,-1.6296497222222222,29.96601638888889,Rwanda,Rulindo
8.0,unknown,Protected Well,unknown,Gicumbi,1,0.2297284038152635,23.0,-1.705754874,30.14281749,Rwanda,Gicumbi
26.0,unknown,Protected Well,unknown,Rulindo,1,0.15391247184019097,15.4,-1.6038491666666668,29.926606944444444,Rwanda,Rulindo
5.0,unknown,Protected Well,unknown,Gicumbi,1,0.022444888892706905,2.2,-1.700714900000001,30.120650499999993,Rwanda,Gicumbi
8.0,Hand Pump,Sand or Sub-surface Dam,Private Operator/Delegated Management,Gicumbi,1,0.008014484946845868,0.8,-1.62934535,29.99245436,Rwanda,Gicumbi
8.0,Public Tapstand,unknown,unknown,Gicumbi,1,0.6553695175834133,65.5,-1.558858061,30.13563814,Rwanda,Gicumbi
8.0,unknown,Protected Well,unknown,Gicumbi,1,0.2297284038152635,23.0,-1.700715197,30.12076165,Rwanda,Gicumbi
8.0,unknown,Protected Well,unknown,Gicumbi,1,0.2297284038152635,23.0,-1.74842,30.17386,Rwanda,Gicumbi
36.0,unknown,Protected Well,unknown,Rulindo,1,0.047816261762991585,4.8,-1.6267383333333334,29.952083333333334,Rwanda,Rulindo
8.0,unknown,Protected Well,unknown,Rulindo,1,0.3717300062976705,37.2,-1.62625758,29.95237029,Rwanda,Rulindo
5.0,Public Tapstand,Protected Well,unknown,Gicumbi,1,0.07707408005917082,7.7,-1.7462700400000064,30.177527249999994,Rwanda,Gicumbi
8.0,Public Tapstand,unknown,unknown,Gicumbi,1,0.6553695175834133,65.5,-1.537712125,30.14397247,Rwanda,Gicumbi
5.0,unknown,Protected Well,unknown,Rulindo,1,0.008564511579654988,0.9,-1.6261687000000111,29.9522813,Rwanda,Rulindo
8.0,unknown,Protected Well,unknown,Gicumbi,1,0.2297284038152635,23.0,-1.743921545,30.18344536,Rwanda,Gicumbi
8.0,unknown,Protected Well,unknown,Gicumbi,1,0.2297284038152635,23.0,-1.468175756,29.99884525,Rwanda,Gicumbi
8.0,unknown,Protected Well,unknown,Gicumbi,1,0.2297284038152635,23.0,-1.73848,30.172755,Rwanda,Gicumbi
66.0,unknown,Protected Well,unknown,Rulindo,1,0.008937167408904712,0.9,-1.623226111111111,29.95009222222222,Rwanda,Rulindo
8.0,unknown,Protected Well,unknown,Kicukiro,1,0.4930239632249813,49.3,-1.977531951,30.07965816,Rwanda,Kicukiro
8.0,unknown,Protected Well,unknown,Gicumbi,1,0.2297284038152635,23.0,-1.737649058,30.17277111,Rwanda,Gicumbi
8.0,Public Tapstand,unknown,unknown,Gicumbi,1,0.6553695175834133,65.5,-1.429996401,30.0106268,Rwanda,Gicumbi
10.0,Hand Pump,Sand or Sub-surface Dam,No Management,Rulindo,1,0.65410680759959,65.4,-1.6231091666666666,29.96514361111111,Rwanda,Rulindo
5.0,Public Tapstand,Protected Well,unknown,Gicumbi,1,0.07707408005917082,7.7,-1.7398760200000143,30.17902540000001,Rwanda,Gicumbi
18.0,Public Tapstand,Piped Water,unknown,Kicukiro,1,0.7970108663271563,79.7,-1.9795683333333334,30.093758333333334,Rwanda,Kicukiro
76.0,unknown,Protected Well,unknown,Rulindo,1,0.008937167408904712,0.9,-1.6208594444444444,29.952278333333332,Rwanda,Rulindo
8.0,Public Tapstand,Protected Well,unknown,Gicumbi,1,0.3107803640747633,31.1,-1.739642623,30.1959942,Rwanda,Gicumbi
8.0,unknown,Protected Well,unknown,Gicumbi,1,0.2297284038152635,23.0,-1.729464393,30.15031888,Rwanda,Gicumbi
5.0,Public Tapstand,unknown,unknown,Kicukiro,0,0.4091365696229732,40.9,-2.0118600300000127,30.086162900000005,Rwanda,Kicukiro
36.0,unknown,Protected Well,unknown,Rulindo,1,0.047816261762991585,4.8,-1.6220672584927904,29.96476596851764,Rwanda,Rulindo
14.0,Public Tapstand,Piped Water,unknown,Kicukiro,1,0.8482829083062919,84.8,-1.9650433333333335,30.072446666666664,Rwanda,Kicukiro
8.0,Hand Pump,Sand or Sub-surface Dam,Private Operator/Delegated Management,Gicumbi,1,0.008014484946845868,0.8,-1.6223754,29.9886942,Rwanda,Gicumbi
8.0,unknown,Protected Well,unknown,Gicumbi,1,0.2297284038152635,23.0,-1.726910587,30.19832116,Rwanda,Gicumbi
11.0,Hand Pump,Sand or Sub-surface Dam,Private Operator/Delegated Management,Rulindo,1,0.5450262229463113,54.5,-1.6180766666666666,29.962173333333332,Rwanda,Rulindo
8.0,unknown,Protected Well,unknown,Gicumbi,1,0.2297284038152635,23.0,-1.724517398,30.19481489,Rwanda,Gicumbi
36.0,unknown,Protected Well,Community Management,Rulindo,1,0.020746975998659822,2.1,-1.6167366666666667,29.953916666666668,Rwanda,Rulindo
76.0,unknown,Protected Well,unknown,Rulindo,1,0.008937167408904712,0.9,-1.6152055555555556,29.95795888888889,Rwanda,Rulindo
56.0,unknown,Protected Spring,Community Management,Rulindo,1,0.6842656137035519,68.4,-1.8346149999999999,30.044821666666667,Rwanda,Rulindo
5.0,unknown,Protected Well,unknown,Gicumbi,1,0.022444888892706905,2.2,-1.6158657999999948,29.965671400000016,Rwanda,Gicumbi
5.0,unknown,Protected Well,unknown,Gicumbi,1,0.022444888892706905,2.2,-1.6150759000000114,29.966691500000003,Rwanda,Gicumbi
8.0,unknown,Protected Well,unknown,Rulindo,1,0.3717300062976705,37.2,-1.826685143,30.03741248,Rwanda,Rulindo
8.0,Hand Pump,Sand or Sub-surface Dam,Private Operator/Delegated Management,Gicumbi,1,0.008014484946845868,0.8,-1.613358027777778,29.994407333333335,Rwanda,Gicumbi
5.0,unknown,Protected Well,unknown,Gicumbi,1,0.022444888892706905,2.2,-1.6104772999999983,29.961134500000014,Rwanda,Gicumbi
8.0,unknown,Protected Well,unknown,Gicumbi,1,0.2297284038152635,23.0,-1.610456118,29.99817626,Rwanda,Gicumbi
5.0,unknown,Protected Well,unknown,Gicumbi,1,0.022444888892706905,2.2,-1.7031602900000091,30.153664839999998,Rwanda,Gicumbi
8.0,Public Tapstand,Protected Well,unknown,Gicumbi,1,0.3107803640747633,31.1,-1.574513627,29.98674493,Rwanda,Gicumbi
48.0,unknown,Protected Well,unknown,Rulindo,1,0.012336329645811328,1.2,-1.8571394444444445,29.913611944444444,Rwanda,Rulindo
5.0,unknown,Protected Well,unknown,Gicumbi,1,0.022444888892706905,2.2,-1.551494507,29.98953105,Rwanda,Gicumbi
5.0,unknown,Protected Well,unknown,Gicumbi,1,0.022444888892706905,2.2,-1.550338593,29.98761489,Rwanda,Gicumbi
11.0,unknown,Protected Well,unknown,Rulindo,1,0.5274148456124939,52.7,-1.8070022222222222,30.08684,Rwanda,Rulindo
5.0,unknown,Protected Well,unknown,Gicumbi,1,0.022444888892706905,2.2,-1.550057899,29.99799737,Rwanda,Gicumbi
8.0,unknown,Protected Well,unknown,Gicumbi,1,0.2297284038152635,23.0,-1.546114247,29.99936357,Rwanda,Gicumbi
5.0,unknown,Protected Well,unknown,Rulindo,1,0.008564511579654988,0.9,-1.8636023999999964,29.986488600000012,Rwanda,Rulindo
8.0,unknown,Protected Well,unknown,Gicumbi,1,0.2297284038152635,23.0,-1.544179272,29.98178677,Rwanda,Gicumbi
8.0,unknown,Protected Well,unknown,Gicumbi,1,0.2297284038152635,23.0,-1.543939074,29.98750645,Rwanda,Gicumbi
5.0,Public Tapstand,unknown,unknown,Kicukiro,1,0.4091365696229732,40.9,-1.9983566000000161,30.1986184,Rwanda,Kicukiro
8.0,Public Tapstand,Protected Well,unknown,Gicumbi,1,0.3107803640747633,31.1,-1.493871908,29.99081619,Rwanda,Gicumbi
5.0,unknown,Protected Well,unknown,Gicumbi,1,0.022444888892706905,2.2,-1.4896775699999945,29.995357850000012,Rwanda,Gicumbi
12.0,Hand Pump,Sand or Sub-surface Dam,Private Operator/Delegated Management,Rulindo,1,0.7183694442361668,71.8,-1.665568611111111,30.01382027777778,Rwanda,Rulindo
8.0,Public Tapstand,unknown,unknown,Kicukiro,0,0.7232419717831573,72.3,-1.9941754,30.07598219,Rwanda,Kicukiro
8.0,unknown,Protected Well,unknown,Gicumbi,1,0.2297284038152635,23.0,-1.446138639,29.99926102,Rwanda,Gicumbi
5.0,Public Tapstand,unknown,unknown,Kicukiro,1,0.4091365696229732,40.9,-2.011393100000012,30.071693400000004,Rwanda,Kicukiro
26.0,unknown,Protected Well,unknown,Nyarugenge,1,0.0960555634330994,9.6,-1.9829426,30.0515376,Rwanda,Nyarugenge
5.0,unknown,Rainwater Harvesting,unknown,Kicukiro,1,0.41295597762197467,41.3,-1.9820975900000186,30.074165619999988,Rwanda,Kicukiro
19.0,unknown,Protected Well,unknown,Kicukiro,1,0.10930605764511692,10.9,-1.9760366666666664,30.096186666666668,Rwanda,Kicukiro
20.0,unknown,Protected Well,unknown,Kicukiro,1,0.1119248367860024,11.2,-1.9760050000000002,30.096134999999997,Rwanda,Kicukiro
31.0,unknown,Protected Well,Community Management,Kicukiro,1,0.04680155770113292,4.7,-1.9760900000000001,30.096578333333333,Rwanda,Kicukiro
8.0,Public Tapstand,unknown,unknown,Rulindo,1,0.6088340195620978,60.9,-1.82785748,30.00648685,Rwanda,Rulindo
26.0,unknown,Protected Well,unknown,Kicukiro,1,0.2617238415184274,26.2,-1.9736099999999999,30.08772333333333,Rwanda,Kicukiro
8.0,unknown,Protected Well,unknown,Kicukiro,1,0.4930239632249813,49.3,-1.974812953,30.09372991,Rwanda,Kicukiro
8.0,unknown,Protected Well,unknown,Kicukiro,1,0.4930239632249813,49.3,-1.96684,30.09706,Rwanda,Kicukiro
41.0,unknown,Protected Well,unknown,Kicukiro,1,0.03311966946186029,3.3,-1.9888486111111112,30.118838888888888,Rwanda,Kicukiro
16.0,unknown,Protected Spring,unknown,Kicukiro,1,0.20418784542633595,20.4,-1.9861733333333333,30.143605,Rwanda,Kicukiro
11.0,unknown,Rainwater Harvesting,unknown,Kicukiro,1,0.2969247923228121,29.7,-1.9804000000000002,30.11263666666667,Rwanda,Kicukiro
8.0,unknown,Protected Well,unknown,Gicumbi,1,0.2297284038152635,23.0,-1.676445877,30.06130296,Rwanda,Gicumbi
44.0,unknown,Protected Well,unknown,Rulindo,1,0.14916156994134644,14.9,-1.777405,29.9279,Rwanda,Rulindo
5.0,unknown,Protected Well,unknown,Gicumbi,1,0.022444888892706905,2.2,-1.6758124000000192,30.0932955,Rwanda,Gicumbi
8.0,unknown,Protected Well,unknown,Rulindo,1,0.3717300062976705,37.2,-1.765728925,29.92045211,Rwanda,Rulindo
5.0,unknown,Protected Well,unknown,Gicumbi,1,0.022444888892706905,2.2,-1.758074200000006,30.095737,Rwanda,Gicumbi
5.0,unknown,Protected Well,unknown,Kicukiro,1,0.006221467699414784,0.6,-1.9668763400000033,30.112514700000013,Rwanda,Kicukiro
13.0,Hand Pump - Afridev,Borehole/Tubewell,unknown,Gasabo,1,0.002775163749691223,0.3,-1.946683333,30.13783333,Rwanda,Gasabo
8.0,unknown,Borehole/Tubewell,unknown,Gasabo,1,0.4513455680575369,45.1,-1.911569,30.2252777,Rwanda,Gasabo
8.0,unknown,Borehole/Tubewell,unknown,Rwamagana,1,0.4335502829264276,43.4,-1.90574,30.327365,Rwanda,Rwamagana
5.0,Public Tapstand,unknown,unknown,Kicukiro,0,0.4091365696229732,40.9,-1.9670035000000137,30.119453999999987,Rwanda,Kicukiro
8.0,Public Tapstand,unknown,unknown,Rulindo,1,0.6088340195620978,60.9,-1.7922813,30.07522752,Rwanda,Rulindo
13.0,Hand Pump - Afridev,Borehole/Tubewell,unknown,Gasabo,1,0.002775163749691223,0.3,-1.87235,30.08316667,Rwanda,Gasabo
5.0,Public Tapstand,unknown,unknown,Rulindo,1,0.42941536887925813,42.9,-1.7776022000000085,30.062461099999997,Rwanda,Rulindo
8.0,unknown,Protected Well,unknown,Rulindo,1,0.3717300062976705,37.2,-1.82913687,30.03250212,Rwanda,Rulindo
8.0,unknown,Protected Well,unknown,Rulindo,1,0.3717300062976705,37.2,-1.7087791,29.91430172,Rwanda,Rulindo
8.0,Hand Pump,Sand or Sub-surface Dam,Private Operator/Delegated Management,Gicumbi,1,0.008014484946845868,0.8,-1.8192398611111111,30.237121277777778,Rwanda,Gicumbi
8.0,Public Tapstand,Protected Well,unknown,Gicumbi,1,0.3107803640747633,31.1,-1.80314883,30.20615134,Rwanda,Gicumbi
8.0,Hand Pump,Sand or Sub-surface Dam,Private Operator/Delegated Management,Gicumbi,1,0.008014484946845868,0.8,-1.80216346,30.25979874,Rwanda,Gicumbi
14.0,Motorized Pump,Borehole/Tubewell,unknown,Kayonza,1,0.2627435427332474,26.3,-1.813536,30.444464,Rwanda,Kayonza
8.0,Public Tapstand,unknown,unknown,Rulindo,1,0.6088340195620978,60.9,-1.71082317,29.91387329,Rwanda,Rulindo
8.0,Public Tapstand,unknown,unknown,Rulindo,1,0.6088340195620978,60.9,-1.700767759,30.03100517,Rwanda,Rulindo
5.0,Public Tapstand,unknown,unknown,Rulindo,0,0.42941536887925813,42.9,-1.7698833900000093,30.033738070000002,Rwanda,Rulindo
8.0,unknown,Protected Well,unknown,Rulindo,1,0.3717300062976705,37.2,-1.75940223,30.04776796,Rwanda,Rulindo
8.0,unknown,Protected Well,unknown,Gicumbi,1,0.2297284038152635,23.0,-1.642788558,30.08217235,Rwanda,Gicumbi
56.0,unknown,Protected Well,unknown,Rulindo,1,0.013513602916921497,1.4,-1.75216071,30.01400632,Rwanda,Rulindo
10.0,Hand Pump,Sand or Sub-surface Dam,Private Operator/Delegated Management,Rulindo,1,0.5114512860658506,51.1,-1.7922758333333333,30.07525888888889,Rwanda,Rulindo
5.0,unknown,Protected Well,unknown,Gicumbi,1,0.022444888892706905,2.2,-1.627840939999994,30.071800109999998,Rwanda,Gicumbi
8.0,Public Tapstand,unknown,unknown,Rulindo,1,0.6088340195620978,60.9,-1.685508517,30.01593663,Rwanda,Rulindo
39.0,unknown,Protected Well,unknown,Rulindo,1,0.2844155712083617,28.4,-1.6734190000142312,29.886976004512323,Rwanda,Rulindo
8.0,unknown,Protected Well,unknown,Gicumbi,1,0.2297284038152635,23.0,-1.600962517,30.06403574,Rwanda,Gicumbi
8.0,Public Tapstand,unknown,unknown,Rulindo,1,0.6088340195620978,60.9,-1.68583342,29.93882259,Rwanda,Rulindo
5.0,Public Tapstand,unknown,unknown,Gicumbi,0,0.5911085120721807,59.1,-1.6775674999999972,30.17994629999999,Rwanda,Gicumbi
8.0,unknown,Protected Well,unknown,Gicumbi,1,0.2297284038152635,23.0,-1.635006667,30.13517667,Rwanda,Gicumbi
8.0,Public Tapstand,Protected Well,unknown,Gicumbi,1,0.3107803640747633,31.1,-1.62515248,30.10895949,Rwanda,Gicumbi
8.0,unknown,Protected Well,unknown,Gicumbi,1,0.2297284038152635,23.0,-1.609443686,30.10488559,Rwanda,Gicumbi
8.0,Public Tapstand,unknown,unknown,Rulindo,1,0.6088340195620978,60.9,-1.65414746,29.91066008,Rwanda,Rulindo
8.0,Public Tapstand,unknown,unknown,Rulindo,1,0.6088340195620978,60.9,-1.648246288,30.03539299,Rwanda,Rulindo
8.0,unknown,Protected Well,unknown,Rulindo,1,0.3717300062976705,37.2,-1.667423986,29.92135314,Rwanda,Rulindo
8.0,Hand Pump,Sand or Sub-surface Dam,Private Operator/Delegated Management,Gicumbi,1,0.008014484946845868,0.8,-1.77080024,30.17682924,Rwanda,Gicumbi
8.0,unknown,Protected Well,unknown,Gicumbi,1,0.2297284038152635,23.0,-1.768888333,30.166195,Rwanda,Gicumbi
8.0,unknown,Protected Well,unknown,Gicumbi,1,0.2297284038152635,23.0,-1.767636829,30.16581519,Rwanda,Gicumbi
8.0,unknown,Protected Well,unknown,Gicumbi,1,0.2297284038152635,23.0,-1.752125255,30.19684956,Rwanda,Gicumbi
5.0,unknown,Protected Well,unknown,Gicumbi,1,0.022444888892706905,2.2,-1.7521208999999975,30.197242799999998,Rwanda,Gicumbi
8.0,Hand Pump,Sand or Sub-surface Dam,Private Operator/Delegated Management,Gicumbi,1,0.008014484946845868,0.8,-1.7955318888888887,30.2090975,Rwanda,Gicumbi
8.0,Public Tapstand,unknown,unknown,Rulindo,1,0.6088340195620978,60.9,-1.66415394,29.96195886,Rwanda,Rulindo
8.0,Public Tapstand,unknown,unknown,Gicumbi,1,0.6553695175834133,65.5,-1.615611867,30.01804551,Rwanda,Gicumbi
8.0,unknown,Protected Well,unknown,Gicumbi,1,0.2297284038152635,23.0,-1.640287701,30.172148,Rwanda,Gicumbi
8.0,unknown,Protected Well,unknown,Rulindo,1,0.3717300062976705,37.2,-1.656438039,29.93761597,Rwanda,Rulindo
8.0,unknown,Protected Well,unknown,Gicumbi,1,0.2297284038152635,23.0,-1.786261667,30.21121167,Rwanda,Gicumbi
5.0,Public Tapstand,unknown,unknown,Gicumbi,0,0.5911085120721807,59.1,-1.4743914400000022,30.043527709999996,Rwanda,Gicumbi
8.0,Hand Pump,Sand or Sub-surface Dam,Private Operator/Delegated Management,Gicumbi,1,0.008014484946845868,0.8,-1.76273715,30.20724263,Rwanda,Gicumbi
8.0,unknown,Protected Well,unknown,Gicumbi,1,0.2297284038152635,23.0,-1.761430378,30.20838744,Rwanda,Gicumbi
8.0,unknown,Protected Well,unknown,Gicumbi,1,0.2297284038152635,23.0,-1.758971667,30.20676,Rwanda,Gicumbi
5.0,Public Tapstand,unknown,unknown,Gicumbi,1,0.5911085120721807,59.1,-1.6395015000000006,30.195775100000006,Rwanda,Gicumbi
8.0,Public Tapstand,unknown,unknown,Gicumbi,1,0.6553695175834133,65.5,-1.590704557,30.0167507,Rwanda,Gicumbi
41.0,unknown,Protected Well,unknown,Rulindo,1,0.480605676764294,48.1,-1.7289219444444446,30.032376666666664,Rwanda,Rulindo
23.0,unknown,Protected Well,unknown,Rulindo,1,0.1487144157836966,14.9,-1.7139238888888888,30.02452138888889,Rwanda,Rulindo
5.0,unknown,Protected Well,unknown,Rulindo,1,0.008564511579654988,0.9,-1.6661500000000162,29.951181199999997,Rwanda,Rulindo
46.0,unknown,Protected Well,unknown,Rulindo,1,0.012336329645811328,1.2,-1.710691666666667,30.032424999999996,Rwanda,Rulindo
5.0,unknown,Protected Well,unknown,Rulindo,1,0.008564511579654988,0.9,-1.7100835000000074,30.036353800000004,Rwanda,Rulindo
8.0,Public Tapstand,unknown,unknown,Gicumbi,1,0.6553695175834133,65.5,-1.58961606,30.07568039,Rwanda,Gicumbi
8.0,unknown,Protected Well,unknown,Gicumbi,1,0.2297284038152635,23.0,-1.582195728,30.02459499,Rwanda,Gicumbi
8.0,unknown,Protected Well,unknown,Gicumbi,1,0.2297284038152635,23.0,-1.743730932,30.09492337,Rwanda,Gicumbi
8.0,Public Tapstand,unknown,unknown,Rulindo,1,0.6088340195620978,60.9,-1.634263634,29.9637583,Rwanda,Rulindo
8.0,Public Tapstand,unknown,unknown,Gicumbi,1,0.6553695175834133,65.5,-1.566845168,30.10900868,Rwanda,Gicumbi
5.0,Public Tapstand,Protected Well,unknown,Gicumbi,1,0.07707408005917082,7.7,-1.7131764999999985,30.090306199999997,Rwanda,Gicumbi
8.0,unknown,Protected Well,unknown,Gicumbi,1,0.2297284038152635,23.0,-1.673996476,30.20616806,Rwanda,Gicumbi
5.0,Public Tapstand,Protected Well,unknown,Gicumbi,1,0.07707408005917082,7.7,-1.7118900000000132,30.087049999999994,Rwanda,Gicumbi
8.0,Public Tapstand,unknown,unknown,Gicumbi,1,0.6553695175834133,65.5,-1.594077448,29.95395037,Rwanda,Gicumbi
5.0,Public Tapstand,unknown,unknown,Gicumbi,1,0.5911085120721807,59.1,-1.5901418400000131,30.153275599999994,Rwanda,Gicumbi
36.0,unknown,Protected Well,unknown,Rulindo,1,0.047816261762991585,4.8,-1.7074552777777778,30.056606666666667,Rwanda,Rulindo
8.0,unknown,Protected Well,unknown,Gicumbi,1,0.2297284038152635,23.0,-1.56428236,30.02476788,Rwanda,Gicumbi
5.0,unknown,Protected Well,unknown,Rulindo,1,0.008564511579654988,0.9,-1.7023085200000168,30.07171649,Rwanda,Rulindo
5.0,unknown,Protected Well,unknown,Gicumbi,1,0.022444888892706905,2.2,-1.7093841000000003,30.127857399999993,Rwanda,Gicumbi
8.0,Public Tapstand,Protected Well,unknown,Gicumbi,1,0.3107803640747633,31.1,-1.70928449,30.13501954,Rwanda,Gicumbi
5.0,unknown,Protected Well,unknown,Gicumbi,1,0.022444888892706905,2.2,-1.7080473100000093,30.144357889999995,Rwanda,Gicumbi
12.0,Hand Pump - Afridev,Borehole/Tubewell,unknown,Ruhango,1,0.0014013613974951378,0.1,-2.2424,29.76546667,Rwanda,Ruhango
5.0,unknown,Protected Well,unknown,Rulindo,1,0.008564511579654988,0.9,-1.6233127000000158,29.9142196,Rwanda,Rulindo
5.0,unknown,Protected Well,unknown,Gicumbi,1,0.022444888892706905,2.2,-1.7066137999999953,30.12948469999999,Rwanda,Gicumbi
5.0,Public Tapstand,Protected Well,unknown,Gicumbi,1,0.07707408005917082,7.7,-1.7052620000000138,30.132399299999996,Rwanda,Gicumbi
5.0,unknown,Protected Well,unknown,Gicumbi,1,0.022444888892706905,2.2,-1.7054339000000092,30.133804699999992,Rwanda,Gicumbi
8.0,unknown,Protected Well,unknown,Rulindo,1,0.3717300062976705,37.2,-1.612709836,29.94552706,Rwanda,Rulindo
8.0,unknown,Protected Well,unknown,Gicumbi,1,0.2297284038152635,23.0,-1.707064533,30.17899297,Rwanda,Gicumbi
11.0,unknown,Protected Well,unknown,Ruhango,1,0.13895593712574172,13.9,-2.2005833,29.7589333,Rwanda,Ruhango
5.0,unknown,Protected Well,unknown,Gicumbi,1,0.022444888892706905,2.2,-1.7026127000000166,30.189831500000007,Rwanda,Gicumbi
8.0,Public Tapstand,unknown,unknown,Gicumbi,1,0.6553695175834133,65.5,-1.43315337,30.02361088,Rwanda,Gicumbi
44.0,Kiosk,Piped Water,unknown,Kicukiro,1,0.2262695369016593,22.6,-1.966995,30.074088333333332,Rwanda,Kicukiro
8.0,unknown,Protected Well,unknown,Rulindo,1,0.3717300062976705,37.2,-1.669110705,30.03503305,Rwanda,Rulindo
8.0,unknown,Protected Well,unknown,Gicumbi,1,0.2297284038152635,23.0,-1.548868333,30.01348,Rwanda,Gicumbi
8.0,Public Tapstand,unknown,unknown,Kicukiro,0,0.7232419717831573,72.3,-2.018438947,30.12466999,Rwanda,Kicukiro
8.0,unknown,Protected Well,unknown,Burera,1,0.026333864879949043,2.6,-1.516843333,29.98759333,Rwanda,Burera
6.0,unknown,Borehole/Tubewell,unknown,Ruhango,1,0.4164175432483329,41.6,-2.11432,29.72616,Rwanda,Ruhango
8.0,unknown,Protected Well,unknown,Gicumbi,1,0.2297284038152635,23.0,-1.546370821,30.13649407,Rwanda,Gicumbi
5.0,Public Tapstand,unknown,unknown,Rulindo,0,0.42941536887925813,42.9,-1.8383524149021218,29.993984760296325,Rwanda,Rulindo
5.0,unknown,Protected Well,unknown,Gicumbi,1,0.022444888892706905,2.2,-1.6761691000000123,30.113705599999985,Rwanda,Gicumbi
8.0,unknown,Protected Well,unknown,Kicukiro,1,0.4930239632249813,49.3,-1.965997775,30.09054735,Rwanda,Kicukiro
5.0,unknown,Protected Well,unknown,Gicumbi,1,0.022444888892706905,2.2,-1.6638513000000033,30.10632140000001,Rwanda,Gicumbi
8.0,Public Tapstand,unknown,unknown,Rulindo,0,0.6088340195620978,60.9,-1.71073092,29.92122759,Rwanda,Rulindo
8.0,unknown,Protected Well,unknown,Gicumbi,1,0.2297284038152635,23.0,-1.65652,30.12016667,Rwanda,Gicumbi
8.0,unknown,Protected Well,unknown,Gicumbi,1,0.2297284038152635,23.0,-1.501265,30.112155,Rwanda,Gicumbi
5.0,Public Tapstand,unknown,unknown,Kicukiro,1,0.4091365696229732,40.9,-1.9753132000000035,30.167718199999978,Rwanda,Kicukiro
8.0,unknown,Protected Well,unknown,Gicumbi,1,0.2297284038152635,23.0,-1.686678183,30.16858687,Rwanda,Gicumbi
13.0,Hand Pump - Afridev,Borehole/Tubewell,unknown,Rwamagana,1,0.0023199624677457953,0.2,-1.968483333,30.29516667,Rwanda,Rwamagana
8.0,unknown,Protected Well,unknown,Gicumbi,1,0.2297284038152635,23.0,-1.674382465,30.15302074,Rwanda,Gicumbi
8.0,unknown,Protected Well,unknown,Gicumbi,1,0.2297284038152635,23.0,-1.474053058,30.03909423,Rwanda,Gicumbi
8.0,unknown,Protected Well,unknown,Gicumbi,1,0.2297284038152635,23.0,-1.47104955,30.00978595,Rwanda,Gicumbi
14.0,Public Tapstand,Piped Water,unknown,Kicukiro,1,0.8482829083062919,84.8,-1.990280818775953,30.228775646573563,Rwanda,Kicukiro
8.0,unknown,Protected Well,unknown,Gicumbi,1,0.2297284038152635,23.0,-1.694663333,30.224815,Rwanda,Gicumbi
8.0,unknown,Protected Well,unknown,Gicumbi,1,0.2297284038152635,23.0,-1.6936,30.225555,Rwanda,Gicumbi
5.0,unknown,Protected Well,unknown,Gicumbi,1,0.022444888892706905,2.2,-1.6893770000000141,30.202675500000012,Rwanda,Gicumbi
8.0,unknown,Protected Well,unknown,Gicumbi,1,0.2297284038152635,23.0,-1.453817271,30.00127541,Rwanda,Gicumbi
13.0,Hand Pump - Afridev,Borehole/Tubewell,unknown,Nyarugenge,1,0.0003591531394124825,0.0,-2.0541,30.06846667,Rwanda,Nyarugenge
8.0,Public Tapstand,unknown,unknown,Rulindo,1,0.6088340195620978,60.9,-1.8092875,30.00796505,Rwanda,Rulindo
5.0,unknown,Protected Well,unknown,Gicumbi,1,0.022444888892706905,2.2,-1.6553409999999986,30.223701599999995,Rwanda,Gicumbi
8.0,unknown,Protected Well,unknown,Rulindo,1,0.3717300062976705,37.2,-1.631464136,30.04576209,Rwanda,Rulindo
8.0,unknown,Protected Well,unknown,Rulindo,1,0.3717300062976705,37.2,-1.62111382,30.01839889,Rwanda,Rulindo
8.0,unknown,Protected Well,unknown,Gicumbi,1,0.2297284038152635,23.0,-1.64712308,30.0864022,Rwanda,Gicumbi
8.0,unknown,Protected Well,unknown,Rulindo,1,0.3717300062976705,37.2,-1.835389519,29.91508829,Rwanda,Rulindo
8.0,unknown,Protected Well,unknown,Rulindo,1,0.3717300062976705,37.2,-1.78811074,30.03087445,Rwanda,Rulindo
8.0,unknown,Protected Well,unknown,Gicumbi,1,0.2297284038152635,23.0,-1.627708908,30.07172517,Rwanda,Gicumbi
5.0,unknown,Protected Well,unknown,Gicumbi,1,0.022444888892706905,2.2,-1.6372478000000128,30.11921390000001,Rwanda,Gicumbi
8.0,unknown,Protected Well,unknown,Gicumbi,1,0.2297284038152635,23.0,-1.636624574,30.12255846,Rwanda,Gicumbi
8.0,Public Tapstand,unknown,unknown,Kicukiro,0,0.7232419717831573,72.3,-1.959997055,30.13632336,Rwanda,Kicukiro
8.0,unknown,Protected Well,unknown,Rulindo,1,0.3717300062976705,37.2,-1.77157395,29.93105123,Rwanda,Rulindo
8.0,Public Tapstand,unknown,unknown,Kicukiro,0,0.7232419717831573,72.3,-1.985090729,30.15658394,Rwanda,Kicukiro
8.0,unknown,Protected Well,unknown,Gicumbi,1,0.2297284038152635,23.0,-1.646751311,30.20306646,Rwanda,Gicumbi
5.0,unknown,Protected Well,unknown,Gicumbi,1,0.022444888892706905,2.2,-1.6465692000000032,30.203322300000004,Rwanda,Gicumbi
8.0,Public Tapstand,unknown,unknown,Kicukiro,0,0.7232419717831573,72.3,-1.99464026,30.22626719,Rwanda,Kicukiro
8.0,unknown,Protected Well,unknown,Gicumbi,1,0.2297284038152635,23.0,-1.583382278,30.03990591,Rwanda,Gicumbi
8.0,unknown,Protected Well,unknown,Gicumbi,1,0.2297284038152635,23.0,-1.582065316,30.0118943,Rwanda,Gicumbi
8.0,Public Tapstand,unknown,unknown,Rulindo,0,0.6088340195620978,60.9,-1.841593353,30.02783348,Rwanda,Rulindo
6.0,Public Tapstand,Piped Water,unknown,Nyamagabe,1,0.030795532870759756,3.1,-2.432178,29.588362,Rwanda,Nyamagabe
8.0,unknown,Protected Well,unknown,Rulindo,1,0.3717300062976705,37.2,-1.7669122,29.98253125,Rwanda,Rulindo
8.0,Public Tapstand,unknown,unknown,Rulindo,0,0.6088340195620978,60.9,-1.81732739,30.04987079,Rwanda,Rulindo
8.0,Public Tapstand,unknown,unknown,Gicumbi,1,0.6553695175834133,65.5,-1.742320491,30.12860495,Rwanda,Gicumbi
5.0,unknown,Protected Well,unknown,Rulindo,1,0.008564511579654988,0.9,-1.759458500000014,29.965812499999988,Rwanda,Rulindo
8.0,unknown,Protected Well,unknown,Gicumbi,1,0.2297284038152635,23.0,-1.569021235,30.01851812,Rwanda,Gicumbi
5.0,Public Tapstand,unknown,unknown,Gicumbi,0,0.5911085120721807,59.1,-1.8394322999999995,30.222997099999994,Rwanda,Gicumbi
8.0,unknown,Protected Well,unknown,Rulindo,0,0.3717300062976705,37.2,-1.783585,29.937538333333336,Rwanda,Rulindo
5.0,Public Tapstand,unknown,unknown,Gicumbi,1,0.5911085120721807,59.1,-1.742381700000004,30.22786239999999,Rwanda,Gicumbi
5.0,Public Tapstand,unknown,unknown,Gicumbi,0,0.5911085120721807,59.1,-1.8148740500000111,30.257825139999998,Rwanda,Gicumbi
8.0,Public Tapstand,unknown,unknown,Gicumbi,0,0.6553695175834133,65.5,-1.762835005,30.14934104,Rwanda,Gicumbi
8.0,unknown,Protected Well,unknown,Gicumbi,1,0.2297284038152635,23.0,-1.567307422,30.05384681,Rwanda,Gicumbi
8.0,unknown,Protected Well,unknown,Rulindo,1,0.3717300062976705,37.2,-1.731040751,29.92513575,Rwanda,Rulindo
5.0,Public Tapstand,unknown,unknown,Kicukiro,1,0.4091365696229732,40.9,-2.0103081999999945,30.212119200000007,Rwanda,Kicukiro
8.0,unknown,Protected Well,unknown,Gicumbi,1,0.2297284038152635,23.0,-1.711913691,30.08679923,Rwanda,Gicumbi
8.0,unknown,Protected Well,unknown,Gicumbi,1,0.2297284038152635,23.0,-1.555704118,30.07593382,Rwanda,Gicumbi
5.0,Public Tapstand,unknown,unknown,Rulindo,1,0.42941536887925813,42.9,-1.8915924999999962,29.973846699999996,Rwanda,Rulindo
5.0,Public Tapstand,unknown,unknown,Rulindo,1,0.42941536887925813,42.9,-1.863551800000015,29.980227900000006,Rwanda,Rulindo
8.0,Public Tapstand,unknown,unknown,Gicumbi,0,0.6553695175834133,65.5,-1.695707918,30.16076163,Rwanda,Gicumbi
5.0,Public Tapstand,unknown,unknown,Gicumbi,1,0.5911085120721807,59.1,-1.6290724000000119,30.0017732,Rwanda,Gicumbi
5.0,Public Tapstand,unknown,unknown,Gicumbi,0,0.5911085120721807,59.1,-1.679660600000014,30.229644300000015,Rwanda,Gicumbi
5.0,Public Tapstand,unknown,unknown,Gicumbi,1,0.5911085120721807,59.1,-1.613234760000007,30.004496709999987,Rwanda,Gicumbi
8.0,unknown,Protected Well,unknown,Gicumbi,1,0.2297284038152635,23.0,-1.586056568,30.15136924,Rwanda,Gicumbi
8.0,Public Tapstand,unknown,unknown,Gicumbi,0,0.6553695175834133,65.5,-1.608922108,30.12419922,Rwanda,Gicumbi
8.0,unknown,Protected Well,unknown,Gicumbi,1,0.2297284038152635,23.0,-1.52778609,30.02131486,Rwanda,Gicumbi
8.0,unknown,Protected Well,unknown,Gicumbi,1,0.2297284038152635,23.0,-1.527592546,30.02673935,Rwanda,Gicumbi
8.0,Public Tapstand,Protected Well,unknown,Gicumbi,1,0.3107803640747633,31.1,-1.525110812,30.0247708,Rwanda,Gicumbi
5.0,Public Tapstand,unknown,unknown,Gicumbi,1,0.5911085120721807,59.1,-1.6210282000000031,30.150329200000005,Rwanda,Gicumbi
8.0,unknown,Protected Well,unknown,Rulindo,1,0.3717300062976705,37.2,-1.696272558,30.02453529,Rwanda,Rulindo
8.0,unknown,Protected Well,unknown,Gicumbi,1,0.2297284038152635,23.0,-1.501462128,30.02306797,Rwanda,Gicumbi
8.0,Public Tapstand,unknown,unknown,Gicumbi,1,0.6553695175834133,65.5,-1.580296686,30.06968584,Rwanda,Gicumbi
8.0,unknown,Protected Well,unknown,Gicumbi,0,0.2297284038152635,23.0,-1.466194628,30.06109358,Rwanda,Gicumbi
5.0,unknown,Rainwater Harvesting,unknown,Nyamagabe,1,0.006460308038740203,0.6,-2.479886000000006,29.536337999999994,Rwanda,Nyamagabe
8.0,unknown,Protected Well,unknown,Rulindo,1,0.3717300062976705,37.2,-1.683714392,29.94217982,Rwanda,Rulindo
8.0,Public Tapstand,unknown,unknown,Gicumbi,1,0.6553695175834133,65.5,-1.563571759,30.10891752,Rwanda,Gicumbi
14.0,unknown,Protected Well,unknown,Rulindo,1,0.10121371872576501,10.1,-1.680170000000,29.936963333333,Rwanda,Rulindo
8.0,unknown,Protected Well,unknown,Rulindo,1,0.3717300062976705,37.2,-1.67648327,29.90707669,Rwanda,Rulindo
8.0,unknown,Protected Well,unknown,Gicumbi,1,0.2297284038152635,23.0,-1.660828333,30.06285667,Rwanda,Gicumbi
8.0,Public Tapstand,unknown,unknown,Rulindo,1,0.6088340195620978,60.9,-1.70787332,29.95806226,Rwanda,Rulindo
8.0,unknown,Protected Well,unknown,Gicumbi,1,0.2297284038152635,23.0,-1.678545891,30.13962392,Rwanda,Gicumbi
8.0,unknown,Protected Well,unknown,Gicumbi,1,0.2297284038152635,23.0,-1.479751435,30.02048743,Rwanda,Gicumbi
8.0,Public Tapstand,unknown,unknown,Gicumbi,1,0.6553695175834133,65.5,-1.504895424,30.02780627,Rwanda,Gicumbi
8.0,Public Tapstand,unknown,unknown,Gicumbi,1,0.6553695175834133,65.5,-1.487975787,30.02465403,Rwanda,Gicumbi
8.0,Public Tapstand,unknown,unknown,Gicumbi,1,0.6553695175834133,65.5,-1.488341892,30.02890199,Rwanda,Gicumbi
10.0,unknown,Borehole/Tubewell,unknown,Ruhango,1,0.5081032045294142,50.8,-2.240083,29.7772,Rwanda,Ruhango
8.0,unknown,Protected Well,unknown,Gicumbi,1,0.2297284038152635,23.0,-1.498012129,30.09128685,Rwanda,Gicumbi
8.0,unknown,Protected Well,unknown,Gicumbi,1,0.2297284038152635,23.0,-1.490134512,30.06179435,Rwanda,Gicumbi
8.0,unknown,Protected Well,unknown,Gicumbi,1,0.2297284038152635,23.0,-1.465902035,30.05337648,Rwanda,Gicumbi
5.0,unknown,Protected Well,unknown,Gicumbi,1,0.022444888892706905,2.2,-1.4667650500000167,30.057792530000008,Rwanda,Gicumbi
5.0,Public Tapstand,unknown,unknown,Gicumbi,1,0.5911085120721807,59.1,-1.4019659700000182,30.056747769999998,Rwanda,Gicumbi
5.0,Public Tapstand,unknown,unknown,Rulindo,1,0.42941536887925813,42.9,-1.651388100000002,29.901316900000012,Rwanda,Rulindo
8.0,Public Tapstand,unknown,unknown,Rulindo,1,0.6088340195620978,60.9,-1.65035675,29.92717449,Rwanda,Rulindo
8.0,unknown,Protected Well,unknown,Rulindo,1,0.3717300062976705,37.2,-1.656217853,29.98996164,Rwanda,Rulindo
8.0,unknown,Protected Well,unknown,Gicumbi,1,0.2297284038152635,23.0,-1.453259687,30.09469102,Rwanda,Gicumbi
8.0,Public Tapstand,unknown,unknown,Rulindo,1,0.6088340195620978,60.9,-1.671922946,29.98081942,Rwanda,Rulindo
8.0,unknown,Protected Well,unknown,Gicumbi,1,0.2297284038152635,23.0,-1.496438099,30.11835474,Rwanda,Gicumbi
8.0,Public Tapstand,unknown,unknown,Kicukiro,0,0.7232419717831573,72.3,-2.019334898,30.12288593,Rwanda,Kicukiro
5.0,unknown,Protected Well,unknown,Gicumbi,1,0.022444888892706905,2.2,-1.486393499999998,30.11323710000001,Rwanda,Gicumbi
8.0,unknown,Protected Well,unknown,Gicumbi,1,0.2297284038152635,23.0,-1.440791292,30.00141898,Rwanda,Gicumbi
8.0,Public Tapstand,unknown,unknown,Kicukiro,0,0.7232419717831573,72.3,-2.04833255,30.20240182,Rwanda,Kicukiro
8.0,Public Tapstand,unknown,unknown,Rulindo,1,0.6088340195620978,60.9,-1.634310725,29.88414106,Rwanda,Rulindo
12.0,Hand Pump,Sand or Sub-surface Dam,Private Operator/Delegated Management,Rulindo,1,0.7183694442361668,71.8,-1.6173616666666666,30.02415583333333,Rwanda,Rulindo
8.0,Public Tapstand,unknown,unknown,Rulindo,1,0.6088340195620978,60.9,-1.610486231,29.88133691,Rwanda,Rulindo
8.0,unknown,Protected Well,unknown,Gicumbi,1,0.2297284038152635,23.0,-1.429141216,30.00982701,Rwanda,Gicumbi
8.0,unknown,Protected Well,unknown,Gicumbi,1,0.2297284038152635,23.0,-1.419370306,30.01591881,Rwanda,Gicumbi
8.0,Public Tapstand,unknown,unknown,Rulindo,1,0.6088340195620978,60.9,-1.624986432,29.94724035,Rwanda,Rulindo
8.0,unknown,Protected Spring,unknown,Nyaruguru,0,0.9113029077727803,91.1,-2.603222,29.536806,Rwanda,Nyaruguru
8.0,Public Tapstand,unknown,unknown,Rulindo,0,0.6088340195620978,60.9,-1.65910833,29.89618544,Rwanda,Rulindo
8.0,unknown,Protected Well,unknown,Rulindo,1,0.3717300062976705,37.2,-1.612171384,29.92033529,Rwanda,Rulindo
8.0,Public Tapstand,unknown,unknown,Rulindo,0,0.6088340195620978,60.9,-1.65448142,29.90488743,Rwanda,Rulindo
7.0,unknown,Borehole/Tubewell,unknown,Ruhango,0,0.48717735444785215,48.7,-2.20901,29.90122,Rwanda,Ruhango
8.0,Public Tapstand,unknown,unknown,Gicumbi,1,0.6553695175834133,65.5,-1.526216038,29.98057844,Rwanda,Gicumbi
8.0,unknown,Protected Well,unknown,Gicumbi,1,0.2297284038152635,23.0,-1.616323584,29.9653272,Rwanda,Gicumbi
8.0,Public Tapstand,unknown,unknown,Gicumbi,0,0.6553695175834133,65.5,-1.554615765,29.98976955,Rwanda,Gicumbi
8.0,Public Tapstand,unknown,unknown,Gicumbi,1,0.6553695175834133,65.5,-1.459904806,29.99742849,Rwanda,Gicumbi
8.0,unknown,Protected Well,unknown,Gicumbi,1,0.2297284038152635,23.0,-1.615671267,30.16288995,Rwanda,Gicumbi
8.0,unknown,Borehole/Tubewell,unknown,Kamonyi,0,0.07854950399128657,7.9,-2.108626,29.942088,Rwanda,Kamonyi
14.0,unknown,Protected Spring,unknown,Karongi,0,0.9968591729922588,99.7,-2.0605,29.468722,Rwanda,Karongi
12.0,Hand Pump - India Mark,Borehole/Tubewell,unknown,Bugesera,0,0.4222499478810636,42.2,-2.069,30.186,Rwanda,Bugesera
12.0,unknown,Rainwater Harvesting,Private Operator/Delegated Management,Kicukiro,0,0.6453985327551889,64.5,-2.037565,30.09250833333333,Rwanda,Kicukiro
18.0,Public Tapstand,Piped Water,unknown,Kicukiro,1,0.7970108663271563,79.7,-1.9794599999999998,30.09325666666667,Rwanda,Kicukiro
33.0,unknown,Protected Well,unknown,Rulindo,0,0.039646258443852944,4.0,-1.7184633333333332,29.934143333333335,Rwanda,Rulindo
8.0,Public Tapstand,unknown,unknown,Kicukiro,1,0.7232419717831573,72.3,-1.973408787,30.07109261,Rwanda,Kicukiro
14.0,Public Tapstand,Piped Water,unknown,Kicukiro,0,0.8482829083062919,84.8,-1.9748949999999998,30.077488333333335,Rwanda,Kicukiro
8.0,unknown,Protected Well,unknown,Gicumbi,0,0.2297284038152635,23.0,-1.601745586,29.98908142,Rwanda,Gicumbi
8.0,unknown,Protected Well,unknown,Kicukiro,0,0.4930239632249813,49.3,-1.99010302,30.14749316,Rwanda,Kicukiro
5.0,Public Tapstand,unknown,unknown,Kicukiro,1,0.4091365696229732,40.9,-1.9863760800000079,30.119871970000002,Rwanda,Kicukiro
8.0,unknown,Protected Well,unknown,Rulindo,1,0.3717300062976705,37.2,-1.842728939,29.9388627,Rwanda,Rulindo
8.0,unknown,Protected Well,unknown,Kicukiro,1,0.4930239632249813,49.3,-1.965996667,30.11379,Rwanda,Kicukiro
8.0,unknown,Protected Spring,unknown,Rulindo,0,0.9740045134100632,97.4,-1.79208,30.030853333333333,Rwanda,Rulindo
12.0,Hand Pump - India Mark,Borehole/Tubewell,unknown,Kayonza,1,0.003938411475170933,0.4,-1.898183333,30.50858333,Rwanda,Kayonza
8.0,Public Tapstand,unknown,unknown,Kicukiro,1,0.7232419717831573,72.3,-1.972173286,30.12048383,Rwanda,Kicukiro
8.0,Public Tapstand,Protected Well,unknown,Gicumbi,0,0.3107803640747633,31.1,-1.705927512,30.15926335,Rwanda,Gicumbi
8.0,unknown,Protected Well,unknown,Rulindo,1,0.3717300062976705,37.2,-1.83275854,29.96740033,Rwanda,Rulindo
8.0,unknown,Protected Well,unknown,Rulindo,0,0.3717300062976705,37.2,-1.6870916666666669,30.00858333333333,Rwanda,Rulindo
8.0,unknown,Protected Well,unknown,Rulindo,1,0.3717300062976705,37.2,-1.808363752,30.01057779,Rwanda,Rulindo
8.0,unknown,Protected Well,unknown,Gicumbi,1,0.2297284038152635,23.0,-1.511515,30.04836167,Rwanda,Gicumbi
8.0,unknown,Protected Well,unknown,Gicumbi,1,0.2297284038152635,23.0,-1.511484942,30.04903573,Rwanda,Gicumbi
8.0,unknown,Protected Well,unknown,Gicumbi,0,0.2297284038152635,23.0,-1.599442326,30.01557382,Rwanda,Gicumbi
8.0,unknown,Protected Well,unknown,Gicumbi,0,0.2297284038152635,23.0,-1.585844826,30.03056336,Rwanda,Gicumbi
8.0,unknown,Protected Well,unknown,Gicumbi,1,0.2297284038152635,23.0,-1.538415604,30.07365566,Rwanda,Gicumbi
8.0,Public Tapstand,unknown,unknown,Kicukiro,1,0.7232419717831573,72.3,-1.98759603,30.22735764,Rwanda,Kicukiro
8.0,unknown,Protected Well,unknown,Rulindo,1,0.3717300062976705,37.2,-1.77022778,29.96531869,Rwanda,Rulindo
8.0,unknown,Protected Well,unknown,Rulindo,1,0.3717300062976705,37.2,-1.77106704,29.99242424,Rwanda,Rulindo
8.0,Public Tapstand,unknown,unknown,Rulindo,0,0.6088340195620978,60.9,-1.7498893,30.0424684,Rwanda,Rulindo
8.0,unknown,Protected Well,unknown,Gicumbi,1,0.2297284038152635,23.0,-1.499429011,30.02045677,Rwanda,Gicumbi
5.0,Public Tapstand,unknown,unknown,Rulindo,1,0.42941536887925813,42.9,-1.8225085999999944,30.070326600000016,Rwanda,Rulindo
8.0,Public Tapstand,unknown,unknown,Gicumbi,0,0.6553695175834133,65.5,-1.748557641,30.2069043,Rwanda,Gicumbi
8.0,unknown,Protected Well,unknown,Rulindo,1,0.3717300062976705,37.2,-1.74209718,29.92517863,Rwanda,Rulindo
34.0,unknown,Protected Well,unknown,Rulindo,1,0.14135080463346295,14.1,-1.79816,30.069921666666666,Rwanda,Rulindo
8.0,unknown,Protected Well,unknown,Gicumbi,1,0.2297284038152635,23.0,-1.774580808,30.13797777,Rwanda,Gicumbi
8.0,Public Tapstand,unknown,unknown,Gicumbi,0,0.6553695175834133,65.5,-1.491350303,30.01020303,Rwanda,Gicumbi
8.0,Hand Pump,Sand or Sub-surface Dam,Private Operator/Delegated Management,Gicumbi,1,0.008014484946845868,0.8,-1.7702023333333332,30.25746277777778,Rwanda,Gicumbi
8.0,unknown,Protected Well,unknown,Rulindo,1,0.3717300062976705,37.2,-1.692274468,29.89760644,Rwanda,Rulindo
39.0,unknown,Protected Well,unknown,Rulindo,1,0.2844155712083617,28.4,-1.73168028,30.06744956,Rwanda,Rulindo
12.0,Hand Pump - Afridev,Borehole/Tubewell,unknown,Ruhango,1,0.0014013613974951378,0.1,-2.280566667,29.79206667,Rwanda,Ruhango
8.0,Public Tapstand,unknown,unknown,Rulindo,1,0.6088340195620978,60.9,-1.70085277,30.02871598,Rwanda,Rulindo
9.0,unknown,Borehole/Tubewell,unknown,Ruhango,1,0.07154885884147266,7.2,-2.214233,29.7368,Rwanda,Ruhango
8.0,unknown,Borehole/Tubewell,unknown,Kamonyi,0,0.07854950399128657,7.9,-2.105852,29.950967,Rwanda,Kamonyi
8.0,unknown,Protected Well,unknown,Kicukiro,0,0.4930239632249813,49.3,-2.030598217,30.19363036,Rwanda,Kicukiro
8.0,unknown,Protected Well,unknown,Rulindo,1,0.3717300062976705,37.2,-1.688923114,30.04913398,Rwanda,Rulindo
5.0,Public Tapstand,unknown,unknown,Gicumbi,1,0.5911085120721807,59.1,-1.6513347000000171,30.179225099999993,Rwanda,Gicumbi
5.0,unknown,Protected Well,unknown,Rulindo,1,0.008564511579654988,0.9,-1.6657239000000132,29.978388899999985,Rwanda,Rulindo
6.0,unknown,Borehole/Tubewell,unknown,Ruhango,1,0.4164175432483329,41.6,-2.16175,29.78457,Rwanda,Ruhango
12.0,unknown,Protected Spring,unknown,Gakenke,0,0.99,99.0,-1.6,29.763,Rwanda,Gakenke
8.0,unknown,Protected Well,unknown,Kicukiro,0,0.4930239632249813,49.3,-1.990019837,30.14728604,Rwanda,Kicukiro
12.0,Hand Pump - Afridev,Borehole/Tubewell,unknown,Ruhango,1,0.0014013613974951378,0.1,-2.159533333,29.85255,Rwanda,Ruhango
5.0,Public Tapstand,Protected Well,unknown,Gicumbi,1,0.07707408005917082,7.7,-1.6607851699999971,30.09664724000001,Rwanda,Gicumbi
8.0,Public Tapstand,unknown,unknown,Rulindo,1,0.6088340195620978,60.9,-1.900429133,29.97588752,Rwanda,Rulindo
8.0,unknown,Protected Well,unknown,Rulindo,1,0.3717300062976705,37.2,-1.61252035,29.87450452,Rwanda,Rulindo
8.0,Public Tapstand,unknown,unknown,Gicumbi,1,0.6553695175834133,65.5,-1.58231535,30.0668301,Rwanda,Gicumbi
5.0,Public Tapstand,unknown,unknown,Gicumbi,1,0.5911085120721807,59.1,-1.5800087044876174,30.081259466231256,Rwanda,Gicumbi
16.0,unknown,Protected Well,Community Management,Rulindo,1,0.01952480576701232,2.0,-1.60461,29.928828333333332,Rwanda,Rulindo
8.0,Public Tapstand,unknown,unknown,Rulindo,1,0.6088340195620978,60.9,-1.81298328,29.99524111,Rwanda,Rulindo
5.0,Public Tapstand,unknown,unknown,Gicumbi,1,0.5911085120721807,59.1,-1.556160180000018,30.134716630000003,Rwanda,Gicumbi
8.0,Public Tapstand,unknown,unknown,Gicumbi,1,0.6553695175834133,65.5,-1.530249165,30.05848402,Rwanda,Gicumbi
12.0,Hand Pump - India Mark,Borehole/Tubewell,unknown,Rutsiro,1,0.0030281615368471515,0.3,-1.9181,29.29975,Rwanda,Rutsiro
8.0,Public Tapstand,unknown,unknown,Gicumbi,1,0.6553695175834133,65.5,-1.5473433,30.16025635,Rwanda,Gicumbi
5.0,Public Tapstand,unknown,unknown,Rulindo,1,0.42941536887925813,42.9,-1.7106535000000094,29.9138242,Rwanda,Rulindo
8.0,unknown,Protected Well,unknown,Gicumbi,1,0.2297284038152635,23.0,-1.62402714,30.08102235,Rwanda,Gicumbi
5.0,unknown,Protected Well,unknown,Rulindo,1,0.008564511579654988,0.9,-1.8529495000000082,29.991031800000005,Rwanda,Rulindo
8.0,Public Tapstand,unknown,unknown,Gicumbi,1,0.6553695175834133,65.5,-1.41978492,30.01707924,Rwanda,Gicumbi
11.0,Hand Pump,Sand or Sub-surface Dam,Private Operator/Delegated Management,Rulindo,1,0.5450262229463113,54.5,-1.8488880555555558,29.916339444444443,Rwanda,Rulindo
8.0,Public Tapstand,unknown,unknown,Rulindo,1,0.6088340195620978,60.9,-1.715045013,29.98291242,Rwanda,Rulindo
8.0,unknown,Protected Well,unknown,Rulindo,1,0.3717300062976705,37.2,-1.840902015,29.92859188,Rwanda,Rulindo
8.0,unknown,Protected Well,unknown,Kicukiro,1,0.4930239632249813,49.3,-1.96282,30.07822,Rwanda,Kicukiro
8.0,unknown,Protected Well,unknown,Rulindo,1,0.3717300062976705,37.2,-1.81840407,29.96971228,Rwanda,Rulindo
5.0,unknown,Rainwater Harvesting,unknown,Kicukiro,1,0.41295597762197467,41.3,-1.9666418999999986,30.119308600000007,Rwanda,Kicukiro
8.0,Public Tapstand,unknown,unknown,Rulindo,0,0.6088340195620978,60.9,-1.838700002,29.94250816,Rwanda,Rulindo
13.0,Hand Pump - Afridev,Borehole/Tubewell,unknown,Rwamagana,1,0.0023199624677457953,0.2,-1.948183333,30.26926667,Rwanda,Rwamagana
8.0,Public Tapstand,unknown,unknown,Rulindo,1,0.6088340195620978,60.9,-1.65021754,29.91514431,Rwanda,Rulindo
28.0,unknown,Protected Well,unknown,Rulindo,1,0.08387280796021801,8.4,-1.779690119866402,29.9285064005892,Rwanda,Rulindo
8.0,unknown,Protected Well,unknown,Rulindo,1,0.3717300062976705,37.2,-1.75537824,29.93038771,Rwanda,Rulindo
8.0,Public Tapstand,unknown,unknown,Rulindo,0,0.6088340195620978,60.9,-1.6230256,29.86881498,Rwanda,Rulindo
8.0,unknown,Protected Well,unknown,Rulindo,1,0.3717300062976705,37.2,-1.774367222,29.97869376,Rwanda,Rulindo
8.0,Public Tapstand,unknown,unknown,Kicukiro,0,0.7232419717831573,72.3,-1.983655374,30.08648182,Rwanda,Kicukiro
29.0,unknown,Protected Well,Community Management,Rulindo,1,0.0125819441402929,1.3,-1.7444916666666668,29.922150000000002,Rwanda,Rulindo
12.0,Public Tapstand,Piped Water,unknown,Kicukiro,0,0.8388714808996548,83.9,-1.9857783333333336,30.14534833333333,Rwanda,Kicukiro
30.0,unknown,Protected Well,unknown,Rulindo,1,0.03848969929514989,3.8,-1.707799548001666,29.93049351688949,Rwanda,Rulindo
8.0,unknown,Protected Well,unknown,Gicumbi,1,0.2297284038152635,23.0,-1.519390268,30.02992658,Rwanda,Gicumbi
8.0,Public Tapstand,unknown,unknown,Kicukiro,1,0.7232419717831573,72.3,-1.983768577,30.09916831,Rwanda,Kicukiro
8.0,unknown,Protected Well,unknown,Gicumbi,1,0.2297284038152635,23.0,-1.795893208,30.19998429,Rwanda,Gicumbi
5.0,Public Tapstand,unknown,unknown,Kicukiro,1,0.4091365696229732,40.9,-1.9756960199999978,30.071405049999996,Rwanda,Kicukiro
8.0,Public Tapstand,unknown,unknown,Kicukiro,0,0.7232419717831573,72.3,-1.983800283,30.15584626,Rwanda,Kicukiro
8.0,unknown,Protected Well,unknown,Gicumbi,1,0.2297284038152635,23.0,-1.467810879,30.00101951,Rwanda,Gicumbi
8.0,unknown,Protected Well,unknown,Rulindo,1,0.3717300062976705,37.2,-1.67602461,29.92523629,Rwanda,Rulindo
8.0,unknown,Protected Well,unknown,Rulindo,1,0.3717300062976705,37.2,-1.67202321,29.94662667,Rwanda,Rulindo
5.0,unknown,Protected Well,unknown,Gicumbi,1,0.022444888892706905,2.2,-1.7329674000000126,30.090706399999995,Rwanda,Gicumbi
8.0,unknown,Protected Well,unknown,Gicumbi,1,0.2297284038152635,23.0,-1.448012957,30.02046134,Rwanda,Gicumbi
8.0,unknown,Protected Well,unknown,Rulindo,1,0.3717300062976705,37.2,-1.626408868,29.94575167,Rwanda,Rulindo
8.0,unknown,Protected Well,unknown,Gicumbi,1,0.2297284038152635,23.0,-1.690960478,30.11697898,Rwanda,Gicumbi
12.0,Hand Pump - Afridev,Borehole/Tubewell,unknown,Nyamagabe,1,0.0,0.0,-2.502333333,29.58841667,Rwanda,Nyamagabe
8.0,unknown,Protected Well,unknown,Rulindo,1,0.3717300062976705,37.2,-1.603624424,29.9265816,Rwanda,Rulindo
8.0,Public Tapstand,unknown,unknown,Rulindo,1,0.6088340195620978,60.9,-1.799679059,30.00336932,Rwanda,Rulindo
8.0,unknown,Protected Well,unknown,Rulindo,0,0.3717300062976705,37.2,-1.878055012,29.9434443,Rwanda,Rulindo
8.0,unknown,Protected Well,unknown,Gicumbi,1,0.2297284038152635,23.0,-1.632888888,29.98379863,Rwanda,Gicumbi
9.0,unknown,Borehole/Tubewell,unknown,Nyanza,1,0.06337612098959577,6.3,-2.2539,29.704417,Rwanda,Nyanza
8.0,unknown,Protected Well,unknown,Gicumbi,1,0.2297284038152635,23.0,-1.622111667,29.97003333,Rwanda,Gicumbi
9.0,unknown,Borehole/Tubewell,unknown,Ruhango,1,0.07154885884147266,7.2,-2.243267,29.733333,Rwanda,Ruhango
10.0,unknown,Borehole/Tubewell,unknown,Ruhango,1,0.5081032045294142,50.8,-2.2183,29.74225,Rwanda,Ruhango
9.0,unknown,Borehole/Tubewell,unknown,Ruhango,1,0.07154885884147266,7.2,-2.210067,29.737283,Rwanda,Ruhango
8.0,unknown,Protected Well,unknown,Gicumbi,1,0.2297284038152635,23.0,-1.69516993,30.25331378,Rwanda,Gicumbi
12.0,Hand Pump - Afridev,Borehole/Tubewell,unknown,Ruhango,1,0.0014013613974951378,0.1,-2.24035,29.79848333,Rwanda,Ruhango
5.0,Public Tapstand,unknown,unknown,Gicumbi,1,0.5911085120721807,59.1,-1.7617169700000035,30.223699220000004,Rwanda,Gicumbi
8.0,unknown,Protected Well,unknown,Gicumbi,0,0.2297284038152635,23.0,-1.725105319,30.24582431,Rwanda,Gicumbi
8.0,unknown,Protected Well,unknown,Gicumbi,1,0.2297284038152635,23.0,-1.623300797,30.05601656,Rwanda,Gicumbi
13.0,Hand Pump - India Mark,Borehole/Tubewell,unknown,Gasabo,1,0.05963935160688738,6.0,-1.9343,30.17478333,Rwanda,Gasabo
11.0,unknown,Protected Well,unknown,Ruhango,1,0.13895593712574172,13.9,-2.1563167,29.8555833,Rwanda,Ruhango
8.0,unknown,Protected Well,unknown,Rulindo,1,0.3717300062976705,37.2,-1.77782279,30.00832424,Rwanda,Rulindo
8.0,unknown,Protected Well,unknown,Rulindo,1,0.3717300062976705,37.2,-1.75570933,30.02964781,Rwanda,Rulindo
7.0,Hand Pump - Nira,Rainwater Harvesting,unknown,Bugesera,1,0.0,0.0,-2.04987,30.158613,Rwanda,Bugesera
8.0,Public Tapstand,unknown,unknown,Gicumbi,1,0.6553695175834133,65.5,-1.550137671,30.12544849,Rwanda,Gicumbi
34.0,unknown,Protected Well,unknown,Rulindo,1,0.14135080463346295,14.1,-1.8411600000000004,29.929700000000004,Rwanda,Rulindo
8.0,unknown,Protected Well,unknown,Rulindo,1,0.3717300062976705,37.2,-1.714109102,30.00368101,Rwanda,Rulindo
8.0,unknown,Protected Well,unknown,Gicumbi,1,0.2297284038152635,23.0,-1.500156357,30.0583843,Rwanda,Gicumbi
8.0,Public Tapstand,unknown,unknown,Kicukiro,0,0.7232419717831573,72.3,-2.036966718,30.11160148,Rwanda,Kicukiro
8.0,unknown,Protected Well,unknown,Gicumbi,1,0.2297284038152635,23.0,-1.743335,30.12464833,Rwanda,Gicumbi
8.0,Public Tapstand,unknown,unknown,Kicukiro,0,0.7232419717831573,72.3,-2.006319657,30.12025952,Rwanda,Kicukiro
8.0,unknown,Protected Well,unknown,Gicumbi,1,0.2297284038152635,23.0,-1.743791753,30.16870097,Rwanda,Gicumbi
8.0,Public Tapstand,unknown,unknown,Kicukiro,0,0.7232419717831573,72.3,-1.98859468,30.08514025,Rwanda,Kicukiro
14.0,unknown,Protected Spring,unknown,Nyamagabe,0,0.9987751274419076,99.9,-2.449389,29.611306,Rwanda,Nyamagabe
8.0,unknown,Protected Well,unknown,Kicukiro,0,0.4930239632249813,49.3,-2.023130281,30.08475341,Rwanda,Kicukiro
5.0,unknown,Protected Well,unknown,Gicumbi,1,0.022444888892706905,2.2,-1.631302400000013,30.002378599999986,Rwanda,Gicumbi
8.0,unknown,Protected Well,unknown,Rulindo,1,0.3717300062976705,37.2,-1.646812479,30.0583717,Rwanda,Rulindo
8.0,Public Tapstand,unknown,unknown,Kicukiro,0,0.7232419717831573,72.3,-1.978092756,30.1772119,Rwanda,Kicukiro
8.0,unknown,Protected Well,unknown,Gicumbi,1,0.2297284038152635,23.0,-1.612100786,30.05558782,Rwanda,Gicumbi
28.0,unknown,Protected Well,unknown,Kicukiro,0,0.7377329051479524,73.8,-1.9620283333333333,30.111445000000003,Rwanda,Kicukiro
14.0,unknown,Protected Spring,unknown,Gicumbi,0,1.0,100.0,-1.416861,30.073778,Rwanda,Gicumbi
8.0,unknown,Protected Well,unknown,Gicumbi,1,0.2297284038152635,23.0,-1.58146,30.02739167,Rwanda,Gicumbi
8.0,unknown,Protected Well,unknown,Rulindo,1,0.3717300062976705,37.2,-1.60764854,29.93007393,Rwanda,Rulindo
8.0,Public Tapstand,unknown,unknown,Gicumbi,0,0.6553695175834133,65.5,-1.631430086,30.07843538,Rwanda,Gicumbi
5.0,unknown,Protected Well,unknown,Gicumbi,1,0.022444888892706905,2.2,-1.5745405899999967,30.092921200000006,Rwanda,Gicumbi
5.0,Public Tapstand,unknown,unknown,Gicumbi,0,0.5911085120721807,59.1,-1.6202508000000182,30.106561099999997,Rwanda,Gicumbi
8.0,Public Tapstand,unknown,unknown,Gicumbi,0,0.6553695175834133,65.5,-1.456644201,30.00383638,Rwanda,Gicumbi
8.0,Public Tapstand,unknown,unknown,Rulindo,1,0.6088340195620978,60.9,-1.7758417,29.92775118,Rwanda,Rulindo
8.0,unknown,Protected Well,unknown,Kicukiro,1,0.4930239632249813,49.3,-1.985424237,30.08294448,Rwanda,Kicukiro
66.0,unknown,Protected Well,unknown,Kicukiro,1,0.009466450657252268,0.9,-1.9756833333333332,30.094645,Rwanda,Kicukiro
5.0,unknown,Protected Well,unknown,Kicukiro,1,0.006221467699414784,0.6,-1.9679553200000057,30.106465919999998,Rwanda,Kicukiro
8.0,unknown,Protected Well,unknown,Gicumbi,1,0.2297284038152635,23.0,-1.528643914,30.14187863,Rwanda,Gicumbi
13.0,Hand Pump - India Mark,Borehole/Tubewell,unknown,Rulindo,1,0.019366524828153375,1.9,-1.84265,30.02731667,Rwanda,Rulindo
8.0,Public Tapstand,unknown,unknown,Rulindo,1,0.6088340195620978,60.9,-1.65508254,29.88605306,Rwanda,Rulindo
55.0,unknown,Protected Well,unknown,Rulindo,1,0.013513602916921497,1.4,-1.8266297222222223,30.037739722222224,Rwanda,Rulindo
8.0,Hand Pump,Sand or Sub-surface Dam,Private Operator/Delegated Management,Gicumbi,1,0.008014484946845868,0.8,-1.8175851666666667,30.23009761111111,Rwanda,Gicumbi
8.0,unknown,Protected Well,unknown,Gicumbi,1,0.2297284038152635,23.0,-1.763827938,30.10090202,Rwanda,Gicumbi
8.0,unknown,Protected Well,unknown,Gicumbi,1,0.2297284038152635,23.0,-1.772618605,30.18553491,Rwanda,Gicumbi
14.0,unknown,Protected Spring,unknown,Karongi,0,0.9968591729922588,99.7,-2.0619,29.4699,Rwanda,Karongi
14.0,Motorized Pump,Borehole/Tubewell,unknown,Kayonza,1,0.2627435427332474,26.3,-1.787021,30.448734,Rwanda,Kayonza
5.0,unknown,Rainwater Harvesting,unknown,Kicukiro,0,0.41295597762197467,41.3,-2.027862499999997,30.2189263,Rwanda,Kicukiro
8.0,unknown,Protected Well,unknown,Gicumbi,1,0.2297284038152635,23.0,-1.71341481,30.09825555,Rwanda,Gicumbi
8.0,unknown,Protected Well,unknown,Gicumbi,1,0.2297284038152635,23.0,-1.714890161,30.14328638,Rwanda,Gicumbi
8.0,unknown,Protected Well,unknown,Gicumbi,1,0.2297284038152635,23.0,-1.705445135,30.13368958,Rwanda,Gicumbi
8.0,unknown,Protected Well,unknown,Rulindo,1,0.3717300062976705,37.2,-1.809270242,29.95107837,Rwanda,Rulindo
14.0,unknown,Protected Spring,unknown,Gicumbi,0,1.0,100.0,-1.616306,30.162658,Rwanda,Gicumbi
5.0,Public Tapstand,Protected Well,unknown,Gicumbi,1,0.07707408005917082,7.7,-1.6733483999999963,30.092038000000002,Rwanda,Gicumbi
8.0,unknown,Protected Well,unknown,Gicumbi,1,0.2297284038152635,23.0,-1.693367848,30.14088698,Rwanda,Gicumbi
8.0,unknown,Protected Well,unknown,Gicumbi,1,0.2297284038152635,23.0,-1.661538333,30.12027667,Rwanda,Gicumbi
8.0,Public Tapstand,unknown,unknown,Rulindo,1,0.6088340195620978,60.9,-1.813819592,30.00447601,Rwanda,Rulindo
8.0,unknown,Protected Well,unknown,Rulindo,1,0.3717300062976705,37.2,-1.61990013,30.01322915,Rwanda,Rulindo
66.0,unknown,Protected Well,unknown,Rulindo,1,0.008937167408904712,0.9,-1.6447583333333333,30.05888,Rwanda,Rulindo
8.0,unknown,Protected Well,unknown,Rulindo,1,0.3717300062976705,37.2,-1.679531455,29.8948537,Rwanda,Rulindo
5.0,unknown,Protected Well,unknown,Rulindo,1,0.008564511579654988,0.9,-1.6580751000000056,29.985646399999993,Rwanda,Rulindo
8.0,unknown,Protected Well,unknown,Gicumbi,1,0.2297284038152635,23.0,-1.556646819,30.01677907,Rwanda,Gicumbi
8.0,unknown,Protected Well,unknown,Gicumbi,1,0.2297284038152635,23.0,-1.550842841,30.00403455,Rwanda,Gicumbi
8.0,unknown,Protected Well,unknown,Rulindo,1,0.3717300062976705,37.2,-1.628208261,29.89948301,Rwanda,Rulindo
8.0,unknown,Protected Well,unknown,Rulindo,1,0.3717300062976705,37.2,-1.63696358,29.92516234,Rwanda,Rulindo
8.0,Public Tapstand,unknown,unknown,Gicumbi,1,0.6553695175834133,65.5,-1.667001548,30.2179187,Rwanda,Gicumbi
8.0,Public Tapstand,unknown,unknown,Gicumbi,1,0.6553695175834133,65.5,-1.608150388,30.13247599,Rwanda,Gicumbi
46.0,unknown,Protected Well,unknown,Rulindo,1,0.012336329645811328,1.2,-1.638330661351006,29.962471938767855,Rwanda,Rulindo
5.0,unknown,Protected Well,unknown,Gicumbi,1,0.022444888892706905,2.2,-1.6336902000000066,29.99135109999999,Rwanda,Gicumbi
8.0,unknown,Protected Well,unknown,Gicumbi,1,0.2297284038152635,23.0,-1.543326667,30.090925,Rwanda,Gicumbi
8.0,Public Tapstand,unknown,unknown,Gicumbi,1,0.6553695175834133,65.5,-1.459079708,30.01472466,Rwanda,Gicumbi
12.0,Hand Pump - Afridev,Borehole/Tubewell,unknown,Rwamagana,1,0.0023199624677457953,0.2,-1.957166667,30.27921667,Rwanda,Rwamagana
8.0,Public Tapstand,unknown,unknown,Kicukiro,0,0.7232419717831573,72.3,-2.014203576,30.09015164,Rwanda,Kicukiro
8.0,unknown,Protected Well,unknown,Rulindo,1,0.3717300062976705,37.2,-1.84234373,30.04394951,Rwanda,Rulindo
8.0,Public Tapstand,unknown,unknown,Kicukiro,0,0.7232419717831573,72.3,-2.002422093,30.12626149,Rwanda,Kicukiro
8.0,unknown,Protected Well,unknown,Gicumbi,1,0.2297284038152635,23.0,-1.43744066,30.04443342,Rwanda,Gicumbi
8.0,Public Tapstand,unknown,unknown,Rulindo,0,0.6088340195620978,60.9,-1.81763194,29.96001627,Rwanda,Rulindo
8.0,unknown,Protected Well,unknown,Gicumbi,1,0.2297284038152635,23.0,-1.826199363,30.23207853,Rwanda,Gicumbi
14.0,unknown,Protected Spring,unknown,Nyamagabe,0,0.9987751274419076,99.9,-2.433,29.574,Rwanda,Nyamagabe
8.0,Public Tapstand,unknown,unknown,Kicukiro,0,0.7232419717831573,72.3,-1.981939073,30.09946996,Rwanda,Kicukiro
14.0,unknown,Protected Spring,unknown,Gakenke,0,0.99,99.0,-1.610361,29.761472,Rwanda,Gakenke
8.0,Public Tapstand,unknown,unknown,Kicukiro,0,0.7232419717831573,72.3,-1.989738655,30.14697625,Rwanda,Kicukiro
8.0,unknown,Protected Well,unknown,Gicumbi,1,0.2297284038152635,23.0,-1.754023414,30.12804543,Rwanda,Gicumbi
8.0,unknown,Protected Well,unknown,Gicumbi,1,0.2297284038152635,23.0,-1.790166247,30.18700526,Rwanda,Gicumbi
8.0,unknown,Protected Well,unknown,Gicumbi,1,0.2297284038152635,23.0,-1.779116667,30.15883167,Rwanda,Gicumbi
14.0,unknown,Protected Spring,unknown,Gakenke,0,0.99,99.0,-1.595667,29.758722,Rwanda,Gakenke
8.0,unknown,Protected Well,unknown,Gicumbi,1,0.2297284038152635,23.0,-1.767906789,30.21575492,Rwanda,Gicumbi
8.0,unknown,Borehole/Tubewell,unknown,Gasabo,0,0.4513455680575369,45.1,-1.904541,30.267845,Rwanda,Gasabo
8.0,unknown,Protected Well,unknown,Gicumbi,1,0.2297284038152635,23.0,-1.735124267,30.08662401,Rwanda,Gicumbi
8.0,unknown,Protected Well,unknown,Gicumbi,0,0.2297284038152635,23.0,-1.489378759,30.07190353,Rwanda,Gicumbi
17.0,unknown,Protected Well,unknown,Rulindo,1,0.08064445061676606,8.1,-1.66515,30.047424999999997,Rwanda,Rulindo
5.0,Public Tapstand,unknown,unknown,Gicumbi,0,0.5911085120721807,59.1,-1.4320448999999968,30.080121299999995,Rwanda,Gicumbi
12.0,Hand Pump - Afridev,Borehole/Tubewell,unknown,Ruhango,1,0.0014013613974951378,0.1,-2.282833333,29.84868333,Rwanda,Ruhango
5.0,unknown,Protected Well,unknown,Rulindo,1,0.008564511579654988,0.9,-1.6123165799999968,30.03910854999998,Rwanda,Rulindo
5.0,unknown,Protected Well,unknown,Gicumbi,1,0.022444888892706905,2.2,-1.6099555500000027,30.079810520000002,Rwanda,Gicumbi
7.0,unknown,Borehole/Tubewell,unknown,Ruhango,1,0.48717735444785215,48.7,-2.184931,29.936253,Rwanda,Ruhango
8.0,unknown,Protected Well,unknown,Gicumbi,1,0.2297284038152635,23.0,-1.593587575,30.05016112,Rwanda,Gicumbi
8.0,unknown,Protected Well,unknown,Gicumbi,1,0.2297284038152635,23.0,-1.580095566,30.08217153,Rwanda,Gicumbi
8.0,Public Tapstand,Protected Well,unknown,Rulindo,1,0.3043943914691625,30.4,-1.903113724,29.96761691,Rwanda,Rulindo
8.0,unknown,Protected Well,unknown,Rulindo,1,0.3717300062976705,37.2,-1.842171175,29.93179059,Rwanda,Rulindo
8.0,unknown,Protected Well,unknown,Rulindo,1,0.3717300062976705,37.2,-1.837366164,29.96539131,Rwanda,Rulindo
8.0,unknown,Protected Well,unknown,Gicumbi,1,0.2297284038152635,23.0,-1.502843333,30.121935,Rwanda,Gicumbi
8.0,unknown,Protected Well,unknown,Rulindo,1,0.3717300062976705,37.2,-1.83438291,29.98668774,Rwanda,Rulindo
8.0,unknown,Protected Well,unknown,Rulindo,1,0.3717300062976705,37.2,-1.75379649,29.97465684,Rwanda,Rulindo
8.0,unknown,Protected Well,unknown,Gicumbi,1,0.2297284038152635,23.0,-1.414719045,30.06529671,Rwanda,Gicumbi
8.0,unknown,Protected Well,unknown,Rulindo,1,0.3717300062976705,37.2,-1.7437016,29.96743162,Rwanda,Rulindo
8.0,unknown,Protected Well,unknown,Rulindo,1,0.3717300062976705,37.2,-1.72109707,29.96320135,Rwanda,Rulindo
8.0,unknown,Protected Well,unknown,Kicukiro,0,0.4930239632249813,49.3,-2.012568249,30.07066731,Rwanda,Kicukiro
8.0,unknown,Protected Well,unknown,Kicukiro,0,0.4930239632249813,49.3,-2.000090409,30.18769242,Rwanda,Kicukiro
14.0,unknown,Protected Spring,unknown,Gakenke,0,0.99,99.0,-1.632278,29.7635,Rwanda,Gakenke
8.0,unknown,Protected Well,unknown,Rulindo,1,0.3717300062976705,37.2,-1.67420993,29.9470221,Rwanda,Rulindo
8.0,unknown,Protected Well,unknown,Kicukiro,0,0.4930239632249813,49.3,-1.990319791,30.20065052,Rwanda,Kicukiro
8.0,unknown,Protected Well,unknown,Rulindo,1,0.3717300062976705,37.2,-1.651694936,29.9152365,Rwanda,Rulindo
14.0,unknown,Protected Spring,unknown,Gicumbi,0,1.0,100.0,-1.775975,30.140778,Rwanda,Gicumbi
5.0,Public Tapstand,Protected Well,unknown,Rulindo,0,0.4668699370214914,46.7,-1.7263275200000168,30.07185953,Rwanda,Rulindo
8.0,unknown,Protected Well,unknown,Rulindo,1,0.3717300062976705,37.2,-1.658129236,29.98573118,Rwanda,Rulindo
8.0,unknown,Protected Well,unknown,Gicumbi,1,0.2297284038152635,23.0,-1.65334,29.999495,Rwanda,Gicumbi
5.0,Public Tapstand,Protected Well,unknown,Rulindo,1,0.4668699370214914,46.7,-1.618417000000001,29.887801499999995,Rwanda,Rulindo
8.0,unknown,Protected Well,unknown,Gicumbi,0,0.2297284038152635,23.0,-1.4392535,30.0247313,Rwanda,Gicumbi
8.0,unknown,Protected Well,unknown,Rulindo,1,0.3717300062976705,37.2,-1.630139719,29.93746591,Rwanda,Rulindo
8.0,unknown,Protected Well,unknown,Rulindo,1,0.3717300062976705,37.2,-1.629776624,29.93891942,Rwanda,Rulindo
8.0,Hand Pump - Afridev,Protected Well,unknown,Kicukiro,1,0.524852267887464,52.5,-1.977649743,30.09895828,Rwanda,Kicukiro
8.0,unknown,Protected Well,unknown,Kicukiro,1,0.4930239632249813,49.3,-1.962615,30.077785,Rwanda,Kicukiro
5.0,Hand Pump - Afridev,Protected Well,unknown,Kicukiro,1,0.005649229580696247,0.6,-1.9632713000000066,30.157773499999994,Rwanda,Kicukiro
13.0,Hand Pump - India Mark,Borehole/Tubewell,unknown,Gasabo,1,0.05963935160688738,6.0,-1.934716667,30.17928333,Rwanda,Gasabo
8.0,unknown,Protected Well,unknown,Rulindo,1,0.3717300062976705,37.2,-1.81733573,30.07727949,Rwanda,Rulindo
8.0,unknown,Protected Well,unknown,Gicumbi,1,0.2297284038152635,23.0,-1.831380883,30.23535294,Rwanda,Gicumbi
8.0,unknown,Protected Well,unknown,Gicumbi,1,0.2297284038152635,23.0,-1.775974227,30.14075838,Rwanda,Gicumbi
8.0,unknown,Protected Well,unknown,Gicumbi,1,0.2297284038152635,23.0,-1.761958144,30.23466066,Rwanda,Gicumbi
5.0,unknown,Protected Well,unknown,Rulindo,1,0.008564511579654988,0.9,-1.7189043000000184,30.005766999999995,Rwanda,Rulindo
8.0,unknown,Protected Well,unknown,Gicumbi,1,0.2297284038152635,23.0,-1.734886385,30.09687287,Rwanda,Gicumbi
8.0,unknown,Protected Well,unknown,Gicumbi,1,0.2297284038152635,23.0,-1.707694314,30.08626563,Rwanda,Gicumbi
8.0,unknown,Protected Well,unknown,Gicumbi,1,0.2297284038152635,23.0,-1.731148269,30.13655213,Rwanda,Gicumbi
8.0,unknown,Protected Well,unknown,Gicumbi,1,0.2297284038152635,23.0,-1.718523335,30.10994093,Rwanda,Gicumbi
8.0,unknown,Protected Well,unknown,Gicumbi,1,0.2297284038152635,23.0,-1.741856667,30.21792167,Rwanda,Gicumbi
8.0,unknown,Protected Well,unknown,Gicumbi,1,0.2297284038152635,23.0,-1.687748113,30.06622977,Rwanda,Gicumbi
8.0,unknown,Protected Well,unknown,Gicumbi,1,0.2297284038152635,23.0,-1.68854712,30.10852194,Rwanda,Gicumbi
8.0,unknown,Protected Well,unknown,Gicumbi,1,0.2297284038152635,23.0,-1.674126452,30.15060238,Rwanda,Gicumbi
8.0,unknown,Protected Well,unknown,Gicumbi,1,0.2297284038152635,23.0,-1.648908556,30.0153258,Rwanda,Gicumbi
5.0,unknown,Protected Well,unknown,Gicumbi,1,0.022444888892706905,2.2,-1.6465303000000122,30.084411789999987,Rwanda,Gicumbi
8.0,unknown,Protected Well,unknown,Gicumbi,1,0.2297284038152635,23.0,-1.60977457,30.07967447,Rwanda,Gicumbi
8.0,unknown,Protected Well,unknown,Gicumbi,1,0.2297284038152635,23.0,-1.580113213,30.09146104,Rwanda,Gicumbi
8.0,Public Tapstand,unknown,unknown,Kicukiro,1,0.7232419717831573,72.3,-2.00288074,30.12646852,Rwanda,Kicukiro
5.0,Public Tapstand,unknown,unknown,Rulindo,1,0.42941536887925813,42.9,-1.8465101999999993,29.9566108,Rwanda,Rulindo
8.0,Public Tapstand,unknown,unknown,Rulindo,1,0.6088340195620978,60.9,-1.812293354,29.9678034,Rwanda,Rulindo
8.0,Public Tapstand,unknown,unknown,Rulindo,1,0.6088340195620978,60.9,-1.76754208,29.91921337,Rwanda,Rulindo
8.0,Public Tapstand,unknown,unknown,Rulindo,1,0.6088340195620978,60.9,-1.71649695,29.95498826,Rwanda,Rulindo
8.0,Public Tapstand,unknown,unknown,Rulindo,1,0.6088340195620978,60.9,-1.66195216,29.89919723,Rwanda,Rulindo
8.0,Public Tapstand,unknown,unknown,Rulindo,1,0.6088340195620978,60.9,-1.695237243,29.92181855,Rwanda,Rulindo
8.0,Public Tapstand,unknown,unknown,Rulindo,1,0.6088340195620978,60.9,-1.67472427,29.92106133,Rwanda,Rulindo
5.0,Public Tapstand,unknown,unknown,Rulindo,1,0.42941536887925813,42.9,-1.6713904000000022,29.950350299999997,Rwanda,Rulindo
8.0,Public Tapstand,unknown,unknown,Rulindo,1,0.6088340195620978,60.9,-1.64982234,29.89663367,Rwanda,Rulindo
8.0,Public Tapstand,unknown,unknown,Rulindo,1,0.6088340195620978,60.9,-1.63428748,29.88434451,Rwanda,Rulindo
8.0,Public Tapstand,unknown,unknown,Gicumbi,1,0.6553695175834133,65.5,-1.55199081,29.98793989,Rwanda,Gicumbi
8.0,Public Tapstand,unknown,unknown,Kicukiro,1,0.7232419717831573,72.3,-1.977550588,30.07793766,Rwanda,Kicukiro
8.0,Public Tapstand,unknown,unknown,Kicukiro,1,0.7232419717831573,72.3,-1.965656349,30.07466248,Rwanda,Kicukiro
5.0,Public Tapstand,unknown,unknown,Kicukiro,1,0.4091365696229732,40.9,-1.9985094999999997,30.121438499999986,Rwanda,Kicukiro
5.0,Public Tapstand,unknown,unknown,Kicukiro,1,0.4091365696229732,40.9,-1.9886894000000017,30.118930399999993,Rwanda,Kicukiro
8.0,Public Tapstand,unknown,unknown,Kicukiro,1,0.7232419717831573,72.3,-1.96709317,30.10387273,Rwanda,Kicukiro
8.0,Public Tapstand,unknown,unknown,Kicukiro,1,0.7232419717831573,72.3,-1.961902349,30.11403168,Rwanda,Kicukiro
8.0,Public Tapstand,unknown,unknown,Rulindo,1,0.6088340195620978,60.9,-1.81414202,30.05966478,Rwanda,Rulindo
8.0,Public Tapstand,unknown,unknown,Gicumbi,1,0.6553695175834133,65.5,-1.737438824,30.22226567,Rwanda,Gicumbi
5.0,Public Tapstand,unknown,unknown,Rulindo,1,0.42941536887925813,42.9,-1.6856000400000073,30.03686934,Rwanda,Rulindo
8.0,Public Tapstand,unknown,unknown,Gicumbi,1,0.6553695175834133,65.5,-1.671448465,30.15960164,Rwanda,Gicumbi
8.0,Public Tapstand,unknown,unknown,Gicumbi,1,0.6553695175834133,65.5,-1.650708352,30.20891907,Rwanda,Gicumbi
5.0,Public Tapstand,unknown,unknown,Gicumbi,1,0.5911085120721807,59.1,-1.6152171000000175,30.129676700000005,Rwanda,Gicumbi
8.0,Public Tapstand,unknown,unknown,Gicumbi,1,0.6553695175834133,65.5,-1.57992589,30.07015019,Rwanda,Gicumbi
8.0,Public Tapstand,unknown,unknown,Gicumbi,1,0.6553695175834133,65.5,-1.479099392,30.01216683,Rwanda,Gicumbi
8.0,Public Tapstand,unknown,unknown,Gicumbi,1,0.6553695175834133,65.5,-1.42069336,30.01918309,Rwanda,Gicumbi
8.0,Public Tapstand,unknown,unknown,Kicukiro,0,0.7232419717831573,72.3,-2.037578808,30.10003,Rwanda,Kicukiro
8.0,Public Tapstand,unknown,unknown,Kicukiro,0,0.7232419717831573,72.3,-1.98626777,30.08922564,Rwanda,Kicukiro
8.0,Public Tapstand,unknown,unknown,Kicukiro,0,0.7232419717831573,72.3,-1.99940881,30.10896354,Rwanda,Kicukiro
5.0,Public Tapstand,unknown,unknown,Gicumbi,0,0.5911085120721807,59.1,-1.8341113000000029,30.216198199999997,Rwanda,Gicumbi
8.0,Public Tapstand,unknown,unknown,Gicumbi,0,0.6553695175834133,65.5,-1.762752908,30.20731709,Rwanda,Gicumbi
8.0,Public Tapstand,unknown,unknown,Gicumbi,0,0.6553695175834133,65.5,-1.705460721,30.23149067,Rwanda,Gicumbi
8.0,Public Tapstand,unknown,unknown,Gicumbi,0,0.6553695175834133,65.5,-1.650219444,30.1320295,Rwanda,Gicumbi
5.0,unknown,Rainwater Harvesting,unknown,Nyamagabe,1,0.006460308038740203,0.6,-2.4846410000000163,29.532375,Rwanda,Nyamagabe
10.0,unknown,Borehole/Tubewell,unknown,Ruhango,1,0.5081032045294142,50.8,-2.266597,29.829949,Rwanda,Ruhango
5.0,unknown,Borehole/Tubewell,unknown,Ruhango,1,0.11334314917362387,11.3,-2.22171,29.71573,Rwanda,Ruhango
9.0,unknown,Borehole/Tubewell,unknown,Ruhango,1,0.07154885884147266,7.2,-2.2107,29.736,Rwanda,Ruhango
12.0,Hand Pump - India Mark,Borehole/Tubewell,unknown,Ruhango,1,0.004445887436635654,0.4,-2.245433333,29.7658,Rwanda,Ruhango
13.0,Hand Pump - India Mark,Borehole/Tubewell,unknown,Ruhango,1,0.0020853598464104506,0.2,-2.234066667,29.78823333,Rwanda,Ruhango
13.0,Hand Pump - India Mark,Borehole/Tubewell,unknown,Ruhango,1,0.0020853598464104506,0.2,-2.224233333,29.77898333,Rwanda,Ruhango
10.0,unknown,Borehole/Tubewell,unknown,Ruhango,1,0.5081032045294142,50.8,-2.2029,29.77035,Rwanda,Ruhango
6.0,unknown,Borehole/Tubewell,unknown,Bugesera,1,0.016562739379796243,1.7,-2.327559,30.122268,Rwanda,Bugesera
7.0,unknown,Borehole/Tubewell,unknown,Ngoma,1,0.4828641480339141,48.3,-2.1909,30.41859,Rwanda,Ngoma
5.0,unknown,Protected Well,unknown,Rulindo,1,0.008564511579654988,0.9,-1.8631430999999945,29.989600699999997,Rwanda,Rulindo
5.0,unknown,Protected Well,unknown,Rulindo,1,0.008564511579654988,0.9,-1.8470044000000145,29.989732700000012,Rwanda,Rulindo
8.0,unknown,Protected Well,unknown,Rulindo,1,0.3717300062976705,37.2,-1.707385985,29.93060406,Rwanda,Rulindo
8.0,unknown,Protected Well,unknown,Rulindo,1,0.3717300062976705,37.2,-1.68587252,29.89581969,Rwanda,Rulindo
8.0,unknown,Protected Well,unknown,Rulindo,1,0.3717300062976705,37.2,-1.66569672,29.89678176,Rwanda,Rulindo
5.0,unknown,Protected Well,unknown,Rulindo,1,0.008564511579654988,0.9,-1.6722203000000038,29.94664599999999,Rwanda,Rulindo
8.0,unknown,Protected Well,unknown,Rulindo,1,0.3717300062976705,37.2,-1.651295592,29.90132613,Rwanda,Rulindo
5.0,unknown,Protected Well,unknown,Rulindo,1,0.008564511579654988,0.9,-1.6786440000000171,29.9731573,Rwanda,Rulindo
8.0,unknown,Protected Well,unknown,Rulindo,1,0.3717300062976705,37.2,-1.60919832,29.92654238,Rwanda,Rulindo
8.0,unknown,Protected Well,unknown,Gicumbi,1,0.2297284038152635,23.0,-1.645846435,29.99525445,Rwanda,Gicumbi
8.0,unknown,Protected Well,unknown,Gicumbi,1,0.2297284038152635,23.0,-1.531745883,29.98535405,Rwanda,Gicumbi
5.0,unknown,Protected Well,unknown,Kicukiro,1,0.006221467699414784,0.6,-1.9760455000000163,30.096272700000007,Rwanda,Kicukiro
5.0,unknown,Protected Well,unknown,Kicukiro,1,0.006221467699414784,0.6,-1.9736013000000003,30.170265699999995,Rwanda,Kicukiro
8.0,unknown,Protected Well,unknown,Gicumbi,1,0.2297284038152635,23.0,-1.808204097,30.21220253,Rwanda,Gicumbi
8.0,unknown,Protected Well,unknown,Gicumbi,1,0.2297284038152635,23.0,-1.780604819,30.16186041,Rwanda,Gicumbi
8.0,unknown,Protected Well,unknown,Gicumbi,1,0.2297284038152635,23.0,-1.76466828,30.16154013,Rwanda,Gicumbi
8.0,unknown,Protected Well,unknown,Gicumbi,1,0.2297284038152635,23.0,-1.79502495,30.23421249,Rwanda,Gicumbi
5.0,unknown,Protected Well,unknown,Rulindo,1,0.008564511579654988,0.9,-1.743197299999995,30.0205793,Rwanda,Rulindo
5.0,unknown,Protected Well,unknown,Rulindo,1,0.008564511579654988,0.9,-1.7250278000000077,30.01960599999998,Rwanda,Rulindo
8.0,unknown,Protected Well,unknown,Gicumbi,1,0.2297284038152635,23.0,-1.730674252,30.14775689,Rwanda,Gicumbi
8.0,unknown,Protected Well,unknown,Gicumbi,1,0.2297284038152635,23.0,-1.706998291,30.17873834,Rwanda,Gicumbi
8.0,unknown,Protected Well,unknown,Gicumbi,1,0.2297284038152635,23.0,-1.703928333,30.210935,Rwanda,Gicumbi
8.0,unknown,Protected Well,unknown,Rulindo,1,0.3717300062976705,37.2,-1.671433305,30.02551614,Rwanda,Rulindo
5.0,unknown,Protected Well,unknown,Gicumbi,1,0.022444888892706905,2.2,-1.6615593700000126,30.096513949999995,Rwanda,Gicumbi
8.0,unknown,Protected Well,unknown,Gicumbi,1,0.2297284038152635,23.0,-1.641277399,30.00737833,Rwanda,Gicumbi
5.0,unknown,Protected Well,unknown,Gicumbi,1,0.022444888892706905,2.2,-1.5508079999999942,30.003825399999993,Rwanda,Gicumbi
8.0,unknown,Protected Well,unknown,Gicumbi,1,0.2297284038152635,23.0,-1.558649342,30.07613539,Rwanda,Gicumbi
8.0,unknown,Protected Well,unknown,Gicumbi,1,0.2297284038152635,23.0,-1.538412948,30.07375067,Rwanda,Gicumbi
8.0,unknown,Protected Well,unknown,Gicumbi,1,0.2297284038152635,23.0,-1.52156372,30.08486695,Rwanda,Gicumbi
8.0,unknown,Protected Well,unknown,Gicumbi,1,0.2297284038152635,23.0,-1.470488534,30.05067082,Rwanda,Gicumbi
8.0,unknown,Protected Well,unknown,Gicumbi,1,0.2297284038152635,23.0,-1.482569971,30.12380084,Rwanda,Gicumbi
8.0,unknown,Protected Well,unknown,Gicumbi,1,0.2297284038152635,23.0,-1.415071148,30.0652012,Rwanda,Gicumbi
11.0,unknown,Protected Well,unknown,Rulindo,0,0.5274148456124939,52.7,-1.6155866666666667,29.912146666666665,Rwanda,Rulindo
8.0,unknown,Protected Well,unknown,Gicumbi,0,0.2297284038152635,23.0,-1.599009799,29.96152908,Rwanda,Gicumbi
14.0,unknown,Protected Spring,unknown,Gicumbi,0,1.0,100.0,-1.406472,30.077,Rwanda,Gicumbi
6.0,Public Tapstand,Piped Water,unknown,Nyamagabe,1,0.030795532870759756,3.1,-2.5799630000000113,29.463472999999993,Rwanda,Nyamagabe
8.0,Public Tapstand,unknown,unknown,Kicukiro,1,0.7232419717831573,72.3,-2.0354361,30.22252012,Rwanda,Kicukiro
8.0,Public Tapstand,unknown,unknown,Rulindo,1,0.6088340195620978,60.9,-1.835745855,29.9259056,Rwanda,Rulindo
8.0,Public Tapstand,unknown,unknown,Rulindo,1,0.6088340195620978,60.9,-1.83213198,29.97783967,Rwanda,Rulindo
8.0,Public Tapstand,unknown,unknown,Rulindo,1,0.6088340195620978,60.9,-1.81392314,29.98024903,Rwanda,Rulindo
8.0,Public Tapstand,unknown,unknown,Rulindo,1,0.6088340195620978,60.9,-1.720327328,29.95090931,Rwanda,Rulindo
5.0,Public Tapstand,unknown,unknown,Rulindo,1,0.42941536887925813,42.9,-1.7079723999999958,29.958095500000006,Rwanda,Rulindo
8.0,Public Tapstand,unknown,unknown,Rulindo,1,0.6088340195620978,60.9,-1.65685515,29.89396782,Rwanda,Rulindo
8.0,Public Tapstand,unknown,unknown,Rulindo,1,0.6088340195620978,60.9,-1.68437361,29.94060156,Rwanda,Rulindo
8.0,Public Tapstand,unknown,unknown,Rulindo,1,0.6088340195620978,60.9,-1.61109124,29.88397023,Rwanda,Rulindo
8.0,Public Tapstand,unknown,unknown,Kicukiro,1,0.7232419717831573,72.3,-1.98587778,30.08390585,Rwanda,Kicukiro
8.0,Public Tapstand,unknown,unknown,Kicukiro,1,0.7232419717831573,72.3,-1.978433811,30.08619182,Rwanda,Kicukiro
5.0,Public Tapstand,unknown,unknown,Kicukiro,1,0.4091365696229732,40.9,-1.967513600000005,30.09434750000001,Rwanda,Kicukiro
8.0,Public Tapstand,unknown,unknown,Kicukiro,1,0.7232419717831573,72.3,-1.964554109,30.11391025,Rwanda,Kicukiro
8.0,Public Tapstand,unknown,unknown,Kicukiro,1,0.7232419717831573,72.3,-1.99503848,30.19178365,Rwanda,Kicukiro
5.0,Public Tapstand,unknown,unknown,Gicumbi,1,0.5911085120721807,59.1,-1.8416078999999992,30.244577599999996,Rwanda,Gicumbi
5.0,Public Tapstand,unknown,unknown,Gicumbi,1,0.5911085120721807,59.1,-1.803995370000005,30.269047470000004,Rwanda,Gicumbi
8.0,Public Tapstand,unknown,unknown,Rulindo,1,0.6088340195620978,60.9,-1.79043237,30.05185017,Rwanda,Rulindo
8.0,Public Tapstand,unknown,unknown,Gicumbi,1,0.6553695175834133,65.5,-1.789552736,30.22359962,Rwanda,Gicumbi
5.0,Public Tapstand,unknown,unknown,Gicumbi,1,0.5911085120721807,59.1,-1.7377691999999971,30.222360099999996,Rwanda,Gicumbi
8.0,Public Tapstand,unknown,unknown,Rulindo,1,0.6088340195620978,60.9,-1.692553505,30.02199651,Rwanda,Rulindo
8.0,Public Tapstand,unknown,unknown,Rulindo,1,0.6088340195620978,60.9,-1.654209465,30.04045149,Rwanda,Rulindo
5.0,Public Tapstand,unknown,unknown,Gicumbi,1,0.5911085120721807,59.1,-1.6752283000000021,30.163829099999997,Rwanda,Gicumbi
8.0,Public Tapstand,unknown,unknown,Gicumbi,1,0.6553695175834133,65.5,-1.654213197,30.1691684,Rwanda,Gicumbi
8.0,Public Tapstand,unknown,unknown,Rulindo,1,0.6088340195620978,60.9,-1.61221436,30.03432232,Rwanda,Rulindo
8.0,Public Tapstand,unknown,unknown,Gicumbi,1,0.6553695175834133,65.5,-1.61691706,30.08321297,Rwanda,Gicumbi
8.0,Public Tapstand,unknown,unknown,Gicumbi,1,0.6553695175834133,65.5,-1.571013433,30.06828938,Rwanda,Gicumbi
8.0,Public Tapstand,unknown,unknown,Gicumbi,1,0.6553695175834133,65.5,-1.558327968,30.13505684,Rwanda,Gicumbi
5.0,Public Tapstand,unknown,unknown,Gicumbi,1,0.5911085120721807,59.1,-1.5447474999999997,30.064953900000006,Rwanda,Gicumbi
8.0,Public Tapstand,unknown,unknown,Gicumbi,1,0.6553695175834133,65.5,-1.517569669,30.0509917,Rwanda,Gicumbi
8.0,Public Tapstand,unknown,unknown,Gicumbi,1,0.6553695175834133,65.5,-1.539267897,30.12330506,Rwanda,Gicumbi
8.0,Public Tapstand,unknown,unknown,Gicumbi,1,0.6553695175834133,65.5,-1.520500971,30.13297364,Rwanda,Gicumbi
5.0,Public Tapstand,unknown,unknown,Gicumbi,1,0.5911085120721807,59.1,-1.4760359300000088,30.03420471,Rwanda,Gicumbi
5.0,Public Tapstand,unknown,unknown,Kicukiro,0,0.4091365696229732,40.9,-2.0051624999999964,30.077786899999985,Rwanda,Kicukiro
8.0,Public Tapstand,unknown,unknown,Kicukiro,0,0.7232419717831573,72.3,-2.037278184,30.11105059,Rwanda,Kicukiro
8.0,Public Tapstand,unknown,unknown,Kicukiro,0,0.7232419717831573,72.3,-2.008785473,30.17249764,Rwanda,Kicukiro
8.0,Public Tapstand,unknown,unknown,Kicukiro,0,0.7232419717831573,72.3,-2.036636439,30.20469324,Rwanda,Kicukiro
8.0,Public Tapstand,unknown,unknown,Rulindo,0,0.6088340195620978,60.9,-1.825522,29.96304897,Rwanda,Rulindo
8.0,Public Tapstand,unknown,unknown,Rulindo,0,0.6088340195620978,60.9,-1.7321411,29.96057202,Rwanda,Rulindo
8.0,Public Tapstand,unknown,unknown,Gicumbi,0,0.6553695175834133,65.5,-1.463407924,29.99456433,Rwanda,Gicumbi
8.0,Public Tapstand,unknown,unknown,Kicukiro,0,0.7232419717831573,72.3,-1.998262921,30.08743344,Rwanda,Kicukiro
8.0,Public Tapstand,unknown,unknown,Kicukiro,0,0.7232419717831573,72.3,-1.996046873,30.07594694,Rwanda,Kicukiro
8.0,Public Tapstand,unknown,unknown,Kicukiro,0,0.7232419717831573,72.3,-1.983177127,30.08361802,Rwanda,Kicukiro
8.0,Public Tapstand,unknown,unknown,Kicukiro,0,0.7232419717831573,72.3,-1.95898818,30.13124595,Rwanda,Kicukiro
17.0,Public Tapstand,Piped Water,unknown,Kicukiro,0,0.8604678470912204,86.0,-1.9591883333333333,30.137713333333334,Rwanda,Kicukiro
8.0,Public Tapstand,unknown,unknown,Kicukiro,0,0.7232419717831573,72.3,-1.98876965,30.15895289,Rwanda,Kicukiro
8.0,Public Tapstand,unknown,unknown,Kicukiro,0,0.7232419717831573,72.3,-1.990684959,30.20402839,Rwanda,Kicukiro
8.0,Public Tapstand,unknown,unknown,Rulindo,0,0.6088340195620978,60.9,-1.66425079,30.03822188,Rwanda,Rulindo
8.0,Public Tapstand,unknown,unknown,Rulindo,0,0.6088340195620978,60.9,-1.64937038,30.06798035,Rwanda,Rulindo
8.0,Public Tapstand,unknown,unknown,Gicumbi,0,0.6553695175834133,65.5,-1.56857262,30.03061299,Rwanda,Gicumbi
5.0,Public Tapstand,unknown,unknown,Gicumbi,0,0.5911085120721807,59.1,-1.4641550800000112,30.060367039999992,Rwanda,Gicumbi
8.0,Public Tapstand,unknown,unknown,Gicumbi,0,0.6553695175834133,65.5,-1.44706991,30.02482669,Rwanda,Gicumbi
10.0,unknown,Borehole/Tubewell,unknown,Ruhango,1,0.5081032045294142,50.8,-2.26195,29.7895,Rwanda,Ruhango
13.0,Hand Pump - India Mark,Borehole/Tubewell,unknown,Ruhango,1,0.0020853598464104506,0.2,-2.2685,29.84203333,Rwanda,Ruhango
12.0,Hand Pump - India Mark,Borehole/Tubewell,unknown,Ruhango,1,0.004445887436635654,0.4,-2.2592,29.8169,Rwanda,Ruhango
12.0,Hand Pump - Afridev,Borehole/Tubewell,unknown,Ruhango,1,0.0014013613974951378,0.1,-2.240383333,29.77851667,Rwanda,Ruhango
5.0,unknown,Borehole/Tubewell,unknown,Ruhango,1,0.11334314917362387,11.3,-2.22849,29.75733,Rwanda,Ruhango
12.0,Hand Pump - Afridev,Borehole/Tubewell,unknown,Ruhango,1,0.0014013613974951378,0.1,-2.219266667,29.79093333,Rwanda,Ruhango
12.0,Hand Pump - India Mark,Borehole/Tubewell,unknown,Ruhango,1,0.004445887436635654,0.4,-2.199933333,29.78653333,Rwanda,Ruhango
7.0,unknown,Borehole/Tubewell,unknown,Ruhango,1,0.48717735444785215,48.7,-2.157649,29.764598,Rwanda,Ruhango
6.0,Hand Pump - Nira,Rainwater Harvesting,unknown,Bugesera,1,0.0,0.0,-2.205361,30.070403,Rwanda,Bugesera
12.0,Hand Pump - Afridev,Borehole/Tubewell,unknown,Kicukiro,1,0.00099028737358553,0.1,-2.051533333,30.08743333,Rwanda,Kicukiro
5.0,Public Tapstand,Protected Well,unknown,Kicukiro,1,0.020025615323831736,2.0,-2.0001715000000067,30.18571340000001,Rwanda,Kicukiro
8.0,unknown,Protected Well,unknown,Rulindo,1,0.3717300062976705,37.2,-1.853029329,29.99088402,Rwanda,Rulindo
8.0,unknown,Protected Well,unknown,Rulindo,1,0.3717300062976705,37.2,-1.835730901,29.91624717,Rwanda,Rulindo
8.0,unknown,Protected Well,unknown,Rulindo,1,0.3717300062976705,37.2,-1.82651708,29.9819011,Rwanda,Rulindo
8.0,unknown,Protected Well,unknown,Rulindo,1,0.3717300062976705,37.2,-1.8217819,29.96291483,Rwanda,Rulindo
8.0,unknown,Protected Well,unknown,Rulindo,1,0.3717300062976705,37.2,-1.76355754,29.9356503,Rwanda,Rulindo
8.0,unknown,Protected Well,unknown,Rulindo,1,0.3717300062976705,37.2,-1.755633762,29.93031721,Rwanda,Rulindo
8.0,unknown,Protected Well,unknown,Rulindo,1,0.3717300062976705,37.2,-1.755990063,29.94297618,Rwanda,Rulindo
8.0,unknown,Protected Well,unknown,Rulindo,1,0.3717300062976705,37.2,-1.768434319,29.96676904,Rwanda,Rulindo
8.0,unknown,Protected Well,unknown,Rulindo,1,0.3717300062976705,37.2,-1.735265055,29.94047511,Rwanda,Rulindo
8.0,unknown,Protected Well,unknown,Rulindo,1,0.3717300062976705,37.2,-1.72967618,29.94262147,Rwanda,Rulindo
8.0,unknown,Protected Well,unknown,Rulindo,1,0.3717300062976705,37.2,-1.677467921,29.91125093,Rwanda,Rulindo
8.0,unknown,Protected Well,unknown,Rulindo,1,0.3717300062976705,37.2,-1.65728813,29.92231047,Rwanda,Rulindo
5.0,unknown,Protected Well,unknown,Rulindo,1,0.008564511579654988,0.9,-1.6541706000000118,29.99295669999998,Rwanda,Rulindo
8.0,unknown,Protected Well,unknown,Rulindo,1,0.3717300062976705,37.2,-1.637816554,29.97164143,Rwanda,Rulindo
8.0,unknown,Protected Well,unknown,Rulindo,1,0.3717300062976705,37.2,-1.630673656,29.95133297,Rwanda,Rulindo
8.0,unknown,Protected Well,unknown,Rulindo,1,0.3717300062976705,37.2,-1.626013383,29.9661282,Rwanda,Rulindo
8.0,unknown,Protected Well,unknown,Gicumbi,1,0.2297284038152635,23.0,-1.612156297,29.96428108,Rwanda,Gicumbi
8.0,unknown,Protected Well,unknown,Gicumbi,1,0.2297284038152635,23.0,-1.541692315,29.98083512,Rwanda,Gicumbi
8.0,unknown,Protected Well,unknown,Gicumbi,1,0.2297284038152635,23.0,-1.467506667,29.98787333,Rwanda,Gicumbi
8.0,unknown,Protected Well,unknown,Kicukiro,1,0.4930239632249813,49.3,-1.976145332,30.09629269,Rwanda,Kicukiro
5.0,unknown,Protected Well,unknown,Kicukiro,1,0.006221467699414784,0.6,-1.97607480000001,30.1397848,Rwanda,Kicukiro
13.0,Hand Pump - Afridev,Borehole/Tubewell,unknown,Gasabo,1,0.002775163749691223,0.3,-1.92835,30.1813,Rwanda,Gasabo
8.0,unknown,Protected Well,unknown,Rulindo,1,0.3717300062976705,37.2,-1.77858206,30.00437808,Rwanda,Rulindo
8.0,unknown,Protected Well,unknown,Gicumbi,1,0.2297284038152635,23.0,-1.797718507,30.20148468,Rwanda,Gicumbi
8.0,unknown,Protected Well,unknown,Gicumbi,1,0.2297284038152635,23.0,-1.730812173,30.14758499,Rwanda,Gicumbi
28.0,unknown,Protected Well,unknown,Rulindo,1,0.08387280796021801,8.4,-1.6609366666666665,30.023528055555555,Rwanda,Rulindo
8.0,unknown,Protected Well,unknown,Gicumbi,1,0.2297284038152635,23.0,-1.664070019,30.12717724,Rwanda,Gicumbi
8.0,unknown,Protected Well,unknown,Gicumbi,1,0.2297284038152635,23.0,-1.651816124,30.11461139,Rwanda,Gicumbi
8.0,unknown,Protected Well,unknown,Gicumbi,1,0.2297284038152635,23.0,-1.682545635,30.15919374,Rwanda,Gicumbi
8.0,unknown,Protected Well,unknown,Rulindo,1,0.3717300062976705,37.2,-1.648390142,30.02331728,Rwanda,Rulindo
8.0,unknown,Protected Well,unknown,Gicumbi,1,0.2297284038152635,23.0,-1.641209938,30.00752493,Rwanda,Gicumbi
8.0,unknown,Protected Well,unknown,Rulindo,1,0.3717300062976705,37.2,-1.635905284,30.04695746,Rwanda,Rulindo
8.0,unknown,Protected Well,unknown,Gicumbi,1,0.2297284038152635,23.0,-1.615626667,30.0182,Rwanda,Gicumbi
8.0,unknown,Protected Well,unknown,Gicumbi,1,0.2297284038152635,23.0,-1.538332618,30.12344227,Rwanda,Gicumbi
12.0,unknown,Protected Spring,unknown,Karongi,0,0.9766310433954205,97.7,-2.0484,29.4222,Rwanda,Karongi
8.0,unknown,Protected Well,unknown,Kicukiro,0,0.4930239632249813,49.3,-2.020094306,30.22194213,Rwanda,Kicukiro
8.0,Hand Pump - Afridev,Protected Well,unknown,Rulindo,0,0.7553802926759157,75.5,-1.668322964,29.90956163,Rwanda,Rulindo
8.0,unknown,Protected Well,unknown,Gicumbi,0,0.2297284038152635,23.0,-1.828318184,30.2547269,Rwanda,Gicumbi
8.0,Public Tapstand,unknown,unknown,Kicukiro,1,0.7232419717831573,72.3,-2.010506784,30.09018484,Rwanda,Kicukiro
8.0,Public Tapstand,unknown,unknown,Rulindo,1,0.6088340195620978,60.9,-1.84114819,29.98223211,Rwanda,Rulindo
8.0,Public Tapstand,unknown,unknown,Rulindo,1,0.6088340195620978,60.9,-1.75962555,29.93360671,Rwanda,Rulindo
5.0,Public Tapstand,unknown,unknown,Rulindo,1,0.42941536887925813,42.9,-1.7574937000000133,29.95566319999999,Rwanda,Rulindo
8.0,Public Tapstand,unknown,unknown,Rulindo,1,0.6088340195620978,60.9,-1.72021111,29.95095612,Rwanda,Rulindo
8.0,Public Tapstand,unknown,unknown,Rulindo,1,0.6088340195620978,60.9,-1.67452777,29.89662326,Rwanda,Rulindo
8.0,Public Tapstand,unknown,unknown,Rulindo,1,0.6088340195620978,60.9,-1.68053003,29.94075281,Rwanda,Rulindo
8.0,Public Tapstand,unknown,unknown,Rulindo,1,0.6088340195620978,60.9,-1.672839016,29.92006854,Rwanda,Rulindo
8.0,Public Tapstand,unknown,unknown,Rulindo,1,0.6088340195620978,60.9,-1.64999671,29.9363603,Rwanda,Rulindo
8.0,Public Tapstand,unknown,unknown,Rulindo,1,0.6088340195620978,60.9,-1.62214079,29.94176633,Rwanda,Rulindo
8.0,Public Tapstand,unknown,unknown,Rulindo,1,0.6088340195620978,60.9,-1.641191357,29.97312474,Rwanda,Rulindo
8.0,Public Tapstand,unknown,unknown,Gicumbi,1,0.6553695175834133,65.5,-1.525489193,29.96698639,Rwanda,Gicumbi
8.0,Public Tapstand,unknown,unknown,Gicumbi,1,0.6553695175834133,65.5,-1.520038713,29.99945955,Rwanda,Gicumbi
5.0,Public Tapstand,unknown,unknown,Kicukiro,1,0.4091365696229732,40.9,-1.9698616900000179,30.1100835,Rwanda,Kicukiro
8.0,Public Tapstand,unknown,unknown,Kicukiro,1,0.7232419717831573,72.3,-1.965856648,30.10352172,Rwanda,Kicukiro
8.0,Public Tapstand,unknown,unknown,Kicukiro,1,0.7232419717831573,72.3,-1.961625197,30.11357106,Rwanda,Kicukiro
8.0,Public Tapstand,unknown,unknown,Kicukiro,1,0.7232419717831573,72.3,-1.96171376,30.11771593,Rwanda,Kicukiro
5.0,Public Tapstand,unknown,unknown,Kicukiro,1,0.4091365696229732,40.9,-1.9988228000000097,30.190937800000004,Rwanda,Kicukiro
5.0,Public Tapstand,unknown,unknown,Kicukiro,1,0.4091365696229732,40.9,-1.9993070000000106,30.216782000000002,Rwanda,Kicukiro
8.0,Public Tapstand,unknown,unknown,Rulindo,1,0.6088340195620978,60.9,-1.85105545,30.03712799,Rwanda,Rulindo
8.0,Public Tapstand,unknown,unknown,Rulindo,1,0.6088340195620978,60.9,-1.81878342,30.07851241,Rwanda,Rulindo
5.0,Public Tapstand,unknown,unknown,Rulindo,1,0.42941536887925813,42.9,-1.8077148000000167,30.06674259999999,Rwanda,Rulindo
8.0,Public Tapstand,unknown,unknown,Gicumbi,1,0.6553695175834133,65.5,-1.837168819,30.23195763,Rwanda,Gicumbi
8.0,Public Tapstand,unknown,unknown,Rulindo,1,0.6088340195620978,60.9,-1.795058203,30.04379765,Rwanda,Rulindo
8.0,Public Tapstand,unknown,unknown,Rulindo,1,0.6088340195620978,60.9,-1.759002728,30.07088763,Rwanda,Rulindo
5.0,Public Tapstand,unknown,unknown,Gicumbi,1,0.5911085120721807,59.1,-1.7739629400000068,30.132671419999983,Rwanda,Gicumbi
5.0,Public Tapstand,unknown,unknown,Gicumbi,1,0.5911085120721807,59.1,-1.7687736100000073,30.24248922,Rwanda,Gicumbi
8.0,Public Tapstand,unknown,unknown,Gicumbi,1,0.6553695175834133,65.5,-1.777434705,30.26149703,Rwanda,Gicumbi
8.0,Public Tapstand,unknown,unknown,Rulindo,1,0.6088340195620978,60.9,-1.71229517,30.00846662,Rwanda,Rulindo
8.0,Public Tapstand,unknown,unknown,Rulindo,1,0.6088340195620978,60.9,-1.701997297,30.02885249,Rwanda,Rulindo
8.0,Public Tapstand,unknown,unknown,Gicumbi,1,0.6553695175834133,65.5,-1.738467278,30.13500763,Rwanda,Gicumbi
8.0,Public Tapstand,unknown,unknown,Gicumbi,1,0.6553695175834133,65.5,-1.614637908,30.01819458,Rwanda,Gicumbi
8.0,Public Tapstand,unknown,unknown,Gicumbi,1,0.6553695175834133,65.5,-1.616799225,30.08340193,Rwanda,Gicumbi
8.0,Public Tapstand,unknown,unknown,Gicumbi,1,0.6553695175834133,65.5,-1.636397187,30.19724684,Rwanda,Gicumbi
8.0,Public Tapstand,unknown,unknown,Gicumbi,1,0.6553695175834133,65.5,-1.57127562,30.05940508,Rwanda,Gicumbi
8.0,Public Tapstand,unknown,unknown,Gicumbi,1,0.6553695175834133,65.5,-1.561341227,30.1359014,Rwanda,Gicumbi
8.0,Public Tapstand,unknown,unknown,Gicumbi,1,0.6553695175834133,65.5,-1.554494815,30.12548268,Rwanda,Gicumbi
8.0,Public Tapstand,unknown,unknown,Gicumbi,1,0.6553695175834133,65.5,-1.529946839,30.08731775,Rwanda,Gicumbi
8.0,Public Tapstand,unknown,unknown,Gicumbi,1,0.6553695175834133,65.5,-1.506481155,30.07899474,Rwanda,Gicumbi
8.0,Public Tapstand,unknown,unknown,Gicumbi,1,0.6553695175834133,65.5,-1.539275397,30.12309691,Rwanda,Gicumbi
8.0,Public Tapstand,unknown,unknown,Gicumbi,1,0.6553695175834133,65.5,-1.4250208,30.02493472,Rwanda,Gicumbi
5.0,Public Tapstand,unknown,unknown,Kicukiro,0,0.4091365696229732,40.9,-2.033962780000012,30.108962520000006,Rwanda,Kicukiro
8.0,Public Tapstand,unknown,unknown,Kicukiro,0,0.7232419717831573,72.3,-2.005157029,30.12866379,Rwanda,Kicukiro
8.0,Public Tapstand,unknown,unknown,Gicumbi,0,0.6553695175834133,65.5,-1.461001142,29.99834593,Rwanda,Gicumbi
8.0,Public Tapstand,unknown,unknown,Kicukiro,0,0.7232419717831573,72.3,-1.995069739,30.15986232,Rwanda,Kicukiro
8.0,Public Tapstand,unknown,unknown,Kicukiro,0,0.7232419717831573,72.3,-1.992068748,30.15791016,Rwanda,Kicukiro
8.0,Public Tapstand,unknown,unknown,Kicukiro,0,0.7232419717831573,72.3,-1.99076952,30.19667171,Rwanda,Kicukiro
8.0,Public Tapstand,unknown,unknown,Kicukiro,0,0.7232419717831573,72.3,-1.982302704,30.15529187,Rwanda,Kicukiro
8.0,Public Tapstand,unknown,unknown,Rulindo,0,0.6088340195620978,60.9,-1.83186957,30.05382686,Rwanda,Rulindo
8.0,Public Tapstand,unknown,unknown,Gicumbi,0,0.6553695175834133,65.5,-1.808917594,30.25888362,Rwanda,Gicumbi
8.0,Public Tapstand,unknown,unknown,Gicumbi,0,0.6553695175834133,65.5,-1.786533937,30.16098169,Rwanda,Gicumbi
8.0,Public Tapstand,unknown,unknown,Gicumbi,0,0.6553695175834133,65.5,-1.694632361,30.07132658,Rwanda,Gicumbi
8.0,Public Tapstand,unknown,unknown,Gicumbi,0,0.6553695175834133,65.5,-1.673198545,30.12244416,Rwanda,Gicumbi
8.0,Public Tapstand,unknown,unknown,Gicumbi,0,0.6553695175834133,65.5,-1.697422483,30.23111588,Rwanda,Gicumbi
5.0,unknown,Borehole/Tubewell,unknown,Ruhango,1,0.11334314917362387,11.3,-2.218727,29.712326,Rwanda,Ruhango
5.0,unknown,Borehole/Tubewell,unknown,Ruhango,1,0.11334314917362387,11.3,-2.20652,29.707,Rwanda,Ruhango
13.0,Hand Pump - India Mark,Borehole/Tubewell,unknown,Ruhango,1,0.0020853598464104506,0.2,-2.22055,29.82341667,Rwanda,Ruhango
8.0,unknown,Borehole/Tubewell,unknown,Ruhango,1,0.5254922320723927,52.5,-2.176098,29.776068,Rwanda,Ruhango
8.0,Hand Pump - Afridev,Protected Well,unknown,Kicukiro,1,0.524852267887464,52.5,-2.051411863,30.08871006,Rwanda,Kicukiro
7.0,unknown,Borehole/Tubewell,unknown,Kayonza,1,0.053501099371009664,5.4,-2.040942,30.517798,Rwanda,Kayonza
8.0,unknown,Protected Well,unknown,Rulindo,1,0.3717300062976705,37.2,-1.86444529,29.9231181,Rwanda,Rulindo
5.0,unknown,Protected Well,unknown,Rulindo,1,0.008564511579654988,0.9,-1.8557392000000161,29.991312000000008,Rwanda,Rulindo
8.0,unknown,Protected Well,unknown,Rulindo,1,0.3717300062976705,37.2,-1.84334486,29.91010223,Rwanda,Rulindo
8.0,unknown,Protected Well,unknown,Rulindo,1,0.3717300062976705,37.2,-1.839478248,29.96376196,Rwanda,Rulindo
8.0,unknown,Protected Well,unknown,Rulindo,1,0.3717300062976705,37.2,-1.737304625,29.93845647,Rwanda,Rulindo
28.0,unknown,Protected Well,unknown,Rulindo,1,0.08387280796021801,8.4,-1.7322983333333335,29.918579722222223,Rwanda,Rulindo
8.0,unknown,Protected Well,unknown,Rulindo,1,0.3717300062976705,37.2,-1.724461383,29.93031908,Rwanda,Rulindo
8.0,unknown,Protected Well,unknown,Rulindo,1,0.3717300062976705,37.2,-1.722709723,29.98607358,Rwanda,Rulindo
8.0,unknown,Protected Well,unknown,Rulindo,1,0.3717300062976705,37.2,-1.692628122,29.89753286,Rwanda,Rulindo
8.0,unknown,Protected Well,unknown,Rulindo,1,0.3717300062976705,37.2,-1.65514399,29.88613782,Rwanda,Rulindo
8.0,unknown,Protected Well,unknown,Rulindo,1,0.3717300062976705,37.2,-1.68057855,29.92584228,Rwanda,Rulindo
8.0,unknown,Protected Well,unknown,Rulindo,1,0.3717300062976705,37.2,-1.67411146,29.92558009,Rwanda,Rulindo
8.0,unknown,Protected Well,unknown,Rulindo,1,0.3717300062976705,37.2,-1.65121373,29.90116642,Rwanda,Rulindo
8.0,unknown,Protected Well,unknown,Rulindo,1,0.3717300062976705,37.2,-1.699455756,29.96456241,Rwanda,Rulindo
8.0,unknown,Protected Well,unknown,Rulindo,1,0.3717300062976705,37.2,-1.63062113,29.90132483,Rwanda,Rulindo
8.0,unknown,Protected Well,unknown,Rulindo,1,0.3717300062976705,37.2,-1.62380912,29.94566695,Rwanda,Rulindo
8.0,unknown,Protected Well,unknown,Rulindo,1,0.3717300062976705,37.2,-1.619023171,29.94765026,Rwanda,Rulindo
8.0,unknown,Protected Well,unknown,Rulindo,1,0.3717300062976705,37.2,-1.60596915,29.92837395,Rwanda,Rulindo
28.0,unknown,Protected Well,Community Management,Rulindo,1,0.019142890074683283,1.9,-1.6009433333333334,29.919448333333335,Rwanda,Rulindo
5.0,unknown,Protected Well,unknown,Gicumbi,1,0.022444888892706905,2.2,-1.6252955999999965,29.97277310000001,Rwanda,Gicumbi
8.0,unknown,Protected Well,unknown,Gicumbi,1,0.2297284038152635,23.0,-1.597644797,29.95415703,Rwanda,Gicumbi
5.0,unknown,Protected Well,unknown,Gicumbi,1,0.022444888892706905,2.2,-1.468023370000012,29.99876207999999,Rwanda,Gicumbi
8.0,unknown,Protected Well,unknown,Kicukiro,1,0.4930239632249813,49.3,-1.97688365,30.09732056,Rwanda,Kicukiro
5.0,unknown,Protected Well,unknown,Kicukiro,1,0.006221467699414784,0.6,-1.9625205400000014,30.077949750000002,Rwanda,Kicukiro
8.0,unknown,Protected Well,unknown,Kicukiro,1,0.4930239632249813,49.3,-1.986146367,30.10242515,Rwanda,Kicukiro
5.0,unknown,Protected Well,unknown,Kicukiro,1,0.006221467699414784,0.6,-1.9737551000000157,30.119741499999993,Rwanda,Kicukiro
12.0,Hand Pump - Afridev,Borehole/Tubewell,unknown,Kicukiro,1,0.00099028737358553,0.1,-1.9616,30.15501667,Rwanda,Kicukiro
13.0,Hand Pump - Afridev,Borehole/Tubewell,unknown,Gasabo,1,0.002775163749691223,0.3,-1.89825,30.05818333,Rwanda,Gasabo
8.0,unknown,Protected Well,unknown,Rulindo,1,0.3717300062976705,37.2,-1.82619875,30.03388682,Rwanda,Rulindo
8.0,unknown,Protected Well,unknown,Rulindo,1,0.3717300062976705,37.2,-1.82217893,30.03258781,Rwanda,Rulindo
8.0,unknown,Protected Well,unknown,Gicumbi,1,0.2297284038152635,23.0,-1.82632879,30.23234631,Rwanda,Gicumbi
12.0,Hand Pump - India Mark,Borehole/Tubewell,unknown,Kayonza,1,0.003938411475170933,0.4,-1.844016667,30.65996667,Rwanda,Kayonza
36.0,unknown,Protected Well,unknown,Rulindo,1,0.047816261762991585,4.8,-1.7787016666666668,30.0041,Rwanda,Rulindo
8.0,unknown,Protected Well,unknown,Rulindo,1,0.3717300062976705,37.2,-1.760131565,30.07643892,Rwanda,Rulindo
8.0,unknown,Protected Well,unknown,Gicumbi,1,0.2297284038152635,23.0,-1.789318816,30.15553435,Rwanda,Gicumbi
8.0,unknown,Protected Well,unknown,Gicumbi,1,0.2297284038152635,23.0,-1.776647361,30.18354868,Rwanda,Gicumbi
8.0,unknown,Protected Well,unknown,Gicumbi,1,0.2297284038152635,23.0,-1.794902735,30.23401615,Rwanda,Gicumbi
8.0,unknown,Protected Well,unknown,Gicumbi,1,0.2297284038152635,23.0,-1.722111667,30.09012667,Rwanda,Gicumbi
5.0,unknown,Protected Well,unknown,Gicumbi,1,0.022444888892706905,2.2,-1.7053285000000096,30.09154880000001,Rwanda,Gicumbi
5.0,unknown,Protected Well,unknown,Gicumbi,1,0.022444888892706905,2.2,-1.7205430000000173,30.135411599999987,Rwanda,Gicumbi
8.0,unknown,Protected Well,unknown,Gicumbi,1,0.2297284038152635,23.0,-1.704021667,30.21100167,Rwanda,Gicumbi
8.0,unknown,Protected Well,unknown,Rulindo,1,0.3717300062976705,37.2,-1.69499952,30.04009083,Rwanda,Rulindo
38.0,unknown,Protected Well,unknown,Rulindo,1,0.2022139463148589,20.2,-1.6622388888888888,30.028661666666665,Rwanda,Rulindo
8.0,unknown,Protected Well,unknown,Gicumbi,1,0.2297284038152635,23.0,-1.699303959,30.09572243,Rwanda,Gicumbi
8.0,unknown,Protected Well,unknown,Gicumbi,1,0.2297284038152635,23.0,-1.683295504,30.06737859,Rwanda,Gicumbi
8.0,unknown,Protected Well,unknown,Gicumbi,1,0.2297284038152635,23.0,-1.670626667,30.06304833,Rwanda,Gicumbi
8.0,unknown,Protected Well,unknown,Gicumbi,1,0.2297284038152635,23.0,-1.670607731,30.14158083,Rwanda,Gicumbi
8.0,unknown,Protected Well,unknown,Gicumbi,1,0.2297284038152635,23.0,-1.655287849,30.18439544,Rwanda,Gicumbi
12.0,Hand Pump - India Mark,Borehole/Tubewell,unknown,Gatsibo,1,0.6330738677879628,63.3,-1.673,30.392,Rwanda,Gatsibo
8.0,unknown,Protected Well,unknown,Rulindo,1,0.3717300062976705,37.2,-1.629798004,30.018652,Rwanda,Rulindo
8.0,unknown,Protected Well,unknown,Gicumbi,1,0.2297284038152635,23.0,-1.618053418,30.14317585,Rwanda,Gicumbi
8.0,unknown,Protected Well,unknown,Gicumbi,1,0.2297284038152635,23.0,-1.559376667,30.04191667,Rwanda,Gicumbi
8.0,unknown,Protected Well,unknown,Gicumbi,1,0.2297284038152635,23.0,-1.586426906,30.15121251,Rwanda,Gicumbi
8.0,unknown,Protected Well,unknown,Gicumbi,1,0.2297284038152635,23.0,-1.507220131,30.0224866,Rwanda,Gicumbi
7.0,unknown,Borehole/Tubewell,unknown,Ruhango,0,0.48717735444785215,48.7,-2.230026,29.9323,Rwanda,Ruhango
8.0,unknown,Protected Well,unknown,Gicumbi,0,0.2297284038152635,23.0,-1.474053269,29.99499594,Rwanda,Gicumbi
8.0,unknown,Protected Well,unknown,Gicumbi,0,0.2297284038152635,23.0,-1.805915,30.23373167,Rwanda,Gicumbi
5.0,Public Tapstand,unknown,unknown,Rulindo,1,0.42941536887925813,42.9,-1.8228300199999976,29.989636009999998,Rwanda,Rulindo
8.0,Public Tapstand,unknown,unknown,Rulindo,1,0.6088340195620978,60.9,-1.77037035,29.96495631,Rwanda,Rulindo
8.0,Public Tapstand,unknown,unknown,Rulindo,1,0.6088340195620978,60.9,-1.686944299,29.93671113,Rwanda,Rulindo
8.0,Public Tapstand,unknown,unknown,Rulindo,1,0.6088340195620978,60.9,-1.66802627,29.92078488,Rwanda,Rulindo
5.0,Public Tapstand,unknown,unknown,Rulindo,1,0.42941536887925813,42.9,-1.6364273999999979,29.882396499999995,Rwanda,Rulindo
5.0,Public Tapstand,unknown,unknown,Gicumbi,1,0.5911085120721807,59.1,-1.5978716000000062,29.958772800000006,Rwanda,Gicumbi
8.0,Public Tapstand,unknown,unknown,Gicumbi,1,0.6553695175834133,65.5,-1.578006799,29.99982849,Rwanda,Gicumbi
8.0,Public Tapstand,unknown,unknown,Gicumbi,1,0.6553695175834133,65.5,-1.484010353,29.98680145,Rwanda,Gicumbi
8.0,Public Tapstand,unknown,unknown,Kicukiro,1,0.7232419717831573,72.3,-1.97930596,30.09429907,Rwanda,Kicukiro
8.0,Public Tapstand,unknown,unknown,Kicukiro,1,0.7232419717831573,72.3,-2.03281039,30.08043474,Rwanda,Kicukiro
8.0,Public Tapstand,unknown,unknown,Kicukiro,1,0.7232419717831573,72.3,-2.0108834,30.0901682,Rwanda,Kicukiro
8.0,Public Tapstand,unknown,unknown,Kicukiro,1,0.7232419717831573,72.3,-2.0036069,30.17858033,Rwanda,Kicukiro
5.0,Public Tapstand,unknown,unknown,Kicukiro,1,0.4091365696229732,40.9,-2.0311461000000137,30.206742700000007,Rwanda,Kicukiro
8.0,Public Tapstand,unknown,unknown,Rulindo,1,0.6088340195620978,60.9,-1.83262251,29.92886701,Rwanda,Rulindo
5.0,Public Tapstand,unknown,unknown,Rulindo,1,0.42941536887925813,42.9,-1.7954844000000123,29.9317366,Rwanda,Rulindo
5.0,Public Tapstand,unknown,unknown,Rulindo,1,0.42941536887925813,42.9,-1.7878988000000078,29.931399499999994,Rwanda,Rulindo
8.0,Public Tapstand,unknown,unknown,Rulindo,1,0.6088340195620978,60.9,-1.728377024,29.93513375,Rwanda,Rulindo
8.0,Public Tapstand,unknown,unknown,Rulindo,1,0.6088340195620978,60.9,-1.71757314,29.90397737,Rwanda,Rulindo
5.0,Public Tapstand,unknown,unknown,Rulindo,1,0.42941536887925813,42.9,-1.6746408200000094,29.89674880999999,Rwanda,Rulindo
8.0,Public Tapstand,unknown,unknown,Rulindo,1,0.6088340195620978,60.9,-1.67431609,29.95026352,Rwanda,Rulindo
8.0,Public Tapstand,unknown,unknown,Rulindo,1,0.6088340195620978,60.9,-1.665354331,29.98540619,Rwanda,Rulindo
8.0,Public Tapstand,unknown,unknown,Rulindo,1,0.6088340195620978,60.9,-1.645048458,29.87820018,Rwanda,Rulindo
5.0,Public Tapstand,unknown,unknown,Rulindo,1,0.42941536887925813,42.9,-1.6479646000000145,29.918200000000002,Rwanda,Rulindo
8.0,Public Tapstand,unknown,unknown,Gicumbi,1,0.6553695175834133,65.5,-1.599667599,29.99733898,Rwanda,Gicumbi
8.0,Public Tapstand,unknown,unknown,Gicumbi,1,0.6553695175834133,65.5,-1.592369632,29.95869478,Rwanda,Gicumbi
5.0,Public Tapstand,unknown,unknown,Kicukiro,1,0.4091365696229732,40.9,-1.9945964999999979,30.095337400000012,Rwanda,Kicukiro
8.0,Public Tapstand,unknown,unknown,Kicukiro,1,0.7232419717831573,72.3,-1.988065614,30.09486838,Rwanda,Kicukiro
8.0,Public Tapstand,unknown,unknown,Kicukiro,1,0.7232419717831573,72.3,-1.984261484,30.08257736,Rwanda,Kicukiro
13.0,Public Tapstand,Piped Water,unknown,Kicukiro,1,0.8353606985038643,83.5,-1.9841883333333334,30.09806,Rwanda,Kicukiro
21.0,Public Tapstand,Piped Water,unknown,Kicukiro,1,0.8390797724992163,83.9,-1.9790987426575644,30.07289716852551,Rwanda,Kicukiro
13.0,Public Tapstand,Piped Water,unknown,Kicukiro,1,0.8353606985038643,83.5,-1.9748050000000001,30.08186,Rwanda,Kicukiro
8.0,Public Tapstand,unknown,unknown,Kicukiro,1,0.7232419717831573,72.3,-1.96778255,30.07315111,Rwanda,Kicukiro
15.0,Public Tapstand,Piped Water,unknown,Kicukiro,1,0.8515596146646788,85.2,-1.9641099999999998,30.077926666666666,Rwanda,Kicukiro
13.0,Public Tapstand,Piped Water,unknown,Kicukiro,1,0.8353606985038643,83.5,-1.9910266666666667,30.110203333333335,Rwanda,Kicukiro
13.0,Public Tapstand,Piped Water,unknown,Kicukiro,1,0.8353606985038643,83.5,-1.9704422327913922,30.100676907155616,Rwanda,Kicukiro
37.0,Public Tapstand,Piped Water,unknown,Kicukiro,1,0.6365276413621945,63.7,-1.9699016666666664,30.10155666666667,Rwanda,Kicukiro
8.0,Public Tapstand,unknown,unknown,Kicukiro,1,0.7232419717831573,72.3,-1.979039449,30.17781923,Rwanda,Kicukiro
16.0,Public Tapstand,Piped Water,unknown,Kicukiro,1,0.8690474860590316,86.9,-1.9740583333333332,30.16524,Rwanda,Kicukiro
5.0,Public Tapstand,unknown,unknown,Rulindo,1,0.42941536887925813,42.9,-1.8308430000000133,30.02410729999999,Rwanda,Rulindo
5.0,Public Tapstand,unknown,unknown,Gicumbi,1,0.5911085120721807,59.1,-1.817908850000019,30.266611519999987,Rwanda,Gicumbi
8.0,Public Tapstand,unknown,unknown,Rulindo,1,0.6088340195620978,60.9,-1.79496215,30.00604145,Rwanda,Rulindo
5.0,Public Tapstand,unknown,unknown,Rulindo,1,0.42941536887925813,42.9,-1.7554059000000097,30.0733749,Rwanda,Rulindo
8.0,Public Tapstand,unknown,unknown,Rulindo,1,0.6088340195620978,60.9,-1.789558374,30.11509923,Rwanda,Rulindo
8.0,Public Tapstand,unknown,unknown,Rulindo,1,0.6088340195620978,60.9,-1.73684578,30.01081807,Rwanda,Rulindo
8.0,Public Tapstand,unknown,unknown,Rulindo,1,0.6088340195620978,60.9,-1.67016477,30.02751754,Rwanda,Rulindo
8.0,Public Tapstand,unknown,unknown,Rulindo,1,0.6088340195620978,60.9,-1.66902377,30.04119484,Rwanda,Rulindo
8.0,Public Tapstand,unknown,unknown,Rulindo,1,0.6088340195620978,60.9,-1.65234394,30.06329803,Rwanda,Rulindo
8.0,Public Tapstand,unknown,unknown,Gicumbi,1,0.6553695175834133,65.5,-1.637910838,30.00561688,Rwanda,Gicumbi
8.0,Public Tapstand,unknown,unknown,Gicumbi,1,0.6553695175834133,65.5,-1.62172896,30.08561001,Rwanda,Gicumbi
8.0,Public Tapstand,unknown,unknown,Gicumbi,1,0.6553695175834133,65.5,-1.601129596,30.11138096,Rwanda,Gicumbi
8.0,Public Tapstand,unknown,unknown,Gicumbi,1,0.6553695175834133,65.5,-1.623129084,30.18666915,Rwanda,Gicumbi
5.0,Public Tapstand,unknown,unknown,Gicumbi,1,0.5911085120721807,59.1,-1.5948905000000022,30.017987030000004,Rwanda,Gicumbi
8.0,Public Tapstand,unknown,unknown,Gicumbi,1,0.6553695175834133,65.5,-1.576797158,30.02528876,Rwanda,Gicumbi
8.0,Public Tapstand,unknown,unknown,Gicumbi,1,0.6553695175834133,65.5,-1.591517321,30.07761492,Rwanda,Gicumbi
8.0,Public Tapstand,unknown,unknown,Gicumbi,1,0.6553695175834133,65.5,-1.58995019,30.07709821,Rwanda,Gicumbi
8.0,Public Tapstand,unknown,unknown,Gicumbi,1,0.6553695175834133,65.5,-1.584033461,30.07206848,Rwanda,Gicumbi
5.0,Public Tapstand,unknown,unknown,Gicumbi,1,0.5911085120721807,59.1,-1.5746285299999947,30.14165217000001,Rwanda,Gicumbi
5.0,Public Tapstand,unknown,unknown,Gicumbi,1,0.5911085120721807,59.1,-1.5760327699999992,30.157832250000006,Rwanda,Gicumbi
8.0,Public Tapstand,unknown,unknown,Gicumbi,1,0.6553695175834133,65.5,-1.531479806,30.0748548,Rwanda,Gicumbi
5.0,Public Tapstand,unknown,unknown,Gicumbi,1,0.5911085120721807,59.1,-1.529916299999999,30.068900899999996,Rwanda,Gicumbi
8.0,Public Tapstand,unknown,unknown,Gicumbi,1,0.6553695175834133,65.5,-1.52044005,30.103963,Rwanda,Gicumbi
8.0,Public Tapstand,unknown,unknown,Gicumbi,1,0.6553695175834133,65.5,-1.485134817,30.02562025,Rwanda,Gicumbi
5.0,Public Tapstand,unknown,unknown,Gicumbi,1,0.5911085120721807,59.1,-1.469003240000012,30.013188760000006,Rwanda,Gicumbi
8.0,Public Tapstand,unknown,unknown,Gicumbi,1,0.6553695175834133,65.5,-1.453191352,30.09194269,Rwanda,Gicumbi
8.0,Public Tapstand,unknown,unknown,Gicumbi,1,0.6553695175834133,65.5,-1.446441377,30.01824566,Rwanda,Gicumbi
8.0,Public Tapstand,unknown,unknown,Gicumbi,1,0.6553695175834133,65.5,-1.439794779,30.0025079,Rwanda,Gicumbi
5.0,Public Tapstand,unknown,unknown,Gicumbi,1,0.5911085120721807,59.1,-1.4204630299999963,30.02111313999999,Rwanda,Gicumbi
8.0,Public Tapstand,unknown,unknown,Gicumbi,1,0.6553695175834133,65.5,-1.413824083,30.06786148,Rwanda,Gicumbi
8.0,Public Tapstand,unknown,unknown,Kicukiro,0,0.7232419717831573,72.3,-2.02409702,30.19346638,Rwanda,Kicukiro
13.0,Public Tapstand,Piped Water,unknown,Kicukiro,0,0.8353606985038643,83.5,-2.0045216666666668,30.189751666666666,Rwanda,Kicukiro
8.0,Public Tapstand,unknown,unknown,Rulindo,0,0.6088340195620978,60.9,-1.855843961,29.97472799,Rwanda,Rulindo
8.0,Public Tapstand,unknown,unknown,Rulindo,0,0.6088340195620978,60.9,-1.71770382,29.90001555,Rwanda,Rulindo
8.0,Public Tapstand,unknown,unknown,Rulindo,0,0.6088340195620978,60.9,-1.73989927,29.95531535,Rwanda,Rulindo
5.0,Public Tapstand,unknown,unknown,Rulindo,0,0.42941536887925813,42.9,-1.7144786500000162,29.990433239999998,Rwanda,Rulindo
8.0,Public Tapstand,unknown,unknown,Rulindo,0,0.6088340195620978,60.9,-1.664171615,29.96211992,Rwanda,Rulindo
8.0,Public Tapstand,unknown,unknown,Gicumbi,0,0.6553695175834133,65.5,-1.623538619,29.99365324,Rwanda,Gicumbi
5.0,Public Tapstand,unknown,unknown,Gicumbi,0,0.5911085120721807,59.1,-1.598190200000004,29.94964699999999,Rwanda,Gicumbi
8.0,Public Tapstand,unknown,unknown,Kicukiro,0,0.7232419717831573,72.3,-1.980577807,30.07772149,Rwanda,Kicukiro
26.0,Public Tapstand,Piped Water,unknown,Kicukiro,0,0.8466432596655176,84.7,-1.9754766666666668,30.092566666666666,Rwanda,Kicukiro
13.0,Public Tapstand,Piped Water,unknown,Kicukiro,0,0.8353606985038643,83.5,-1.9742916666666668,30.071931666666668,Rwanda,Kicukiro
16.0,Public Tapstand,Piped Water,unknown,Kicukiro,0,0.8690474860590316,86.9,-1.978486666666667,30.149291666666667,Rwanda,Kicukiro
39.0,Public Tapstand,Piped Water,unknown,Kicukiro,0,0.6958442034893404,69.6,-1.9705550000000003,30.104674999999997,Rwanda,Kicukiro
21.0,Public Tapstand,Piped Water,unknown,Kicukiro,0,0.8390797724992163,83.9,-1.9886283333333332,30.1535,Rwanda,Kicukiro
8.0,unknown,Protected Well,unknown,Rulindo,1,0.3717300062976705,37.2,-1.673041865,30.05406889,Rwanda,Rulindo
5.0,Public Tapstand,unknown,unknown,Gicumbi,0,0.5911085120721807,59.1,-1.7305313299999976,30.148367570000016,Rwanda,Gicumbi
8.0,Public Tapstand,unknown,unknown,Gicumbi,0,0.6553695175834133,65.5,-1.713219104,30.18353255,Rwanda,Gicumbi
8.0,Public Tapstand,unknown,unknown,Gicumbi,0,0.6553695175834133,65.5,-1.675640891,30.18856922,Rwanda,Gicumbi
8.0,Public Tapstand,unknown,unknown,Gicumbi,0,0.6553695175834133,65.5,-1.698644552,30.23042383,Rwanda,Gicumbi
8.0,Public Tapstand,unknown,unknown,Gicumbi,0,0.6553695175834133,65.5,-1.564436752,30.11228877,Rwanda,Gicumbi
5.0,Public Tapstand,unknown,unknown,Gicumbi,0,0.5911085120721807,59.1,-1.5052081000000015,30.073175800000005,Rwanda,Gicumbi
12.0,Hand Pump - Afridev,Borehole/Tubewell,unknown,Nyamasheke,1,0.0,0.0,-2.284966667,29.28676667,Rwanda,Nyamasheke
13.0,Hand Pump - India Mark,Borehole/Tubewell,unknown,Ruhango,1,0.0020853598464104506,0.2,-2.268316667,29.78,Rwanda,Ruhango
8.0,unknown,Borehole/Tubewell,unknown,Ruhango,1,0.5254922320723927,52.5,-2.263534,29.792441,Rwanda,Ruhango
8.0,unknown,Protected Well,unknown,Gicumbi,1,0.2297284038152635,23.0,-1.471137722,30.03821837,Rwanda,Gicumbi
9.0,unknown,Borehole/Tubewell,unknown,Ruhango,1,0.07154885884147266,7.2,-2.208983,29.7675,Rwanda,Ruhango
11.0,unknown,Protected Well,unknown,Ruhango,1,0.13895593712574172,13.9,-2.2185667,29.80355,Rwanda,Ruhango
6.0,unknown,Borehole/Tubewell,unknown,Ruhango,1,0.4164175432483329,41.6,-2.150002,29.75674,Rwanda,Ruhango
7.0,unknown,Borehole/Tubewell,unknown,Ruhango,1,0.48717735444785215,48.7,-2.194399,29.908555,Rwanda,Ruhango
8.0,unknown,Borehole/Tubewell,unknown,Kicukiro,0,0.6197636852464401,62.0,-2.016995,30.08223,Rwanda,Kicukiro
11.0,unknown,Borehole/Tubewell,unknown,Ruhango,1,0.2693795604794176,26.9,-2.1338167,29.8631333,Rwanda,Ruhango
6.0,unknown,Borehole/Tubewell,unknown,Bugesera,1,0.016562739379796243,1.7,-2.37328,30.13014,Rwanda,Bugesera
13.0,Hand Pump - Afridev,Borehole/Tubewell,unknown,Nyarugenge,1,0.0003591531394124825,0.0,-2.054033333,30.07655,Rwanda,Nyarugenge
8.0,unknown,Protected Well,unknown,Rulindo,1,0.3717300062976705,37.2,-1.901667295,29.97496109,Rwanda,Rulindo
5.0,unknown,Protected Well,unknown,Rulindo,1,0.008564511579654988,0.9,-1.8405320000000172,29.948223400000007,Rwanda,Rulindo
8.0,unknown,Protected Well,unknown,Rulindo,1,0.3717300062976705,37.2,-1.82503416,29.92511338,Rwanda,Rulindo
8.0,unknown,Protected Well,unknown,Gasabo,1,0.04983686489004702,5.0,-1.844171633,29.99634186,Rwanda,Gasabo
8.0,unknown,Protected Well,unknown,Rulindo,1,0.3717300062976705,37.2,-1.83465642,29.98671585,Rwanda,Rulindo
5.0,Public Tapstand,Protected Well,unknown,Rulindo,1,0.4668699370214914,46.7,-1.8327884100000185,29.994780240000004,Rwanda,Rulindo
27.0,unknown,Protected Well,unknown,Rulindo,1,0.11226564839472719,11.2,-1.80144284949949,29.9910494588496,Rwanda,Rulindo
8.0,unknown,Protected Well,unknown,Rulindo,1,0.3717300062976705,37.2,-1.793609719,29.93777751,Rwanda,Rulindo
5.0,unknown,Protected Well,unknown,Rulindo,1,0.008564511579654988,0.9,-1.761172600000008,29.931912999999998,Rwanda,Rulindo
8.0,Public Tapstand,Protected Well,unknown,Rulindo,1,0.3043943914691625,30.4,-1.79831723,29.99203347,Rwanda,Rulindo
8.0,unknown,Protected Well,unknown,Rulindo,1,0.3717300062976705,37.2,-1.78651604,29.9743231,Rwanda,Rulindo
8.0,unknown,Protected Well,unknown,Rulindo,1,0.3717300062976705,37.2,-1.767057201,29.98244653,Rwanda,Rulindo
8.0,unknown,Protected Well,unknown,Rulindo,1,0.3717300062976705,37.2,-1.758726974,29.97651169,Rwanda,Rulindo
27.0,unknown,Protected Well,unknown,Rulindo,1,0.11226564839472719,11.2,-1.7261786111111113,29.92610388888889,Rwanda,Rulindo
8.0,unknown,Protected Well,unknown,Rulindo,1,0.3717300062976705,37.2,-1.7409916,29.97216592,Rwanda,Rulindo
8.0,unknown,Protected Well,unknown,Rulindo,1,0.3717300062976705,37.2,-1.730816561,29.98258089,Rwanda,Rulindo
8.0,unknown,Protected Well,unknown,Rulindo,1,0.3717300062976705,37.2,-1.668309345,29.89769022,Rwanda,Rulindo
8.0,unknown,Protected Well,unknown,Rulindo,1,0.3717300062976705,37.2,-1.695594469,29.92304809,Rwanda,Rulindo
8.0,unknown,Protected Well,unknown,Rulindo,1,0.3717300062976705,37.2,-1.672959872,29.91599756,Rwanda,Rulindo
28.0,unknown,Protected Well,unknown,Rulindo,1,0.08387280796021801,8.4,-1.66729378,29.92142079,Rwanda,Rulindo
8.0,unknown,Protected Well,unknown,Rulindo,1,0.3717300062976705,37.2,-1.65193414,29.91020533,Rwanda,Rulindo
5.0,unknown,Protected Well,unknown,Rulindo,1,0.008564511579654988,0.9,-1.6997501000000104,29.964473099999996,Rwanda,Rulindo
8.0,unknown,Protected Well,unknown,Rulindo,1,0.3717300062976705,37.2,-1.684630766,29.95737774,Rwanda,Rulindo
5.0,unknown,Protected Well,unknown,Rulindo,1,0.008564511579654988,0.9,-1.6788149000000083,29.977802800000013,Rwanda,Rulindo
5.0,unknown,Protected Well,unknown,Rulindo,1,0.008564511579654988,0.9,-1.6744413000000073,29.962551799999982,Rwanda,Rulindo
11.0,unknown,Protected Well,unknown,Rulindo,1,0.5274148456124939,52.7,-1.671142222222222,29.97522083333333,Rwanda,Rulindo
8.0,unknown,Protected Well,unknown,Rulindo,1,0.3717300062976705,37.2,-1.64931233,29.88184404,Rwanda,Rulindo
8.0,unknown,Protected Well,unknown,Rulindo,1,0.3717300062976705,37.2,-1.631168841,29.8941511,Rwanda,Rulindo
8.0,unknown,Protected Well,unknown,Rulindo,1,0.3717300062976705,37.2,-1.61294752,29.86894495,Rwanda,Rulindo
8.0,unknown,Protected Well,unknown,Rulindo,1,0.3717300062976705,37.2,-1.63043708,29.90349714,Rwanda,Rulindo
8.0,unknown,Protected Well,unknown,Rulindo,1,0.3717300062976705,37.2,-1.64374857,29.97396694,Rwanda,Rulindo
8.0,unknown,Protected Well,unknown,Gicumbi,1,0.2297284038152635,23.0,-1.621235678,29.96853241,Rwanda,Gicumbi
8.0,unknown,Protected Well,unknown,Gicumbi,1,0.2297284038152635,23.0,-1.59523815,29.95370058,Rwanda,Gicumbi
8.0,unknown,Protected Well,unknown,Gicumbi,1,0.2297284038152635,23.0,-1.530951097,29.96557322,Rwanda,Gicumbi
8.0,unknown,Rainwater Harvesting,unknown,Kicukiro,1,0.381386075365046,38.1,-1.972213894,30.13976259,Rwanda,Kicukiro
8.0,unknown,Protected Well,unknown,Gicumbi,1,0.2297284038152635,23.0,-1.836576402,30.24234252,Rwanda,Gicumbi
8.0,unknown,Protected Well,unknown,Rulindo,1,0.3717300062976705,37.2,-1.793550093,30.07958695,Rwanda,Rulindo
8.0,unknown,Protected Well,unknown,Gicumbi,1,0.2297284038152635,23.0,-1.760814202,30.12240955,Rwanda,Gicumbi
8.0,unknown,Protected Well,unknown,Gicumbi,1,0.2297284038152635,23.0,-1.783916667,30.210525,Rwanda,Gicumbi
8.0,unknown,Protected Well,unknown,Gicumbi,1,0.2297284038152635,23.0,-1.75993272,30.20705004,Rwanda,Gicumbi
78.0,unknown,Protected Well,unknown,Rulindo,1,0.008937167408904712,0.9,-1.704337631,30.02081933,Rwanda,Rulindo
5.0,unknown,Protected Well,unknown,Rulindo,1,0.008564511579654988,0.9,-1.7004177400000182,30.043595589999992,Rwanda,Rulindo
8.0,unknown,Protected Well,unknown,Gicumbi,1,0.2297284038152635,23.0,-1.705791165,30.07909118,Rwanda,Gicumbi
8.0,unknown,Protected Well,unknown,Gicumbi,1,0.2297284038152635,23.0,-1.746774614,30.24279984,Rwanda,Gicumbi
8.0,unknown,Protected Well,unknown,Rulindo,1,0.3717300062976705,37.2,-1.699433085,30.02396018,Rwanda,Rulindo
8.0,unknown,Protected Well,unknown,Rulindo,1,0.3717300062976705,37.2,-1.683657213,30.04610749,Rwanda,Rulindo
8.0,unknown,Protected Well,unknown,Gicumbi,1,0.2297284038152635,23.0,-1.685375,30.07821667,Rwanda,Gicumbi
8.0,unknown,Protected Well,unknown,Gicumbi,1,0.2297284038152635,23.0,-1.663620029,30.08675305,Rwanda,Gicumbi
8.0,unknown,Protected Well,unknown,Gicumbi,1,0.2297284038152635,23.0,-1.6619708,30.09689136,Rwanda,Gicumbi
8.0,unknown,Protected Well,unknown,Gicumbi,1,0.2297284038152635,23.0,-1.650894685,30.1521814,Rwanda,Gicumbi
8.0,unknown,Protected Well,unknown,Rulindo,1,0.3717300062976705,37.2,-1.63893787,30.02783846,Rwanda,Rulindo
8.0,unknown,Protected Well,unknown,Rulindo,1,0.3717300062976705,37.2,-1.626843377,30.03473011,Rwanda,Rulindo
5.0,unknown,Protected Well,unknown,Gicumbi,1,0.022444888892706905,2.2,-1.6032511900000084,30.036032779999992,Rwanda,Gicumbi
8.0,unknown,Protected Well,unknown,Gicumbi,1,0.2297284038152635,23.0,-1.626504994,30.11216424,Rwanda,Gicumbi
8.0,unknown,Protected Well,unknown,Gicumbi,1,0.2297284038152635,23.0,-1.60682855,30.16380642,Rwanda,Gicumbi
5.0,unknown,Protected Well,unknown,Gicumbi,1,0.022444888892706905,2.2,-1.5592269000000165,30.124095569999994,Rwanda,Gicumbi
8.0,unknown,Protected Well,unknown,Gicumbi,1,0.2297284038152635,23.0,-1.53532376,30.01190304,Rwanda,Gicumbi
8.0,unknown,Protected Well,unknown,Gicumbi,1,0.2297284038152635,23.0,-1.51299325,30.01692006,Rwanda,Gicumbi
5.0,Public Tapstand,Protected Well,unknown,Gicumbi,1,0.07707408005917082,7.7,-1.462053239999999,30.040723879999987,Rwanda,Gicumbi
8.0,unknown,Protected Well,unknown,Gicumbi,1,0.2297284038152635,23.0,-1.48349262,30.06633486,Rwanda,Gicumbi
8.0,unknown,Protected Well,unknown,Gicumbi,1,0.2297284038152635,23.0,-1.47161,30.05047333,Rwanda,Gicumbi
8.0,unknown,Protected Well,unknown,Gicumbi,1,0.2297284038152635,23.0,-1.448176667,30.03077167,Rwanda,Gicumbi
8.0,Hand Pump - Afridev,Protected Well,unknown,Gicumbi,1,0.16413721935290904,16.4,-1.444618115,30.08855598,Rwanda,Gicumbi
12.0,unknown,Protected Spring,unknown,Huye,0,0.9999482381047183,100.0,-2.472413,29.648,Rwanda,Huye
6.0,unknown,Borehole/Tubewell,unknown,Ruhango,0,0.4164175432483329,41.6,-2.155415,29.77732,Rwanda,Ruhango
7.0,unknown,Borehole/Tubewell,unknown,Ngoma,0,0.4828641480339141,48.3,-2.23408,30.44184,Rwanda,Ngoma
8.0,Hand Pump - Afridev,Protected Well,unknown,Kicukiro,0,0.524852267887464,52.5,-2.04918993,30.11375109,Rwanda,Kicukiro
8.0,unknown,Protected Well,unknown,Rulindo,0,0.3717300062976705,37.2,-1.83662693,29.99488322,Rwanda,Rulindo
8.0,unknown,Protected Well,unknown,Rulindo,0,0.3717300062976705,37.2,-1.771968524,29.96294903,Rwanda,Rulindo
8.0,unknown,Borehole/Tubewell,unknown,Rulindo,0,0.8577199803654709,85.8,-1.7430333333333332,29.920613333333336,Rwanda,Rulindo
5.0,Public Tapstand,Protected Well,unknown,Rulindo,0,0.4668699370214914,46.7,-1.7213443000000102,29.92153490000001,Rwanda,Rulindo
8.0,unknown,Protected Well,unknown,Rulindo,0,0.3717300062976705,37.2,-1.74182936,29.97134849,Rwanda,Rulindo
8.0,unknown,Protected Spring,unknown,Gakenke,0,0.8401128794252191,84.0,-1.68654,29.7528,Rwanda,Gakenke
8.0,unknown,Protected Well,unknown,Rulindo,0,0.3717300062976705,37.2,-1.7725950000000004,30.058410000000002,Rwanda,Rulindo
8.0,unknown,Protected Well,unknown,Gicumbi,0,0.2297284038152635,23.0,-1.698820494,30.17991886,Rwanda,Gicumbi
8.0,unknown,Protected Well,unknown,Gicumbi,1,0.2297284038152635,23.0,-1.661919847,30.11945701,Rwanda,Gicumbi
